{
    "Objects": [
        {
            "Name": "Terrain",
            "Rotate": [
                0.0,
                0.0,
                0.0
            ],
            "Scale": [
                1.0,
                1.0,
                1.0
            ],
            "Translate": [
                -14.724479675292969,
                0.0,
                0.0
            ]
        },
        {
            "Name": "Plane",
            "Rotate": [
                0.0,
                0.0,
                0.0
            ],
            "Scale": [
                1.0,
                1.0,
                1.0
            ],
            "Translate": [
                0.0,
                4.440828323364258,
                0.0
            ]
        }
    ]
}