{
    "Objects": [
        {
            "Name": "terrain",
            "Rotate": [
                0.0,
                0.0,
                0.0
            ],
            "Scale": [
                1.0,
                1.0,
                1.0
            ],
            "Translate": [
                0.0,
                3.1448166370391846,
                0.0
            ]
        },
        {
            "Name": "star",
            "Rotate": [
                0.0,
                0.0,
                0.0
            ],
            "Scale": [
                1.0931414365768433,
                0.887219250202179,
                0.9999976754188538
            ],
            "Translate": [
                1.3119962215423584,
                -4.198771953582764,
                -0.11847114562988281
            ]
        }
    ]
}