# KohakuEngine ice jellyfish. Y up; tentacle pivot at root, length along -Y.
mtllib IceJellyfish.mtl
o IceJellyfishBell
usemtl JellyfishIce
s off
v 0.0000000 12.0000000 0.0000000
vt 0.5000000 0.5000000
vn -0.0054097 0.7928697 0.6093673
v 4.3523765 11.5335035 0.6456141
vt 0.5989176 0.5146730
vn -0.0054097 0.7928697 0.6093673
v 4.3947001 11.8640547 0.2158978
vt 0.5998795 0.5049068
vn -0.0054097 0.7928697 0.6093673
f 1/1/1 2/2/2 3/3/3
v 0.0000000 12.0000000 0.0000000
vt 0.5000000 0.5000000
vn 0.1182889 0.9895523 -0.0824253
v 4.2681375 11.5788488 1.0691128
vt 0.5970031 0.5242980
vn 0.1182889 0.9895523 -0.0824253
v 4.3523765 11.5335035 0.6456141
vt 0.5989176 0.5146730
vn 0.1182889 0.9895523 -0.0824253
f 4/4/4 5/5/5 6/6/6
v 0.0000000 12.0000000 0.0000000
vt 0.5000000 0.5000000
vn 0.2180358 0.8035098 -0.5539247
v 4.1427937 11.8977156 1.4823153
vt 0.5941544 0.5336890
vn 0.2180358 0.8035098 -0.5539247
v 4.2681375 11.5788488 1.0691128
vt 0.5970031 0.5242980
vn 0.2180358 0.8035098 -0.5539247
f 7/7/7 8/8/8 9/9/9
v 0.0000000 12.0000000 0.0000000
vt 0.5000000 0.5000000
vn -0.0748573 0.9584262 0.2753465
v 3.9775529 11.7702017 1.8812424
vt 0.5903989 0.5427555
vn -0.0748573 0.9584262 0.2753465
v 4.1427937 11.8977156 1.4823153
vt 0.5941544 0.5336890
vn -0.0748573 0.9584262 0.2753465
f 10/10/10 11/11/11 12/12/12
v 0.0000000 12.0000000 0.0000000
vt 0.5000000 0.5000000
vn -0.1974482 0.8316232 0.5190540
v 3.7740059 11.4841938 2.2620521
vt 0.5857729 0.5514103
vn -0.1974482 0.8316232 0.5190540
v 3.9775529 11.7702017 1.8812424
vt 0.5903989 0.5427555
vn -0.1974482 0.8316232 0.5190540
f 13/13/13 14/14/14 15/15/15
v 0.0000000 12.0000000 0.0000000
vt 0.5000000 0.5000000
vn 0.3047538 0.9031099 -0.3025187
v 3.5341132 11.6854095 2.6210768
vt 0.5803208 0.5595699
vn 0.3047538 0.9031099 -0.3025187
v 3.7740059 11.4841938 2.2620521
vt 0.5857729 0.5514103
vn 0.3047538 0.9031099 -0.3025187
f 16/16/16 17/17/17 18/18/18
v 0.0000000 12.0000000 0.0000000
vt 0.5000000 0.5000000
vn 0.3326983 0.8783788 -0.3431657
v 3.2601850 11.9195662 2.9548595
vt 0.5740951 0.5671559
vn 0.3326983 0.8783788 -0.3431657
v 3.5341132 11.6854095 2.6210768
vt 0.5803208 0.5595699
vn 0.3326983 0.8783788 -0.3431657
f 19/19/19 20/20/20 21/21/21
v 0.0000000 12.0000000 0.0000000
vt 0.5000000 0.5000000
vn -0.3370000 0.8545986 0.3950852
v 2.9548595 11.6580114 3.2601850
vt 0.5671559 0.5740951
vn -0.3370000 0.8545986 0.3950852
v 3.2601850 11.9195662 2.9548595
vt 0.5740951 0.5671559
vn -0.3370000 0.8545986 0.3950852
f 22/22/22 23/23/23 24/24/24
v 0.0000000 12.0000000 0.0000000
vt 0.5000000 0.5000000
vn -0.2203104 0.9290714 0.2971359
v 2.6210768 11.4912539 3.5341132
vt 0.5595699 0.5803208
vn -0.2203104 0.9290714 0.2971359
v 2.9548595 11.6580114 3.2601850
vt 0.5671559 0.5740951
vn -0.2203104 0.9290714 0.2971359
f 25/25/25 26/26/26 27/27/27
v 0.0000000 12.0000000 0.0000000
vt 0.5000000 0.5000000
vn 0.5149087 0.8154193 -0.2645003
v 2.2620521 11.7957802 3.7740059
vt 0.5514103 0.5857729
vn 0.5149087 0.8154193 -0.2645003
v 2.6210768 11.4912539 3.5341132
vt 0.5595699 0.5803208
vn 0.5149087 0.8154193 -0.2645003
f 28/28/28 29/29/29 30/30/30
v 0.0000000 12.0000000 0.0000000
vt 0.5000000 0.5000000
vn 0.1933616 0.9791083 -0.0629148
v 1.8812424 11.8840647 3.9775529
vt 0.5427555 0.5903989
vn 0.1933616 0.9791083 -0.0629148
v 2.2620521 11.7957802 3.7740059
vt 0.5514103 0.5857729
vn 0.1933616 0.9791083 -0.0629148
f 31/31/31 32/32/32 33/33/33
v 0.0000000 12.0000000 0.0000000
vt 0.5000000 0.5000000
vn -0.5379708 0.7959291 0.2776405
v 1.4823153 11.5567884 4.1427937
vt 0.5336890 0.5941544
vn -0.5379708 0.7959291 0.2776405
v 1.8812424 11.8840647 3.9775529
vt 0.5427555 0.5903989
vn -0.5379708 0.7959291 0.2776405
f 34/34/34 35/35/35 36/36/36
v 0.0000000 12.0000000 0.0000000
vt 0.5000000 0.5000000
vn 0.0205500 0.9948671 0.0990817
v 1.0691128 11.5528402 4.2681375
vt 0.5242980 0.5970031
vn 0.0205500 0.9948671 0.0990817
v 1.4823153 11.5567884 4.1427937
vt 0.5336890 0.5941544
vn 0.0205500 0.9948671 0.0990817
f 37/37/37 38/38/38 39/39/39
v 0.0000000 12.0000000 0.0000000
vt 0.5000000 0.5000000
vn 0.6028134 0.7950043 -0.0677067
v 0.6456141 11.8811331 4.3523765
vt 0.5146730 0.5989176
vn 0.6028134 0.7950043 -0.0677067
v 1.0691128 11.5528402 4.2681375
vt 0.5242980 0.5970031
vn 0.6028134 0.7950043 -0.0677067
f 40/40/40 41/41/41 42/42/42
v 0.0000000 12.0000000 0.0000000
vt 0.5000000 0.5000000
vn -0.1791139 0.9823781 0.0533986
v 0.2158978 11.8004837 4.3947001
vt 0.5049068 0.5998795
vn -0.1791139 0.9823781 0.0533986
v 0.6456141 11.8811331 4.3523765
vt 0.5146730 0.5989176
vn -0.1791139 0.9823781 0.0533986
f 43/43/43 44/44/44 45/45/45
v 0.0000000 12.0000000 0.0000000
vt 0.5000000 0.5000000
vn -0.5788552 0.8128085 0.0653383
v -0.2158978 11.4929733 4.3947001
vt 0.4950932 0.5998795
vn -0.5788552 0.8128085 0.0653383
v 0.2158978 11.8004837 4.3947001
vt 0.5049068 0.5998795
vn -0.5788552 0.8128085 0.0653383
f 46/46/46 47/47/47 48/48/48
v 0.0000000 12.0000000 0.0000000
vt 0.5000000 0.5000000
vn 0.3352569 0.9339021 0.1242166
v -0.6456141 11.6528645 4.3523765
vt 0.4853270 0.5989176
vn 0.3352569 0.9339021 0.1242166
v -0.2158978 11.4929733 4.3947001
vt 0.4950932 0.5998795
vn 0.3352569 0.9339021 0.1242166
f 49/49/49 50/50/50 51/51/51
v 0.0000000 12.0000000 0.0000000
vt 0.5000000 0.5000000
vn 0.5063323 0.8504101 0.1429341
v -1.0691128 11.9191732 4.2681375
vt 0.4757020 0.5970031
vn 0.5063323 0.8504101 0.1429341
v -0.6456141 11.6528645 4.3523765
vt 0.4853270 0.5989176
vn 0.5063323 0.8504101 0.1429341
f 52/52/52 53/53/53 54/54/54
v 0.0000000 12.0000000 0.0000000
vt 0.5000000 0.5000000
vn -0.4586531 0.8831770 -0.0981617
v -1.4823153 11.6906567 4.1427937
vt 0.4663110 0.5941544
vn -0.4586531 0.8831770 -0.0981617
v -1.0691128 11.9191732 4.2681375
vt 0.4757020 0.5970031
vn -0.4586531 0.8831770 -0.0981617
f 55/55/55 56/56/56 57/57/57
v 0.0000000 12.0000000 0.0000000
vt 0.5000000 0.5000000
vn -0.4309205 0.8981748 -0.0871189
v -1.8812424 11.4832344 3.9775529
vt 0.4572445 0.5903989
vn -0.4309205 0.8981748 -0.0871189
v -1.4823153 11.6906567 4.1427937
vt 0.4663110 0.5941544
vn -0.4309205 0.8981748 -0.0871189
f 58/58/58 59/59/59 60/60/60
v 0.0000000 12.0000000 0.0000000
vt 0.5000000 0.5000000
vn 0.4473029 0.8351530 0.3200620
v -2.2620521 11.7652006 3.7740059
vt 0.4485897 0.5857729
vn 0.4473029 0.8351530 0.3200620
v -1.8812424 11.4832344 3.9775529
vt 0.4572445 0.5903989
vn 0.4473029 0.8351530 0.3200620
f 61/61/61 62/62/62 63/63/63
v 0.0000000 12.0000000 0.0000000
vt 0.5000000 0.5000000
vn 0.2273642 0.9539578 0.1956272
v -2.6210768 11.8999643 3.5341132
vt 0.4404301 0.5803208
vn 0.2273642 0.9539578 0.1956272
v -2.2620521 11.7652006 3.7740059
vt 0.4485897 0.5857729
vn 0.2273642 0.9539578 0.1956272
f 64/64/64 65/65/65 66/66/66
v 0.0000000 12.0000000 0.0000000
vt 0.5000000 0.5000000
vn -0.4867014 0.8054610 -0.3381631
v -2.9548595 11.5832701 3.2601850
vt 0.4328441 0.5740951
vn -0.4867014 0.8054610 -0.3381631
v -2.6210768 11.8999643 3.5341132
vt 0.4404301 0.5803208
vn -0.4867014 0.8054610 -0.3381631
f 67/67/67 68/68/68 69/69/69
v 0.0000000 12.0000000 0.0000000
vt 0.5000000 0.5000000
vn -0.1564044 0.9875711 -0.0155214
v -3.2601850 11.5301161 2.9548595
vt 0.4259049 0.5671559
vn -0.1564044 0.9875711 -0.0155214
v -2.9548595 11.5832701 3.2601850
vt 0.4328441 0.5740951
vn -0.1564044 0.9875711 -0.0155214
f 70/70/70 71/71/71 72/72/72
v 0.0000000 12.0000000 0.0000000
vt 0.5000000 0.5000000
vn 0.3424234 0.7929842 0.5039069
v -3.5341132 11.8605070 2.6210768
vt 0.4196792 0.5595699
vn 0.3424234 0.7929842 0.5039069
v -3.2601850 11.5301161 2.9548595
vt 0.4259049 0.5671559
vn 0.3424234 0.7929842 0.5039069
f 73/73/73 74/74/74 75/75/75
v 0.0000000 12.0000000 0.0000000
vt 0.5000000 0.5000000
vn -0.0703323 0.9966478 -0.0417909
v -3.7740059 11.8285236 2.2620521
vt 0.4142271 0.5514103
vn -0.0703323 0.9966478 -0.0417909
v -3.5341132 11.8605070 2.6210768
vt 0.4196792 0.5595699
vn -0.0703323 0.9966478 -0.0417909
f 76/76/76 77/77/77 78/78/78
v 0.0000000 12.0000000 0.0000000
vt 0.5000000 0.5000000
vn -0.3347608 0.8000396 -0.4978672
v -3.9775529 11.5063744 1.8812424
vt 0.4096011 0.5427555
vn -0.3347608 0.8000396 -0.4978672
v -3.7740059 11.8285236 2.2620521
vt 0.4142271 0.5514103
vn -0.3347608 0.8000396 -0.4978672
f 79/79/79 80/80/80 81/81/81
v 0.0000000 12.0000000 0.0000000
vt 0.5000000 0.5000000
vn 0.0098432 0.9619044 0.2732089
v -4.1427937 11.6213722 1.4823153
vt 0.4058456 0.5336890
vn 0.0098432 0.9619044 0.2732089
v -3.9775529 11.5063744 1.8812424
vt 0.4096011 0.5427555
vn 0.0098432 0.9619044 0.2732089
f 82/82/82 83/83/83 84/84/84
v 0.0000000 12.0000000 0.0000000
vt 0.5000000 0.5000000
vn 0.1208021 0.8271193 0.5488903
v -4.2681375 11.9138870 1.0691128
vt 0.4029969 0.5242980
vn 0.1208021 0.8271193 0.5488903
v -4.1427937 11.6213722 1.4823153
vt 0.4058456 0.5336890
vn 0.1208021 0.8271193 0.5488903
f 85/85/85 86/86/86 87/87/87
v 0.0000000 12.0000000 0.0000000
vt 0.5000000 0.5000000
vn -0.1156445 0.9143626 -0.3880303
v -4.3523765 11.7235117 0.6456141
vt 0.4010824 0.5146730
vn -0.1156445 0.9143626 -0.3880303
v -4.2681375 11.9138870 1.0691128
vt 0.4029969 0.5242980
vn -0.1156445 0.9143626 -0.3880303
f 88/88/88 89/89/89 90/90/90
v 0.0000000 12.0000000 0.0000000
vt 0.5000000 0.5000000
vn -0.1262985 0.8683804 -0.4795456
v -4.3947001 11.4800539 0.2158978
vt 0.4001205 0.5049068
vn -0.1262985 0.8683804 -0.4795456
v -4.3523765 11.7235117 0.6456141
vt 0.4010824 0.5146730
vn -0.1262985 0.8683804 -0.4795456
f 91/91/91 92/92/92 93/93/93
v 0.0000000 12.0000000 0.0000000
vt 0.5000000 0.5000000
vn -0.0769956 0.8601454 0.5042039
v -4.3947001 11.7331657 -0.2158978
vt 0.4001205 0.4950932
vn -0.0769956 0.8601454 0.5042039
v -4.3947001 11.4800539 0.2158978
vt 0.4001205 0.5049068
vn -0.0769956 0.8601454 0.5042039
f 94/94/94 95/95/95 96/96/96
v 0.0000000 12.0000000 0.0000000
vt 0.5000000 0.5000000
vn -0.0745459 0.9237041 0.3757840
v -4.3523765 11.9113998 -0.6456141
vt 0.4010824 0.4853270
vn -0.0745459 0.9237041 0.3757840
v -4.3947001 11.7331657 -0.2158978
vt 0.4001205 0.4950932
vn -0.0745459 0.9237041 0.3757840
f 97/97/97 98/98/98 99/99/99
v 0.0000000 12.0000000 0.0000000
vt 0.5000000 0.5000000
vn 0.0673190 0.8212830 -0.5665354
v -4.2681375 11.6123581 -1.0691128
vt 0.4029969 0.4757020
vn 0.0673190 0.8212830 -0.5665354
v -4.3523765 11.9113998 -0.6456141
vt 0.4010824 0.4853270
vn 0.0673190 0.8212830 -0.5665354
f 100/100/100 101/101/101 102/102/102
v 0.0000000 12.0000000 0.0000000
vt 0.5000000 0.5000000
vn -0.0265599 0.9690741 -0.2453364
v -4.1427937 11.5111847 -1.4823153
vt 0.4058456 0.4663110
vn -0.0265599 0.9690741 -0.2453364
v -4.2681375 11.6123581 -1.0691128
vt 0.4029969 0.4757020
vn -0.0265599 0.9690741 -0.2453364
f 103/103/103 104/104/104 105/105/105
v 0.0000000 12.0000000 0.0000000
vt 0.5000000 0.5000000
vn -0.2844766 0.7974733 0.5320804
v -3.9775529 11.8362970 -1.8812424
vt 0.4096011 0.4572445
vn -0.2844766 0.7974733 0.5320804
v -4.1427937 11.5111847 -1.4823153
vt 0.4058456 0.4663110
vn -0.2844766 0.7974733 0.5320804
f 106/106/106 107/107/107 108/108/108
v 0.0000000 12.0000000 0.0000000
vt 0.5000000 0.5000000
vn -0.0500259 0.9985695 0.0188768
v -3.7740059 11.8536930 -2.2620521
vt 0.4142271 0.4485897
vn -0.0500259 0.9985695 0.0188768
v -3.9775529 11.8362970 -1.8812424
vt 0.4096011 0.4572445
vn -0.0500259 0.9985695 0.0188768
f 109/109/109 110/110/110 111/111/111
v 0.0000000 12.0000000 0.0000000
vt 0.5000000 0.5000000
vn 0.2898470 0.7936359 -0.5349120
v -3.5341132 11.5240974 -2.6210768
vt 0.4196792 0.4404301
vn 0.2898470 0.7936359 -0.5349120
v -3.7740059 11.8536930 -2.2620521
vt 0.4142271 0.4485897
vn 0.2898470 0.7936359 -0.5349120
f 112/112/112 113/113/113 114/114/114
v 0.0000000 12.0000000 0.0000000
vt 0.5000000 0.5000000
vn -0.1740117 0.9831431 0.0561207
v -3.2601850 11.5916348 -2.9548595
vt 0.4259049 0.4328441
vn -0.1740117 0.9831431 0.0561207
v -3.5341132 11.5240974 -2.6210768
vt 0.4196792 0.4404301
vn -0.1740117 0.9831431 0.0561207
f 115/115/115 116/116/116 117/117/117
v 0.0000000 12.0000000 0.0000000
vt 0.5000000 0.5000000
vn -0.4467107 0.8095011 0.3809952
v -2.9548595 11.9038267 -3.2601850
vt 0.4328441 0.4259049
vn -0.4467107 0.8095011 0.3809952
v -3.2601850 11.5916348 -2.9548595
vt 0.4259049 0.4328441
vn -0.4467107 0.8095011 0.3809952
f 118/118/118 119/119/119 120/120/120
v 0.0000000 12.0000000 0.0000000
vt 0.5000000 0.5000000
vn 0.2272273 0.9453514 -0.2338340
v -2.6210768 11.7558413 -3.5341132
vt 0.4404301 0.4196792
vn 0.2272273 0.9453514 -0.2338340
v -2.9548595 11.9038267 -3.2601850
vt 0.4328441 0.4259049
vn 0.2272273 0.9453514 -0.2338340
f 121/121/121 122/122/122 123/123/123
v 0.0000000 12.0000000 0.0000000
vt 0.5000000 0.5000000
vn 0.4037931 0.8420449 -0.3576471
v -2.2620521 11.4817839 -3.7740059
vt 0.4485897 0.4142271
vn 0.4037931 0.8420449 -0.3576471
v -2.6210768 11.7558413 -3.5341132
vt 0.4404301 0.4196792
vn 0.4037931 0.8420449 -0.3576471
f 124/124/124 125/125/125 126/126/126
v 0.0000000 12.0000000 0.0000000
vt 0.5000000 0.5000000
vn -0.4359846 0.8891186 0.1392325
v -1.8812424 11.7003908 -3.9775529
vt 0.4572445 0.4096011
vn -0.4359846 0.8891186 0.1392325
v -2.2620521 11.4817839 -3.7740059
vt 0.4485897 0.4142271
vn -0.4359846 0.8891186 0.1392325
f 127/127/127 128/128/128 129/129/129
v 0.0000000 12.0000000 0.0000000
vt 0.5000000 0.5000000
vn -0.4304696 0.8922410 0.1363889
v -1.4823153 11.9181156 -4.1427937
vt 0.4663110 0.4058456
vn -0.4304696 0.8922410 0.1363889
v -1.8812424 11.7003908 -3.9775529
vt 0.4572445 0.4096011
vn -0.4304696 0.8922410 0.1363889
f 130/130/130 131/131/131 132/132/132
v 0.0000000 12.0000000 0.0000000
vt 0.5000000 0.5000000
vn 0.5010074 0.8429739 -0.1959251
v -1.0691128 11.6434031 -4.2681375
vt 0.4757020 0.4029969
vn 0.5010074 0.8429739 -0.1959251
v -1.4823153 11.9181156 -4.1427937
vt 0.4663110 0.4058456
vn 0.5010074 0.8429739 -0.1959251
f 133/133/133 134/134/134 135/135/135
v 0.0000000 12.0000000 0.0000000
vt 0.5000000 0.5000000
vn 0.2966127 0.9426532 -0.1530550
v -0.6456141 11.4964685 -4.3523765
vt 0.4853270 0.4010824
vn 0.2966127 0.9426532 -0.1530550
v -1.0691128 11.6434031 -4.2681375
vt 0.4757020 0.4029969
vn 0.2966127 0.9426532 -0.1530550
f 136/136/136 137/137/137 138/138/138
v 0.0000000 12.0000000 0.0000000
vt 0.5000000 0.5000000
vn -0.5886282 0.8083800 -0.0062077
v -0.2158978 11.8090448 -4.3947001
vt 0.4950932 0.4001205
vn -0.5886282 0.8083800 -0.0062077
v -0.6456141 11.4964685 -4.3523765
vt 0.4853270 0.4010824
vn -0.5886282 0.8083800 -0.0062077
f 139/139/139 140/140/140 141/141/141
v 0.0000000 12.0000000 0.0000000
vt 0.5000000 0.5000000
vn -0.1518657 0.9877648 -0.0354589
v 0.2158978 11.8754320 -4.3947001
vt 0.5049068 0.4001205
vn -0.1518657 0.9877648 -0.0354589
v -0.2158978 11.8090448 -4.3947001
vt 0.4950932 0.4001205
vn -0.1518657 0.9877648 -0.0354589
f 142/142/142 143/143/143 144/144/144
v 0.0000000 12.0000000 0.0000000
vt 0.5000000 0.5000000
vn 0.6082295 0.7937270 0.0073822
v 0.6456141 11.5457487 -4.3523765
vt 0.5146730 0.4010824
vn 0.6082295 0.7937270 0.0073822
v 0.2158978 11.8754320 -4.3947001
vt 0.5049068 0.4001205
vn 0.6082295 0.7937270 0.0073822
f 145/145/145 146/146/146 147/147/147
v 0.0000000 12.0000000 0.0000000
vt 0.5000000 0.5000000
vn -0.0222903 0.9940038 -0.1070492
v 1.0691128 11.5643177 -4.2681375
vt 0.5242980 0.4029969
vn -0.0222903 0.9940038 -0.1070492
v 0.6456141 11.5457487 -4.3523765
vt 0.5146730 0.4010824
vn -0.0222903 0.9940038 -0.1070492
f 148/148/148 149/149/149 150/150/150
v 0.0000000 12.0000000 0.0000000
vt 0.5000000 0.5000000
vn -0.5602423 0.7980810 -0.2217998
v 1.4823153 11.8892155 -4.1427937
vt 0.5336890 0.4058456
vn -0.5602423 0.7980810 -0.2217998
v 1.0691128 11.5643177 -4.2681375
vt 0.5242980 0.4029969
vn -0.5602423 0.7980810 -0.2217998
f 151/151/151 152/152/152 153/153/153
v 0.0000000 12.0000000 0.0000000
vt 0.5000000 0.5000000
vn 0.2265453 0.9724434 0.0550546
v 1.8812424 11.7869244 -3.9775529
vt 0.5427555 0.4096011
vn 0.2265453 0.9724434 0.0550546
v 1.4823153 11.8892155 -4.1427937
vt 0.5336890 0.4058456
vn 0.2265453 0.9724434 0.0550546
f 154/154/154 155/155/155 156/156/156
v 0.0000000 12.0000000 0.0000000
vt 0.5000000 0.5000000
vn 0.5322954 0.8206602 0.2077946
v 2.2620521 11.4883852 -3.7740059
vt 0.5514103 0.4142271
vn 0.5322954 0.8206602 0.2077946
v 1.8812424 11.7869244 -3.9775529
vt 0.5427555 0.4096011
vn 0.5322954 0.8206602 0.2077946
f 157/157/157 158/158/158 159/159/159
v 0.0000000 12.0000000 0.0000000
vt 0.5000000 0.5000000
vn -0.2684177 0.9199917 -0.2856000
v 2.6210768 11.6676064 -3.5341132
vt 0.5595699 0.4196792
vn -0.2684177 0.9199917 -0.2856000
v 2.2620521 11.4883852 -3.7740059
vt 0.5514103 0.4142271
vn -0.2684177 0.9199917 -0.2856000
f 160/160/160 161/161/161 162/162/162
v 0.0000000 12.0000000 0.0000000
vt 0.5000000 0.5000000
vn -0.3640456 0.8626578 -0.3511300
v 2.9548595 11.9199619 -3.2601850
vt 0.5671559 0.4259049
vn -0.3640456 0.8626578 -0.3511300
v 2.6210768 11.6676064 -3.5341132
vt 0.5595699 0.4196792
vn -0.3640456 0.8626578 -0.3511300
f 163/163/163 164/164/164 165/165/165
v 0.0000000 12.0000000 0.0000000
vt 0.5000000 0.5000000
vn 0.3761553 0.8697001 0.3195760
v 3.2601850 11.6757116 -2.9548595
vt 0.5740951 0.4328441
vn 0.3761553 0.8697001 0.3195760
v 2.9548595 11.9199619 -3.2601850
vt 0.5671559 0.4259049
vn 0.3761553 0.8697001 0.3195760
f 166/166/166 167/167/167 168/168/168
v 0.0000000 12.0000000 0.0000000
vt 0.5000000 0.5000000
vn 0.3211161 0.9122935 0.2541752
v 3.5341132 11.4862967 -2.6210768
vt 0.5803208 0.4404301
vn 0.3211161 0.9122935 0.2541752
v 3.2601850 11.6757116 -2.9548595
vt 0.5740951 0.4328441
vn 0.3211161 0.9122935 0.2541752
f 169/169/169 170/170/170 171/171/171
v 0.0000000 12.0000000 0.0000000
vt 0.5000000 0.5000000
vn -0.2539093 0.8254547 -0.5041375
v 3.7740059 11.7793579 -2.2620521
vt 0.5857729 0.4485897
vn -0.2539093 0.8254547 -0.5041375
v 3.5341132 11.4862967 -2.6210768
vt 0.5803208 0.4404301
vn -0.2539093 0.8254547 -0.5041375
f 172/172/172 173/173/173 174/174/174
v 0.0000000 12.0000000 0.0000000
vt 0.5000000 0.5000000
vn -0.0884081 0.9663017 -0.2417537
v 3.9775529 11.8932533 -1.8812424
vt 0.5903989 0.4572445
vn -0.0884081 0.9663017 -0.2417537
v 3.7740059 11.7793579 -2.2620521
vt 0.5857729 0.4485897
vn -0.0884081 0.9663017 -0.2417537
f 175/175/175 176/176/176 177/177/177
v 0.0000000 12.0000000 0.0000000
vt 0.5000000 0.5000000
vn 0.2737662 0.8003236 0.5334175
v 4.1427937 11.5708437 -1.4823153
vt 0.5941544 0.4663110
vn 0.2737662 0.8003236 0.5334175
v 3.9775529 11.8932533 -1.8812424
vt 0.5903989 0.4572445
vn 0.2737662 0.8003236 0.5334175
f 178/178/178 179/179/179 180/180/180
v 0.0000000 12.0000000 0.0000000
vt 0.5000000 0.5000000
vn 0.1166291 0.9924240 0.0386322
v 4.2681375 11.5400286 -1.0691128
vt 0.5970031 0.4757020
vn 0.1166291 0.9924240 0.0386322
v 4.1427937 11.5708437 -1.4823153
vt 0.5941544 0.4663110
vn 0.1166291 0.9924240 0.0386322
f 181/181/181 182/182/182 183/183/183
v 0.0000000 12.0000000 0.0000000
vt 0.5000000 0.5000000
vn -0.0661961 0.7930961 -0.6054888
v 4.3523765 11.8703794 -0.6456141
vt 0.5989176 0.4853270
vn -0.0661961 0.7930961 -0.6054888
v 4.2681375 11.5400286 -1.0691128
vt 0.5970031 0.4757020
vn -0.0661961 0.7930961 -0.6054888
f 184/184/184 185/185/185 186/186/186
v 0.0000000 12.0000000 0.0000000
vt 0.5000000 0.5000000
vn 0.0474276 0.9915610 0.1206542
v 4.3947001 11.8160667 -0.2158978
vt 0.5998795 0.4950932
vn 0.0474276 0.9915610 0.1206542
v 4.3523765 11.8703794 -0.6456141
vt 0.5989176 0.4853270
vn 0.0474276 0.9915610 0.1206542
f 187/187/187 188/188/188 189/189/189
v 0.0000000 12.0000000 0.0000000
vt 0.5000000 0.5000000
vn 0.0361473 0.9932315 -0.1103836
v 4.3947001 11.8640547 0.2158978
vt 0.5998795 0.5049068
vn 0.0361473 0.9932315 -0.1103836
v 4.3947001 11.8160667 -0.2158978
vt 0.5998795 0.4950932
vn 0.0361473 0.9932315 -0.1103836
f 190/190/190 191/191/191 192/192/192
v 4.3947001 11.8640547 0.2158978
vt 0.5998795 0.5049068
vn 0.2416917 0.9424490 -0.2310301
v 8.7576256 10.9036989 0.8625509
vt 0.6990369 0.5196034
vn 0.2416917 0.9424490 -0.2310301
v 8.8000002 10.6813879 0.0000000
vt 0.7000000 0.5000000
vn 0.2416917 0.9424490 -0.2310301
f 193/193/193 194/194/194 195/195/195
v 4.3523765 11.5335035 0.6456141
vt 0.5989176 0.5146730
vn 0.1486600 0.9642299 -0.2194559
v 8.6309109 11.1176586 1.7167948
vt 0.6961571 0.5390181
vn 0.1486600 0.9642299 -0.2194559
v 8.7576256 10.9036989 0.8625509
vt 0.6990369 0.5196034
vn 0.1486600 0.9642299 -0.2194559
f 196/196/196 197/197/197 198/198/198
v 4.2681375 11.5788488 1.0691128
vt 0.5970031 0.5242980
vn 0.0514683 0.9441133 0.3255782
v 8.4210749 10.8402128 2.5545051
vt 0.6913881 0.5580569
vn 0.0514683 0.9441133 0.3255782
v 8.6309109 11.1176586 1.7167948
vt 0.6961571 0.5390181
vn 0.0514683 0.9441133 0.3255782
f 199/199/199 200/200/200 201/201/201
v 4.1427937 11.8977156 1.4823153
vt 0.5941544 0.5336890
vn 0.1784020 0.9563619 0.2313970
v 8.1301403 10.6977482 3.3676143
vt 0.6847759 0.5765367
vn 0.1784020 0.9563619 0.2313970
v 8.4210749 10.8402128 2.5545051
vt 0.6913881 0.5580569
vn 0.1784020 0.9563619 0.2313970
f 202/202/202 203/203/203 204/204/204
v 3.9775529 11.7702017 1.8812424
vt 0.5903989 0.5427555
vn 0.3172909 0.9222072 -0.2210441
v 7.7609072 11.0119057 4.1482911
vt 0.6763843 0.5942793
vn 0.3172909 0.9222072 -0.2210441
v 8.1301403 10.6977482 3.3676143
vt 0.6847759 0.5765367
vn 0.3172909 0.9222072 -0.2210441
f 205/205/205 206/206/206 207/207/207
v 3.7740059 11.4841938 2.2620521
vt 0.5857729 0.5514103
vn 0.1219740 0.9924896 -0.0093081
v 7.3169327 11.0734158 4.8890181
vt 0.6662939 0.6111140
vn 0.1219740 0.9924896 -0.0093081
v 7.7609072 11.0119057 4.1482911
vt 0.6763843 0.5942793
vn 0.1219740 0.9924896 -0.0093081
f 208/208/208 209/209/209 210/210/210
v 3.5341132 11.6854095 2.6210768
vt 0.5803208 0.5595699
vn -0.0787571 0.9216053 0.3800542
v 6.8024921 10.7434072 5.5826607
vt 0.6546021 0.6268787
vn -0.0787571 0.9216053 0.3800542
v 7.3169327 11.0734158 4.8890181
vt 0.6662939 0.6111140
vn -0.0787571 0.9216053 0.3800542
f 211/211/211 212/212/212 213/213/213
v 3.2601850 11.9195662 2.9548595
vt 0.5740951 0.5671559
vn 0.2075983 0.9662342 0.1526250
v 6.2225399 10.7669373 6.2225399
vt 0.6414214 0.6414214
vn 0.2075983 0.9662342 0.1526250
v 6.8024921 10.7434072 5.5826607
vt 0.6546021 0.6268787
vn 0.2075983 0.9662342 0.1526250
f 214/214/214 215/215/215 216/216/216
v 2.9548595 11.6580114 3.2601850
vt 0.5671559 0.5740951
vn 0.3603450 0.9251725 -0.1191940
v 5.5826607 11.0908813 6.8024921
vt 0.6268787 0.6546021
vn 0.3603450 0.9251725 -0.1191940
v 6.2225399 10.7669373 6.2225399
vt 0.6414214 0.6414214
vn 0.3603450 0.9251725 -0.1191940
f 217/217/217 218/218/218 219/219/219
v 2.6210768 11.4912539 3.5341132
vt 0.5595699 0.5803208
vn -0.0374427 0.9872263 0.1548621
v 4.8890181 10.9838753 7.3169327
vt 0.6111140 0.6662939
vn -0.0374427 0.9872263 0.1548621
v 5.5826607 11.0908813 6.8024921
vt 0.6268787 0.6546021
vn -0.0374427 0.9872263 0.1548621
f 220/220/220 221/221/221 222/222/222
v 2.2620521 11.7957802 3.7740059
vt 0.5514103 0.5857729
vn -0.1684911 0.9262366 0.3371891
v 4.1482911 10.6875048 7.7609072
vt 0.5942793 0.6763843
vn -0.1684911 0.9262366 0.3371891
v 4.8890181 10.9838753 7.3169327
vt 0.6111140 0.6662939
vn -0.1684911 0.9262366 0.3371891
f 223/223/223 224/224/224 225/225/225
v 1.8812424 11.8840647 3.9775529
vt 0.5427555 0.5903989
vn 0.2845457 0.9498216 0.1298952
v 3.3676143 10.8708830 8.1301403
vt 0.5765367 0.6847759
vn 0.2845457 0.9498216 0.1298952
v 4.1482911 10.6875048 7.7609072
vt 0.5942793 0.6763843
vn 0.2845457 0.9498216 0.1298952
f 226/226/226 227/227/227 228/228/228
v 1.4823153 11.5567884 4.1427937
vt 0.5336890 0.5941544
vn 0.3001008 0.9536502 0.0221536
v 2.5545051 11.1199989 8.4210749
vt 0.5580569 0.6913881
vn 0.3001008 0.9536502 0.0221536
v 3.3676143 10.8708830 8.1301403
vt 0.5765367 0.6847759
vn 0.3001008 0.9536502 0.0221536
f 229/229/229 230/230/230 231/231/231
v 1.0691128 11.5528402 4.2681375
vt 0.5242980 0.5970031
vn -0.2359527 0.9542152 0.1838473
v 1.7167948 10.8724260 8.6309109
vt 0.5390181 0.6961571
vn -0.2359527 0.9542152 0.1838473
v 2.5545051 11.1199989 8.4210749
vt 0.5580569 0.6913881
vn -0.2359527 0.9542152 0.1838473
f 232/232/232 233/233/233 234/234/234
v 0.6456141 11.8811331 4.3523765
vt 0.5146730 0.5989176
vn -0.1666059 0.9495825 0.2655852
v 0.8625509 10.6871071 8.7576256
vt 0.5196034 0.6990369
vn -0.1666059 0.9495825 0.2655852
v 1.7167948 10.8724260 8.6309109
vt 0.5390181 0.6961571
vn -0.1666059 0.9495825 0.2655852
f 235/235/235 236/236/236 237/237/237
v 0.2158978 11.8004837 4.3947001
vt 0.5049068 0.5998795
vn 0.3264053 0.9263422 0.1880153
v 0.0000000 10.9824343 8.8000002
vt 0.5000000 0.7000000
vn 0.3264053 0.9263422 0.1880153
v 0.8625509 10.6871071 8.7576256
vt 0.5196034 0.6990369
vn 0.3264053 0.9263422 0.1880153
f 238/238/238 239/239/239 240/240/240
v -0.2158978 11.4929733 4.3947001
vt 0.4950932 0.5998795
vn 0.1196276 0.9868715 0.1085077
v -0.8625509 11.0916510 8.7576256
vt 0.4803966 0.6990369
vn 0.1196276 0.9868715 0.1085077
v 0.0000000 10.9824343 8.8000002
vt 0.5000000 0.7000000
vn 0.1196276 0.9868715 0.1085077
f 241/241/241 242/242/242 243/243/243
v -0.6456141 11.6528645 4.3523765
vt 0.4853270 0.5989176
vn -0.3652819 0.9255189 0.0999196
v -1.7167948 10.7681799 8.6309109
vt 0.4609819 0.6961571
vn -0.3652819 0.9255189 0.0999196
v -0.8625509 11.0916510 8.7576256
vt 0.4803966 0.6990369
vn -0.3652819 0.9255189 0.0999196
f 244/244/244 245/245/245 246/246/246
v -1.0691128 11.9191732 4.2681375
vt 0.4757020 0.5970031
vn -0.0903192 0.9661902 0.2414932
v -2.5545051 10.7423182 8.4210749
vt 0.4419431 0.6913881
vn -0.0903192 0.9661902 0.2414932
v -1.7167948 10.7681799 8.6309109
vt 0.4609819 0.6961571
vn -0.0903192 0.9661902 0.2414932
f 247/247/247 248/248/248 249/249/249
v -1.4823153 11.6906567 4.1427937
vt 0.4663110 0.5941544
vn 0.2762419 0.9213626 0.2734620
v -3.3676143 11.0724535 8.1301403
vt 0.4234633 0.6847759
vn 0.2762419 0.9213626 0.2734620
v -2.5545051 10.7423182 8.4210749
vt 0.4419431 0.6913881
vn 0.2762419 0.9213626 0.2734620
f 250/250/250 251/251/251 252/252/252
v -1.8812424 11.4832344 3.9775529
vt 0.4572445 0.5903989
vn -0.1041112 0.9926973 0.0609339
v -4.1482911 11.0132427 7.7609072
vt 0.4057207 0.6763843
vn -0.1041112 0.9926973 0.0609339
v -3.3676143 11.0724535 8.1301403
vt 0.4234633 0.6847759
vn -0.1041112 0.9926973 0.0609339
f 253/253/253 254/254/254 255/255/255
v -2.2620521 11.7652006 3.7740059
vt 0.4485897 0.5857729
vn -0.3866303 0.9221911 -0.0089865
v -4.8890181 10.6983652 7.3169327
vt 0.3888860 0.6662939
vn -0.3866303 0.9221911 -0.0089865
v -4.1482911 11.0132427 7.7609072
vt 0.4057207 0.6763843
vn -0.3866303 0.9221911 -0.0089865
f 256/256/256 257/257/257 258/258/258
v -2.6210768 11.8999643 3.5341132
vt 0.4404301 0.5803208
vn -0.0220120 0.9565746 0.2906555
v -5.5826607 10.8387165 6.8024921
vt 0.3731213 0.6546021
vn -0.0220120 0.9565746 0.2906555
v -4.8890181 10.6983652 7.3169327
vt 0.3888860 0.6662939
vn -0.0220120 0.9565746 0.2906555
f 259/259/259 260/260/260 261/261/261
v -2.9548595 11.5832701 3.2601850
vt 0.4328441 0.5740951
vn 0.1382696 0.9435778 0.3009025
v -6.2225399 11.1174269 6.2225399
vt 0.3585786 0.6414214
vn 0.1382696 0.9435778 0.3009025
v -5.5826607 10.8387165 6.8024921
vt 0.3731213 0.6546021
vn 0.1382696 0.9435778 0.3009025
f 262/262/262 263/263/263 264/264/264
v -3.2601850 11.5301161 2.9548595
vt 0.4259049 0.5671559
vn -0.2436700 0.9647865 -0.0990550
v -6.8024921 10.9052553 5.5826607
vt 0.3453979 0.6268787
vn -0.2436700 0.9647865 -0.0990550
v -6.2225399 11.1174269 6.2225399
vt 0.3585786 0.6414214
vn -0.2436700 0.9647865 -0.0990550
f 265/265/265 266/266/266 267/267/267
v -3.5341132 11.8605070 2.6210768
vt 0.4196792 0.5595699
vn -0.3296207 0.9422141 -0.0598577
v -7.3169327 10.6812191 4.8890181
vt 0.3337061 0.6111140
vn -0.3296207 0.9422141 -0.0598577
v -6.8024921 10.9052553 5.5826607
vt 0.3453979 0.6268787
vn -0.3296207 0.9422141 -0.0598577
f 268/268/268 269/269/269 270/270/270
v -3.7740059 11.8285236 2.2620521
vt 0.4142271 0.5514103
vn -0.0346271 0.9321517 0.3604085
v -7.7609072 10.9511223 4.1482911
vt 0.3236157 0.5942793
vn -0.0346271 0.9321517 0.3604085
v -7.3169327 10.6812191 4.8890181
vt 0.3337061 0.6111140
vn -0.0346271 0.9321517 0.3604085
f 271/271/271 272/272/272 273/273/273
v -3.9775529 11.5063744 1.8812424
vt 0.4096011 0.5427555
vn -0.0214951 0.9787661 0.2038502
v -8.1301403 11.1056070 3.3676143
vt 0.3152241 0.5765367
vn -0.0214951 0.9787661 0.2038502
v -7.7609072 10.9511223 4.1482911
vt 0.3236157 0.5942793
vn -0.0214951 0.9787661 0.2038502
f 274/274/274 275/275/275 276/276/276
v -4.1427937 11.6213722 1.4823153
vt 0.4058456 0.5336890
vn -0.2465968 0.9317111 -0.2666542
v -8.4210749 10.7958946 2.5545051
vt 0.3086119 0.5580569
vn -0.2465968 0.9317111 -0.2666542
v -8.1301403 11.1056070 3.3676143
vt 0.3152241 0.5765367
vn -0.2465968 0.9317111 -0.2666542
f 277/277/277 278/278/278 279/279/279
v -4.2681375 11.9138870 1.0691128
vt 0.4029969 0.5242980
vn -0.2663006 0.9636987 -0.0192015
v -8.6309109 10.7212191 1.7167948
vt 0.3038429 0.5390181
vn -0.2663006 0.9636987 -0.0192015
v -8.4210749 10.7958946 2.5545051
vt 0.3086119 0.5580569
vn -0.2663006 0.9636987 -0.0192015
f 280/280/280 281/281/281 282/282/282
v -4.3523765 11.7235117 0.6456141
vt 0.4010824 0.5146730
vn -0.1222784 0.9199788 0.3724073
v -8.7576256 11.0501747 0.8625509
vt 0.3009631 0.5196034
vn -0.1222784 0.9199788 0.3724073
v -8.6309109 10.7212191 1.7167948
vt 0.3038429 0.5390181
vn -0.1222784 0.9199788 0.3724073
f 283/283/283 284/284/284 285/285/285
v -4.3947001 11.4800539 0.2158978
vt 0.4001205 0.5049068
vn -0.0990478 0.9950596 -0.0067773
v -8.8000002 11.0400820 0.0000000
vt 0.3000000 0.5000000
vn -0.0990478 0.9950596 -0.0067773
v -8.7576256 11.0501747 0.8625509
vt 0.3009631 0.5196034
vn -0.0990478 0.9950596 -0.0067773
f 286/286/286 287/287/287 288/288/288
v -4.3947001 11.7331657 -0.2158978
vt 0.4001205 0.4950932
vn -0.1622349 0.9202371 -0.3561513
v -8.7576256 10.7137270 -0.8625509
vt 0.3009631 0.4803966
vn -0.1622349 0.9202371 -0.3561513
v -8.8000002 11.0400820 0.0000000
vt 0.3000000 0.5000000
vn -0.1622349 0.9202371 -0.3561513
f 289/289/289 290/290/290 291/291/291
v -4.3523765 11.9113998 -0.6456141
vt 0.4010824 0.4853270
vn -0.2648264 0.9619805 0.0667867
v -8.6309109 10.8079176 -1.7167948
vt 0.3038429 0.4609819
vn -0.2648264 0.9619805 0.0667867
v -8.7576256 10.7137270 -0.8625509
vt 0.3009631 0.4803966
vn -0.2648264 0.9619805 0.0667867
f 292/292/292 293/293/293 294/294/294
v -4.2681375 11.6123581 -1.0691128
vt 0.4029969 0.4757020
vn -0.2144203 0.9347355 0.2833613
v -8.4210749 11.1100006 -2.5545051
vt 0.3086119 0.4419431
vn -0.2144203 0.9347355 0.2833613
v -8.6309109 10.8079176 -1.7167948
vt 0.3038429 0.4609819
vn -0.2144203 0.9347355 0.2833613
f 295/295/295 296/296/296 297/297/297
v -4.1427937 11.5111847 -1.4823153
vt 0.4058456 0.4663110
vn -0.0364598 0.9749705 -0.2193245
v -8.1301403 10.9379673 -3.3676143
vt 0.3152241 0.4234633
vn -0.0364598 0.9749705 -0.2193245
v -8.4210749 11.1100006 -2.5545051
vt 0.3086119 0.4419431
vn -0.0364598 0.9749705 -0.2193245
f 298/298/298 299/299/299 300/300/300
v -3.9775529 11.8362970 -1.8812424
vt 0.4096011 0.4572445
vn -0.0784853 0.9350095 -0.3458285
v -7.7609072 10.6802149 -4.1482911
vt 0.3236157 0.4057207
vn -0.0784853 0.9350095 -0.3458285
v -8.1301403 10.9379673 -3.3676143
vt 0.3152241 0.4234633
vn -0.0784853 0.9350095 -0.3458285
f 301/301/301 302/302/302 303/303/303
v -3.7740059 11.8536930 -2.2620521
vt 0.4142271 0.4485897
vn -0.3267693 0.9390899 0.1064527
v -7.3169327 10.9186687 -4.8890181
vt 0.3337061 0.3888860
vn -0.3267693 0.9390899 0.1064527
v -7.7609072 10.6802149 -4.1482911
vt 0.3236157 0.4057207
vn -0.3267693 0.9390899 0.1064527
f 304/304/304 305/305/305 306/306/306
v -3.5341132 11.5240974 -2.6210768
vt 0.4196792 0.4404301
vn -0.2211581 0.9689908 0.1102085
v -6.8024921 11.1149740 -5.5826607
vt 0.3453979 0.3731213
vn -0.2211581 0.9689908 0.1102085
v -7.3169327 10.9186687 -4.8890181
vt 0.3337061 0.3888860
vn -0.2211581 0.9689908 0.1102085
f 307/307/307 308/308/308 309/309/309
v -3.2601850 11.5916348 -2.9548595
vt 0.4259049 0.4328441
vn 0.1126989 0.9398695 -0.3224038
v -6.2225399 10.8259344 -6.2225399
vt 0.3585786 0.3585786
vn 0.1126989 0.9398695 -0.3224038
v -6.8024921 11.1149740 -5.5826607
vt 0.3453979 0.3731213
vn 0.1126989 0.9398695 -0.3224038
f 310/310/310 311/311/311 312/312/312
v -2.9548595 11.9038267 -3.2601850
vt 0.4328441 0.4259049
vn -0.0668554 0.9590543 -0.2752186
v -5.5826607 10.7041121 -6.8024921
vt 0.3731213 0.3453979
vn -0.0668554 0.9590543 -0.2752186
v -6.2225399 10.8259344 -6.2225399
vt 0.3585786 0.3585786
vn -0.0668554 0.9590543 -0.2752186
f 313/313/313 314/314/314 315/315/315
v -2.6210768 11.7558413 -3.5341132
vt 0.4404301 0.4196792
vn -0.3859118 0.9209935 0.0533213
v -4.8890181 11.0245438 -7.3169327
vt 0.3888860 0.3337061
vn -0.3859118 0.9209935 0.0533213
v -5.5826607 10.7041121 -6.8024921
vt 0.3731213 0.3453979
vn -0.3859118 0.9209935 0.0533213
f 316/316/316 317/317/317 318/318/318
v -2.2620521 11.4817839 -3.7740059
vt 0.4485897 0.4142271
vn -0.0897021 0.9940508 -0.0617782
v -4.1482911 11.0637941 -7.7609072
vt 0.4057207 0.3236157
vn -0.0897021 0.9940508 -0.0617782
v -4.8890181 11.0245438 -7.3169327
vt 0.3888860 0.3337061
vn -0.0897021 0.9940508 -0.0617782
f 319/319/319 320/320/320 321/321/321
v -1.8812424 11.7003908 -3.9775529
vt 0.4572445 0.4096011
vn 0.2466358 0.9206230 -0.3026946
v -3.3676143 10.7332487 -8.1301403
vt 0.4234633 0.3152241
vn 0.2466358 0.9206230 -0.3026946
v -4.1482911 11.0637941 -7.7609072
vt 0.4057207 0.3236157
vn 0.2466358 0.9206230 -0.3026946
f 322/322/322 323/323/323 324/324/324
v -1.4823153 11.9181156 -4.1427937
vt 0.4663110 0.4058456
vn -0.1344357 0.9654301 -0.2233201
v -2.5545051 10.7791758 -8.4210749
vt 0.4419431 0.3086119
vn -0.1344357 0.9654301 -0.2233201
v -3.3676143 10.7332487 -8.1301403
vt 0.4234633 0.3152241
vn -0.1344357 0.9654301 -0.2233201
f 325/325/325 326/326/326 327/327/327
v -1.0691128 11.6434031 -4.2681375
vt 0.4757020 0.4029969
vn -0.3683013 0.9276821 -0.0613195
v -1.7167948 11.0978870 -8.6309109
vt 0.4609819 0.3038429
vn -0.3683013 0.9276821 -0.0613195
v -2.5545051 10.7791758 -8.4210749
vt 0.4419431 0.3086119
vn -0.3683013 0.9276821 -0.0613195
f 328/328/328 329/329/329 330/330/330
v -0.6456141 11.4964685 -4.3523765
vt 0.4853270 0.4010824
vn 0.1290947 0.9838521 -0.1239745
v -0.8625509 10.9698315 -8.7576256
vt 0.4803966 0.3009631
vn 0.1290947 0.9838521 -0.1239745
v -1.7167948 11.0978870 -8.6309109
vt 0.4609819 0.3038429
vn 0.1290947 0.9838521 -0.1239745
f 331/331/331 332/332/332 333/333/333
v -0.2158978 11.8090448 -4.3947001
vt 0.4950932 0.4001205
vn 0.2966790 0.9286708 -0.2226033
v -0.0000000 10.6841183 -8.8000002
vt 0.5000000 0.3000000
vn 0.2966790 0.9286708 -0.2226033
v -0.8625509 10.9698315 -8.7576256
vt 0.4803966 0.3009631
vn 0.2966790 0.9286708 -0.2226033
f 334/334/334 335/335/335 336/336/336
v 0.2158978 11.8754320 -4.3947001
vt 0.5049068 0.4001205
vn -0.2092378 0.9464933 -0.2457032
v 0.8625509 10.8857994 -8.7576256
vt 0.5196034 0.3009631
vn -0.2092378 0.9464933 -0.2457032
v -0.0000000 10.6841183 -8.8000002
vt 0.5000000 0.3000000
vn -0.2092378 0.9464933 -0.2457032
f 337/337/337 338/338/338 339/339/339
v 0.6456141 11.5457487 -4.3523765
vt 0.5146730 0.4010824
vn -0.2392106 0.9584569 -0.1553661
v 1.7167948 11.1195412 -8.6309109
vt 0.5390181 0.3038429
vn -0.2392106 0.9584569 -0.1553661
v 0.8625509 10.8857994 -8.7576256
vt 0.5196034 0.3009631
vn -0.2392106 0.9584569 -0.1553661
f 340/340/340 341/341/341 342/342/342
v 1.0691128 11.5643177 -4.2681375
vt 0.5242980 0.4029969
vn 0.3096012 0.9495066 -0.0508381
v 2.5545051 10.8576279 -8.4210749
vt 0.5580569 0.3086119
vn 0.3096012 0.9495066 -0.0508381
v 1.7167948 11.1195412 -8.6309109
vt 0.5390181 0.3038429
vn 0.3096012 0.9495066 -0.0508381
f 343/343/343 344/344/344 345/345/345
v 1.4823153 11.8892155 -4.1427937
vt 0.5336890 0.4058456
vn 0.2542157 0.9527900 -0.1660290
v 3.3676143 10.6913776 -8.1301403
vt 0.5765367 0.3152241
vn 0.2542157 0.9527900 -0.1660290
v 2.5545051 10.8576279 -8.4210749
vt 0.5580569 0.3086119
vn 0.2542157 0.9527900 -0.1660290
f 346/346/346 347/347/347 348/348/348
v 1.8812424 11.7869244 -3.9775529
vt 0.5427555 0.4096011
vn -0.2099277 0.9242225 -0.3189721
v 4.1482911 10.9961319 -7.7609072
vt 0.5942793 0.3236157
vn -0.2099277 0.9242225 -0.3189721
v 3.3676143 10.6913776 -8.1301403
vt 0.5765367 0.3152241
vn -0.2099277 0.9242225 -0.3189721
f 349/349/349 350/350/350 351/351/351
v 2.2620521 11.4883852 -3.7740059
vt 0.5514103 0.4142271
vn -0.0342514 0.9897825 -0.1384107
v 4.8890181 11.0838499 -7.3169327
vt 0.6111140 0.3337061
vn -0.0342514 0.9897825 -0.1384107
v 4.1482911 10.9961319 -7.7609072
vt 0.5942793 0.3236157
vn -0.0342514 0.9897825 -0.1384107
f 352/352/352 353/353/353 354/354/354
v 2.6210768 11.6676064 -3.5341132
vt 0.5595699 0.4196792
vn 0.3748299 0.9234405 0.0822211
v 5.5826607 10.7564917 -6.8024921
vt 0.6268787 0.3453979
vn 0.3748299 0.9234405 0.0822211
v 4.8890181 11.0838499 -7.3169327
vt 0.6111140 0.3337061
vn 0.3748299 0.9234405 0.0822211
f 355/355/355 356/356/356 357/357/357
v 2.9548595 11.9199619 -3.2601850
vt 0.5671559 0.4259049
vn 0.1750817 0.9665211 -0.1875722
v 6.2225399 10.7531309 -6.2225399
vt 0.6414214 0.3585786
vn 0.1750817 0.9665211 -0.1875722
v 5.5826607 10.7564917 -6.8024921
vt 0.6268787 0.3453979
vn 0.1750817 0.9665211 -0.1875722
f 358/358/358 359/359/359 360/360/360
v 3.2601850 11.6757116 -2.9548595
vt 0.5740951 0.4328441
vn -0.1173855 0.9228019 -0.3669566
v 6.8024921 11.0813551 -5.5826607
vt 0.6546021 0.3731213
vn -0.1173855 0.9228019 -0.3669566
v 6.2225399 10.7531309 -6.2225399
vt 0.6414214 0.3585786
vn -0.1173855 0.9228019 -0.3669566
f 361/361/361 362/362/362 363/363/363
v 3.5341132 11.4862967 -2.6210768
vt 0.5803208 0.4404301
vn 0.1362562 0.9905611 0.0149304
v 7.3169327 11.0001364 -4.8890181
vt 0.6662939 0.3888860
vn 0.1362562 0.9905611 0.0149304
v 6.8024921 11.0813551 -5.5826607
vt 0.6546021 0.3731213
vn 0.1362562 0.9905611 0.0149304
f 364/364/364 365/365/365 366/366/366
v 3.7740059 11.7793579 -2.2620521
vt 0.5857729 0.4485897
vn 0.3373944 0.9237957 0.1810156
v 7.7609072 10.6928415 -4.1482911
vt 0.6763843 0.4057207
vn 0.3373944 0.9237957 0.1810156
v 7.3169327 11.0001364 -4.8890181
vt 0.6662939 0.3888860
vn 0.3373944 0.9237957 0.1810156
f 367/367/367 368/368/368 369/369/369
v 3.9775529 11.8932533 -1.8812424
vt 0.5903989 0.4572445
vn 0.1442737 0.9536225 -0.2641766
v 8.1301403 10.8532467 -3.3676143
vt 0.6847759 0.4234633
vn 0.1442737 0.9536225 -0.2641766
v 7.7609072 10.6928415 -4.1482911
vt 0.6763843 0.4057207
vn 0.1442737 0.9536225 -0.2641766
f 370/370/370 371/371/371 372/372/372
v 4.1427937 11.5708437 -1.4823153
vt 0.5941544 0.4663110
vn 0.0205263 0.9480550 -0.3174435
v 8.4210749 11.1192064 -2.5545051
vt 0.6913881 0.4419431
vn 0.0205263 0.9480550 -0.3174435
v 8.1301403 10.8532467 -3.3676143
vt 0.6847759 0.4234633
vn 0.0205263 0.9480550 -0.3174435
f 373/373/373 374/374/374 375/375/375
v 4.2681375 11.5400286 -1.0691128
vt 0.5970031 0.4757020
vn 0.1753959 0.9599638 0.2184165
v 8.6309109 10.8902664 -1.7167948
vt 0.6961571 0.4609819
vn 0.1753959 0.9599638 0.2184165
v 8.4210749 11.1192064 -2.5545051
vt 0.6913881 0.4419431
vn 0.1753959 0.9599638 0.2184165
f 376/376/376 377/377/377 378/378/378
v 4.3523765 11.8703794 -0.6456141
vt 0.5989176 0.4853270
vn 0.2641610 0.9455962 0.1899126
v 8.7576256 10.6833019 -0.8625509
vt 0.6990369 0.4803966
vn 0.2641610 0.9455962 0.1899126
v 8.6309109 10.8902664 -1.7167948
vt 0.6961571 0.4609819
vn 0.2641610 0.9455962 0.1899126
f 379/379/379 380/380/380 381/381/381
v 4.3947001 11.8160667 -0.2158978
vt 0.5998795 0.4950932
vn 0.2498828 0.9682231 -0.0101275
v 8.8000002 10.6813879 0.0000000
vt 0.7000000 0.5000000
vn 0.2498828 0.9682231 -0.0101275
v 8.7576256 10.6833019 -0.8625509
vt 0.6990369 0.4803966
vn 0.2498828 0.9682231 -0.0101275
f 382/382/382 383/383/383 384/384/384
v 8.7576256 10.9036989 0.8625509
vt 0.6990369 0.5196034
vn 0.2791421 0.9330872 -0.2267774
v 13.1841002 9.5272570 0.6476933
vt 0.7996386 0.5147203
vn 0.2791421 0.9330872 -0.2267774
v 8.8000002 10.6813879 0.0000000
vt 0.7000000 0.5000000
vn 0.2791421 0.9330872 -0.2267774
f 385/385/385 386/386/386 387/387/387
v 8.6309109 11.1176586 1.7167948
vt 0.6961571 0.5390181
vn 0.3341633 0.9247654 -0.1820546
v 13.0571299 9.5615673 1.9368423
vt 0.7967530 0.5440191
vn 0.3341633 0.9247654 -0.1820546
v 8.7576256 10.9036989 0.8625509
vt 0.6990369 0.5196034
vn 0.3341633 0.9247654 -0.1820546
f 388/388/388 389/389/389 390/390/390
v 8.4210749 10.8402128 2.5545051
vt 0.6913881 0.5580569
vn 0.2728826 0.8907821 0.3633766
v 12.8044128 9.2311087 3.2073383
vt 0.7910094 0.5728941
vn 0.2728826 0.8907821 0.3633766
v 8.6309109 11.1176586 1.7167948
vt 0.6961571 0.5390181
vn 0.2728826 0.8907821 0.3633766
f 391/391/391 392/392/392 393/393/393
v 8.1301403 10.6977482 3.3676143
vt 0.6847759 0.5765367
vn 0.2451634 0.9362231 0.2517561
v 12.4283819 9.2819538 4.4469461
vt 0.7824632 0.6010670
vn 0.2451634 0.9362231 0.2517561
v 8.4210749 10.8402128 2.5545051
vt 0.6913881 0.5580569
vn 0.2451634 0.9362231 0.2517561
f 394/394/394 395/395/395 396/396/396
v 7.7609072 11.0119057 4.1482911
vt 0.6763843 0.5942793
vn 0.3748106 0.9078287 -0.1880531
v 11.9326582 9.5993099 5.6437273
vt 0.7711968 0.6282665
vn 0.3748106 0.9078287 -0.1880531
v 8.1301403 10.6977482 3.3676143
vt 0.6847759 0.5765367
vn 0.3748106 0.9078287 -0.1880531
f 397/397/397 398/398/398 399/399/399
v 7.3169327 11.0734158 4.8890181
vt 0.6662939 0.6111140
vn 0.3223668 0.9395794 0.1151964
v 11.3220177 9.4666862 6.7861562
vt 0.7573186 0.6542308
vn 0.3223668 0.9395794 0.1151964
v 7.7609072 11.0119057 4.1482911
vt 0.6763843 0.5942793
vn 0.3223668 0.9395794 0.1151964
f 400/400/400 401/401/401 402/402/402
v 6.8024921 10.7434072 5.5826607
vt 0.6546021 0.6268787
vn 0.0758799 0.8774049 0.4737119
v 10.6023397 9.1835060 7.8632307
vt 0.7409623 0.6787098
vn 0.0758799 0.8774049 0.4737119
v 7.3169327 11.0734158 4.8890181
vt 0.6662939 0.6111140
vn 0.0758799 0.8774049 0.4737119
f 403/403/403 404/404/404 405/405/405
v 6.2225399 10.7669373 6.2225399
vt 0.6414214 0.6414214
vn 0.2366152 0.9549084 0.1793410
v 9.7805548 9.3891020 8.8645782
vt 0.7222853 0.7014677
vn 0.2366152 0.9549084 0.1793410
v 6.8024921 10.7434072 5.5826607
vt 0.6546021 0.6268787
vn 0.2366152 0.9549084 0.1793410
f 406/406/406 407/407/407 408/408/408
v 5.5826607 11.0908813 6.8024921
vt 0.6268787 0.6546021
vn 0.4306013 0.9020832 -0.0287811
v 8.8645782 9.6193027 9.7805548
vt 0.7014677 0.7222853
vn 0.4306013 0.9020832 -0.0287811
v 6.2225399 10.7669373 6.2225399
vt 0.6414214 0.6414214
vn 0.4306013 0.9020832 -0.0287811
f 409/409/409 410/410/410 411/411/411
v 4.8890181 10.9838753 7.3169327
vt 0.6111140 0.6662939
vn 0.1185940 0.9280944 0.3529535
v 7.8632307 9.3543863 10.6023397
vt 0.6787098 0.7409623
vn 0.1185940 0.9280944 0.3529535
v 5.5826607 11.0908813 6.8024921
vt 0.6268787 0.6546021
vn 0.1185940 0.9280944 0.3529535
f 412/412/412 413/413/413 414/414/414
v 4.1482911 10.6875048 7.7609072
vt 0.5942793 0.6763843
vn -0.0917252 0.8920822 0.4424658
v 6.7861562 9.1924515 11.3220177
vt 0.6542308 0.7573186
vn -0.0917252 0.8920822 0.4424658
v 4.8890181 10.9838753 7.3169327
vt 0.6111140 0.6662939
vn -0.0917252 0.8920822 0.4424658
f 415/415/415 416/416/416 417/417/417
v 3.3676143 10.8708830 8.1301403
vt 0.5765367 0.6847759
vn 0.2974008 0.9410022 0.1614552
v 5.6437273 9.4990969 11.9326582
vt 0.6282665 0.7711968
vn 0.2974008 0.9410022 0.1614552
v 4.1482911 10.6875048 7.7609072
vt 0.5942793 0.6763843
vn 0.2974008 0.9410022 0.1614552
f 418/418/418 419/419/419 420/420/420
v 2.5545051 11.1199989 8.4210749
vt 0.5580569 0.6913881
vn 0.3485445 0.9182788 0.1878321
v 4.4469461 9.5820122 12.4283819
vt 0.6010670 0.7824632
vn 0.3485445 0.9182788 0.1878321
v 3.3676143 10.8708830 8.1301403
vt 0.5765367 0.6847759
vn 0.3485445 0.9182788 0.1878321
f 421/421/421 422/422/422 423/423/423
v 1.7167948 10.8724260 8.6309109
vt 0.5390181 0.6961571
vn -0.1636560 0.8986741 0.4069420
v 3.2073383 9.2540007 12.8044128
vt 0.5728941 0.7910094
vn -0.1636560 0.8986741 0.4069420
v 2.5545051 11.1199989 8.4210749
vt 0.5580569 0.6913881
vn -0.1636560 0.8986741 0.4069420
f 424/424/424 425/425/425 426/426/426
v 0.8625509 10.6871071 8.7576256
vt 0.5196034 0.6990369
vn -0.1496558 0.9262969 0.3457991
v 1.9368423 9.2556105 13.0571299
vt 0.5440191 0.7967530
vn -0.1496558 0.9262969 0.3457991
v 1.7167948 10.8724260 8.6309109
vt 0.5390181 0.6961571
vn -0.1496558 0.9262969 0.3457991
f 427/427/427 428/428/428 429/429/429
v 0.0000000 10.9824343 8.8000002
vt 0.5000000 0.7000000
vn 0.3248570 0.9138352 0.2436658
v 0.6476933 9.5832071 13.1841002
vt 0.5147203 0.7996386
vn 0.3248570 0.9138352 0.2436658
v 0.8625509 10.6871071 8.7576256
vt 0.5196034 0.6990369
vn 0.3248570 0.9138352 0.2436658
f 430/430/430 431/431/431 432/432/432
v -0.8625509 11.0916510 8.7576256
vt 0.4803966 0.6990369
vn 0.1023559 0.9374561 0.3327152
v -0.6476933 9.4971790 13.1841002
vt 0.4852797 0.7996386
vn 0.1023559 0.9374561 0.3327152
v 0.0000000 10.9824343 8.8000002
vt 0.5000000 0.7000000
vn 0.1023559 0.9374561 0.3327152
f 433/433/433 434/434/434 435/435/435
v -1.7167948 10.7681799 8.6309109
vt 0.4609819 0.6961571
vn -0.3763118 0.8785446 0.2941917
v -1.9368423 9.1917505 13.0571299
vt 0.4559809 0.7967530
vn -0.3763118 0.8785446 0.2941917
v -0.8625509 11.0916510 8.7576256
vt 0.4803966 0.6990369
vn -0.3763118 0.8785446 0.2941917
f 436/436/436 437/437/437 438/438/438
v -2.5545051 10.7423182 8.4210749
vt 0.4419431 0.6913881
vn -0.1011018 0.9528250 0.2861870
v -3.2073383 9.3564844 12.8044128
vt 0.4271059 0.7910094
vn -0.1011018 0.9528250 0.2861870
v -1.7167948 10.7681799 8.6309109
vt 0.4609819 0.6961571
vn -0.1011018 0.9528250 0.2861870
f 439/439/439 440/440/440 441/441/441
v -3.3676143 11.0724535 8.1301403
vt 0.4234633 0.6847759
vn 0.2357074 0.9011543 0.3638174
v -4.4469461 9.6194630 12.4283819
vt 0.3989330 0.7824632
vn 0.2357074 0.9011543 0.3638174
v -2.5545051 10.7423182 8.4210749
vt 0.4419431 0.6913881
vn 0.2357074 0.9011543 0.3638174
f 442/442/442 443/443/443 444/444/444
v -4.1482911 11.0132427 7.7609072
vt 0.4057207 0.6763843
vn -0.2078750 0.9342731 0.2896927
v -5.6437273 9.3869629 11.9326582
vt 0.3717335 0.7711968
vn -0.2078750 0.9342731 0.2896927
v -3.3676143 11.0724535 8.1301403
vt 0.4234633 0.6847759
vn -0.2078750 0.9342731 0.2896927
f 445/445/445 446/446/446 447/447/447
v -4.8890181 10.6983652 7.3169327
vt 0.3888860 0.6662939
vn -0.4492668 0.8850479 0.1218590
v -6.7861562 9.1838970 11.3220177
vt 0.3457692 0.7573186
vn -0.4492668 0.8850479 0.1218590
v -4.1482911 11.0132427 7.7609072
vt 0.4057207 0.6763843
vn -0.4492668 0.8850479 0.1218590
f 448/448/448 449/449/449 450/450/450
v -5.5826607 10.8387165 6.8024921
vt 0.3731213 0.6546021
vn -0.0426651 0.9477661 0.3160998
v -7.8632307 9.4687252 10.6023397
vt 0.3212902 0.7409623
vn -0.0426651 0.9477661 0.3160998
v -4.8890181 10.6983652 7.3169327
vt 0.3888860 0.6662939
vn -0.0426651 0.9477661 0.3160998
f 451/451/451 452/452/452 453/453/453
v -6.2225399 11.1174269 6.2225399
vt 0.3585786 0.6414214
vn 0.0265060 0.9121084 0.4090913
v -8.8645782 9.5983934 9.7805548
vt 0.2985323 0.7222853
vn 0.0265060 0.9121084 0.4090913
v -5.5826607 10.8387165 6.8024921
vt 0.3731213 0.6546021
vn 0.0265060 0.9121084 0.4090913
f 454/454/454 455/455/455 456/456/456
v -6.8024921 10.9052553 5.5826607
vt 0.3453979 0.6268787
vn -0.4136270 0.9074341 0.0740018
v -9.7805548 9.2801514 8.8645782
vt 0.2777147 0.7014677
vn -0.4136270 0.9074341 0.0740018
v -6.2225399 11.1174269 6.2225399
vt 0.3585786 0.6414214
vn -0.4136270 0.9074341 0.0740018
f 457/457/457 458/458/458 459/459/459
v -7.3169327 10.6812191 4.8890181
vt 0.3337061 0.6111140
vn -0.4017891 0.9157296 0.0022201
v -10.6023397 9.2324905 7.8632307
vt 0.2590377 0.6787098
vn -0.4017891 0.9157296 0.0022201
v -6.8024921 10.9052553 5.5826607
vt 0.3453979 0.6268787
vn -0.4017891 0.9157296 0.0022201
f 460/460/460 461/461/461 462/462/462
v -7.7609072 10.9511223 4.1482911
vt 0.3236157 0.5942793
vn -0.0764830 0.9211974 0.3815045
v -11.3220177 9.5630140 6.7861562
vt 0.2426814 0.6542308
vn -0.0764830 0.9211974 0.3815045
v -7.3169327 10.6812191 4.8890181
vt 0.3337061 0.6111140
vn -0.0764830 0.9211974 0.3815045
f 463/463/463 464/464/464 465/465/465
v -8.1301403 11.1056070 3.3676143
vt 0.3152241 0.5765367
vn -0.2160905 0.9332748 0.2868850
v -11.9326582 9.5255032 5.6437273
vt 0.2288032 0.6282665
vn -0.2160905 0.9332748 0.2868850
v -7.7609072 10.9511223 4.1482911
vt 0.3236157 0.5942793
vn -0.2160905 0.9332748 0.2868850
f 466/466/466 467/467/467 468/468/468
v -8.4210749 10.7958946 2.5545051
vt 0.3086119 0.5580569
vn -0.4353471 0.8820436 -0.1802000
v -12.4283819 9.2046452 4.4469461
vt 0.2175368 0.6010670
vn -0.4353471 0.8820436 -0.1802000
v -8.1301403 11.1056070 3.3676143
vt 0.3152241 0.5765367
vn -0.4353471 0.8820436 -0.1802000
f 469/469/469 470/470/470 471/471/471
v -8.6309109 10.7212191 1.7167948
vt 0.3038429 0.5390181
vn -0.3187805 0.9478172 -0.0046403
v -12.8044128 9.3248377 3.2073383
vt 0.2089906 0.5728941
vn -0.3187805 0.9478172 -0.0046403
v -8.4210749 10.7958946 2.5545051
vt 0.3086119 0.5580569
vn -0.3187805 0.9478172 -0.0046403
f 472/472/472 473/473/473 474/474/474
v -8.7576256 11.0501747 0.8625509
vt 0.3009631 0.5196034
vn -0.2067767 0.9023540 0.3781544
v -13.0571299 9.6147232 1.9368423
vt 0.2032470 0.5440191
vn -0.2067767 0.9023540 0.3781544
v -8.6309109 10.7212191 1.7167948
vt 0.3038429 0.5390181
vn -0.2067767 0.9023540 0.3781544
f 475/475/475 476/476/476 477/477/477
v -8.8000002 11.0400820 0.0000000
vt 0.3000000 0.5000000
vn -0.3458699 0.9382632 0.0060130
v -13.1841002 9.4198303 0.6476933
vt 0.2003614 0.5147203
vn -0.3458699 0.9382632 0.0060130
v -8.7576256 11.0501747 0.8625509
vt 0.3009631 0.5196034
vn -0.3458699 0.9382632 0.0060130
f 478/478/478 479/479/479 480/480/480
v -8.7576256 10.7137270 -0.8625509
vt 0.3009631 0.4803966
vn -0.3218712 0.8801773 -0.3488367
v -13.1841002 9.1801672 -0.6476933
vt 0.2003614 0.4852797
vn -0.3218712 0.8801773 -0.3488367
v -8.8000002 11.0400820 0.0000000
vt 0.3000000 0.5000000
vn -0.3218712 0.8801773 -0.3488367
f 481/481/481 482/482/482 483/483/483
v -8.6309109 10.8079176 -1.7167948
vt 0.3038429 0.4609819
vn -0.2981060 0.9525935 0.0608151
v -13.0571299 9.4368181 -1.9368423
vt 0.2032470 0.4559809
vn -0.2981060 0.9525935 0.0608151
v -8.7576256 10.7137270 -0.8625509
vt 0.3009631 0.4803966
vn -0.2981060 0.9525935 0.0608151
f 484/484/484 485/485/485 486/486/486
v -8.4210749 11.1100006 -2.5545051
vt 0.3086119 0.4419431
vn -0.3460705 0.9069005 0.2403470
v -12.8044128 9.6103458 -3.2073383
vt 0.2089906 0.4271059
vn -0.3460705 0.9069005 0.2403470
v -8.6309109 10.8079176 -1.7167948
vt 0.3038429 0.4609819
vn -0.3460705 0.9069005 0.2403470
f 487/487/487 488/488/488 489/489/489
v -8.1301403 10.9379673 -3.3676143
vt 0.3152241 0.4234633
vn -0.2739889 0.9163606 -0.2919133
v -12.4283819 9.3089781 -4.4469461
vt 0.2175368 0.3989330
vn -0.2739889 0.9163606 -0.2919133
v -8.4210749 11.1100006 -2.5545051
vt 0.3086119 0.4419431
vn -0.2739889 0.9163606 -0.2919133
f 490/490/490 491/491/491 492/492/492
v -7.7609072 10.6802149 -4.1482911
vt 0.3236157 0.4057207
vn -0.1806166 0.9053507 -0.3843408
v -11.9326582 9.2131100 -5.6437273
vt 0.2288032 0.3717335
vn -0.1806166 0.9053507 -0.3843408
v -8.1301403 10.9379673 -3.3676143
vt 0.3152241 0.4234633
vn -0.1806166 0.9053507 -0.3843408
f 493/493/493 494/494/494 495/495/495
v -7.3169327 10.9186687 -4.8890181
vt 0.3337061 0.3888860
vn -0.3596820 0.9293240 0.0835818
v -11.3220177 9.5391817 -6.7861562
vt 0.2426814 0.3457692
vn -0.3596820 0.9293240 0.0835818
v -7.7609072 10.6802149 -4.1482911
vt 0.3236157 0.4057207
vn -0.3596820 0.9293240 0.0835818
f 496/496/496 497/497/497 498/498/498
v -6.8024921 11.1149740 -5.5826607
vt 0.3453979 0.3731213
vn -0.3732267 0.9276304 -0.0142784
v -10.6023397 9.5510244 -7.8632307
vt 0.2590377 0.3212902
vn -0.3732267 0.9276304 -0.0142784
v -7.3169327 10.9186687 -4.8890181
vt 0.3337061 0.3888860
vn -0.3732267 0.9276304 -0.0142784
f 499/499/499 500/500/500 501/501/501
v -6.2225399 10.8259344 -6.2225399
vt 0.3585786 0.3585786
vn -0.0612276 0.8876404 -0.4564491
v -9.7805548 9.2219009 -8.8645782
vt 0.2777147 0.2985323
vn -0.0612276 0.8876404 -0.4564491
v -6.8024921 11.1149740 -5.5826607
vt 0.3453979 0.3731213
vn -0.0612276 0.8876404 -0.4564491
f 502/502/502 503/503/503 504/504/504
v -5.5826607 10.7041121 -6.8024921
vt 0.3731213 0.3453979
vn -0.1122005 0.9403035 -0.3213105
v -8.8645782 9.2948694 -9.7805548
vt 0.2985323 0.2777147
vn -0.1122005 0.9403035 -0.3213105
v -6.2225399 10.8259344 -6.2225399
vt 0.3585786 0.3585786
vn -0.1122005 0.9403035 -0.3213105
f 505/505/505 506/506/506 507/507/507
v -4.8890181 11.0245438 -7.3169327
vt 0.3888860 0.3337061
vn -0.4239296 0.9056643 -0.0074879
v -7.8632307 9.6051903 -10.6023397
vt 0.3212902 0.2590377
vn -0.4239296 0.9056643 -0.0074879
v -5.5826607 10.7041121 -6.8024921
vt 0.3731213 0.3453979
vn -0.4239296 0.9056643 -0.0074879
f 508/508/508 509/509/509 510/510/510
v -4.1482911 11.0637941 -7.7609072
vt 0.4057207 0.3236157
vn -0.2110101 0.9397503 -0.2689689
v -6.7861562 9.4522552 -11.3220177
vt 0.3457692 0.2426814
vn -0.2110101 0.9397503 -0.2689689
v -4.8890181 11.0245438 -7.3169327
vt 0.3888860 0.3337061
vn -0.2110101 0.9397503 -0.2689689
f 511/511/511 512/512/512 513/513/513
v -3.3676143 10.7332487 -8.1301403
vt 0.4234633 0.3152241
vn 0.1575905 0.8777063 -0.4525450
v -5.6437273 9.1813440 -11.9326582
vt 0.3717335 0.2288032
vn 0.1575905 0.8777063 -0.4525450
v -4.1482911 11.0637941 -7.7609072
vt 0.4057207 0.3236157
vn 0.1575905 0.8777063 -0.4525450
f 514/514/514 515/515/515 516/516/516
v -2.5545051 10.7791758 -8.4210749
vt 0.4419431 0.3086119
vn -0.1464262 0.9548488 -0.2585018
v -4.4469461 9.4040899 -12.4283819
vt 0.3989330 0.2175368
vn -0.1464262 0.9548488 -0.2585018
v -3.3676143 10.7332487 -8.1301403
vt 0.4234633 0.3152241
vn -0.1464262 0.9548488 -0.2585018
f 517/517/517 518/518/518 519/519/519
v -1.7167948 11.0978870 -8.6309109
vt 0.4609819 0.3038429
vn -0.3890563 0.9031781 -0.1813959
v -3.2073383 9.6176014 -12.8044128
vt 0.4271059 0.2089906
vn -0.3890563 0.9031781 -0.1813959
v -2.5545051 10.7791758 -8.4210749
vt 0.4419431 0.3086119
vn -0.3890563 0.9031781 -0.1813959
f 520/520/520 521/521/521 522/522/522
v -0.8625509 10.9698315 -8.7576256
vt 0.4803966 0.3009631
vn 0.0835201 0.9246959 -0.3714321
v -1.9368423 9.3398371 -13.0571299
vt 0.4559809 0.2032470
vn 0.0835201 0.9246959 -0.3714321
v -1.7167948 11.0978870 -8.6309109
vt 0.4609819 0.3038429
vn 0.0835201 0.9246959 -0.3714321
f 523/523/523 524/524/524 525/525/525
v -0.0000000 10.6841183 -8.8000002
vt 0.5000000 0.3000000
vn 0.2798102 0.8959050 -0.3450514
v -0.6476933 9.1979017 -13.1841002
vt 0.4852797 0.2003614
vn 0.2798102 0.8959050 -0.3450514
v -0.8625509 10.9698315 -8.7576256
vt 0.4803966 0.3009631
vn 0.2798102 0.8959050 -0.3450514
f 526/526/526 527/527/527 528/528/528
v 0.8625509 10.8857994 -8.7576256
vt 0.5196034 0.3009631
vn -0.2054013 0.9374884 -0.2809375
v 0.6476933 9.5122414 -13.1841002
vt 0.5147203 0.2003614
vn -0.2054013 0.9374884 -0.2809375
v -0.0000000 10.6841183 -8.8000002
vt 0.5000000 0.3000000
vn -0.2054013 0.9374884 -0.2809375
f 529/529/529 530/530/530 531/531/531
v 1.7167948 11.1195412 -8.6309109
vt 0.5390181 0.3038429
vn -0.2028354 0.9212376 -0.3319322
v 1.9368423 9.5731745 -13.0571299
vt 0.5440191 0.2032470
vn -0.2028354 0.9212376 -0.3319322
v 0.8625509 10.8857994 -8.7576256
vt 0.5196034 0.3009631
vn -0.2028354 0.9212376 -0.3319322
f 532/532/532 533/533/533 534/534/534
v 2.5545051 10.8576279 -8.4210749
vt 0.5580569 0.3086119
vn 0.3493384 0.8949316 -0.2775973
v 3.2073383 9.2431326 -12.8044128
vt 0.5728941 0.2089906
vn 0.3493384 0.8949316 -0.2775973
v 1.7167948 11.1195412 -8.6309109
vt 0.5390181 0.3038429
vn 0.3493384 0.8949316 -0.2775973
f 535/535/535 536/536/536 537/537/537
v 3.3676143 10.6913776 -8.1301403
vt 0.5765367 0.3152241
vn 0.2759187 0.9309506 -0.2391644
v 4.4469461 9.2672482 -12.4283819
vt 0.6010670 0.2175368
vn 0.2759187 0.9309506 -0.2391644
v 2.5545051 10.8576279 -8.4210749
vt 0.5580569 0.3086119
vn 0.2759187 0.9309506 -0.2391644
f 538/538/538 539/539/539 540/540/540
v 4.1482911 10.9961319 -7.7609072
vt 0.5942793 0.3236157
vn -0.1799740 0.9109005 -0.3713083
v 5.6437273 9.5910759 -11.9326582
vt 0.6282665 0.2288032
vn -0.1799740 0.9109005 -0.3713083
v 3.3676143 10.6913776 -8.1301403
vt 0.5765367 0.3152241
vn -0.1799740 0.9109005 -0.3713083
f 541/541/541 542/542/542 543/543/543
v 4.8890181 11.0838499 -7.3169327
vt 0.6111140 0.3337061
vn 0.0885216 0.9387078 -0.3331541
v 6.7861562 9.4835138 -11.3220177
vt 0.6542308 0.2426814
vn 0.0885216 0.9387078 -0.3331541
v 4.1482911 10.9961319 -7.7609072
vt 0.5942793 0.3236157
vn 0.0885216 0.9387078 -0.3331541
f 544/544/544 545/545/545 546/546/546
v 5.5826607 10.7564917 -6.8024921
vt 0.6268787 0.3453979
vn 0.4726516 0.8777220 -0.0787685
v 7.8632307 9.1874037 -10.6023397
vt 0.6787098 0.2590377
vn 0.4726516 0.8777220 -0.0787685
v 4.8890181 11.0838499 -7.3169327
vt 0.6111140 0.3337061
vn 0.4726516 0.8777220 -0.0787685
f 547/547/547 548/548/548 549/549/549
v 6.2225399 10.7531309 -6.2225399
vt 0.6414214 0.3585786
vn 0.2037509 0.9541509 -0.2192755
v 8.8645782 9.3712702 -9.7805548
vt 0.7014677 0.2777147
vn 0.2037509 0.9541509 -0.2192755
v 5.5826607 10.7564917 -6.8024921
vt 0.6268787 0.3453979
vn 0.2037509 0.9541509 -0.2192755
f 550/550/550 551/551/551 552/552/552
v 6.8024921 11.0813551 -5.5826607
vt 0.6546021 0.3731213
vn -0.0336286 0.9013186 -0.4318495
v 9.7805548 9.6199999 -8.8645782
vt 0.7222853 0.2985323
vn -0.0336286 0.9013186 -0.4318495
v 6.2225399 10.7531309 -6.2225399
vt 0.6414214 0.3585786
vn -0.0336286 0.9013186 -0.4318495
f 553/553/553 554/554/554 555/555/555
v 7.3169327 11.0001364 -4.8890181
vt 0.6662939 0.3888860
vn 0.3353281 0.9317006 -0.1396033
v 10.6023397 9.3720388 -7.8632307
vt 0.7409623 0.3212902
vn 0.3353281 0.9317006 -0.1396033
v 6.8024921 11.0813551 -5.5826607
vt 0.6546021 0.3731213
vn 0.3353281 0.9317006 -0.1396033
f 556/556/556 557/557/557 558/558/558
v 7.7609072 10.6928415 -4.1482911
vt 0.6763843 0.4057207
vn 0.4489892 0.8880047 0.0992803
v 11.3220177 9.1872053 -6.7861562
vt 0.7573186 0.3457692
vn 0.4489892 0.8880047 0.0992803
v 7.3169327 11.0001364 -4.8890181
vt 0.6662939 0.3888860
vn 0.4489892 0.8880047 0.0992803
f 559/559/559 560/560/560 561/561/561
v 8.1301403 10.8532467 -3.3676143
vt 0.6847759 0.4234633
vn 0.1748329 0.9448792 -0.2768337
v 11.9326582 9.4827967 -5.6437273
vt 0.7711968 0.3717335
vn 0.1748329 0.9448792 -0.2768337
v 7.7609072 10.6928415 -4.1482911
vt 0.6763843 0.4057207
vn 0.1748329 0.9448792 -0.2768337
f 562/562/562 563/563/563 564/564/564
v 8.4210749 11.1192064 -2.5545051
vt 0.6913881 0.4419431
vn 0.1774726 0.9148373 -0.3627345
v 12.4283819 9.5914583 -4.4469461
vt 0.7824632 0.3989330
vn 0.1774726 0.9148373 -0.3627345
v 8.1301403 10.8532467 -3.3676143
vt 0.6847759 0.4234633
vn 0.1774726 0.9148373 -0.3627345
f 565/565/565 566/566/566 567/567/567
v 8.6309109 10.8902664 -1.7167948
vt 0.6961571 0.4609819
vn 0.4032744 0.9033778 0.1458712
v 12.8044128 9.2678671 -3.2073383
vt 0.7910094 0.4271059
vn 0.4032744 0.9033778 0.1458712
v 8.4210749 11.1192064 -2.5545051
vt 0.6913881 0.4419431
vn 0.4032744 0.9033778 0.1458712
f 568/568/568 569/569/569 570/570/570
v 8.7576256 10.6833019 -0.8625509
vt 0.6990369 0.4803966
vn 0.3511837 0.9205701 0.1709408
v 13.0571299 9.2425909 -1.9368423
vt 0.7967530 0.4559809
vn 0.3511837 0.9205701 0.1709408
v 8.6309109 10.8902664 -1.7167948
vt 0.6961571 0.4609819
vn 0.3511837 0.9205701 0.1709408
f 571/571/571 572/572/572 573/573/573
v 8.8000002 10.6813879 0.0000000
vt 0.7000000 0.5000000
vn 0.2437948 0.9697771 -0.0098249
v 13.1841002 9.5726957 -0.6476933
vt 0.7996386 0.4852797
vn 0.2437948 0.9697771 -0.0098249
v 8.7576256 10.6833019 -0.8625509
vt 0.6990369 0.4803966
vn 0.2437948 0.9697771 -0.0098249
f 574/574/574 575/575/575 576/576/576
v 13.1841002 9.5272570 0.6476933
vt 0.7996386 0.5147203
vn 0.4971640 0.8529187 0.1592411
v 17.2166958 6.9810042 1.6956965
vt 0.8912885 0.5385386
vn 0.4971640 0.8529187 0.1592411
v 17.2999992 7.2490358 0.0000000
vt 0.8931818 0.5000000
vn 0.4971640 0.8529187 0.1592411
f 577/577/577 578/578/578 579/579/579
v 13.0571299 9.5615673 1.9368423
vt 0.7967530 0.5440191
vn 0.5252891 0.8501327 -0.0366856
v 16.9675846 7.2073970 3.3750625
vt 0.8856269 0.5767060
vn 0.5252891 0.8501327 -0.0366856
v 17.2166958 6.9810042 1.6956965
vt 0.8912885 0.5385386
vn 0.5252891 0.8501327 -0.0366856
f 580/580/580 581/581/581 582/582/582
v 12.8044128 9.2311087 3.2073383
vt 0.7910094 0.5728941
vn 0.4373397 0.8992828 -0.0049567
v 16.5550671 7.4170899 5.0219250
vt 0.8762515 0.6141347
vn 0.4373397 0.8992828 -0.0049567
v 16.9675846 7.2073970 3.3750625
vt 0.8856269 0.5767060
vn 0.4373397 0.8992828 -0.0049567
f 583/583/583 584/584/584 585/585/585
v 12.4283819 9.2819538 4.4469461
vt 0.7824632 0.6010670
vn 0.3614546 0.8877421 0.2850693
v 15.9831161 7.1366611 6.6204233
vt 0.8632526 0.6504642
vn 0.3614546 0.8877421 0.2850693
v 16.5550671 7.4170899 5.0219250
vt 0.8762515 0.6141347
vn 0.3614546 0.8877421 0.2850693
f 586/586/586 587/587/587 588/588/588
v 11.9326582 9.5993099 5.6437273
vt 0.7711968 0.6282665
vn 0.4461965 0.8476868 0.2869420
v 15.2572374 6.9992318 8.1551638
vt 0.8467554 0.6853446
vn 0.4461965 0.8476868 0.2869420
v 15.9831161 7.1366611 6.6204233
vt 0.8632526 0.6504642
vn 0.4461965 0.8476868 0.2869420
f 589/589/589 590/590/590 591/591/591
v 11.3220177 9.4666862 6.7861562
vt 0.7573186 0.6542308
vn 0.4993224 0.8590204 0.1129651
v 14.3844242 7.3150744 9.6113653
vt 0.8269187 0.7184401
vn 0.4993224 0.8590204 0.1129651
v 15.2572374 6.9992318 8.1551638
vt 0.8467554 0.6853446
vn 0.4993224 0.8590204 0.1129651
f 592/592/592 593/593/593 594/594/594
v 10.6023397 9.1835060 7.8632307
vt 0.7409623 0.6787098
vn 0.3480886 0.9111084 0.2207170
v 13.3730812 7.3711147 10.9750042
vt 0.8039337 0.7494319
vn 0.3480886 0.9111084 0.2207170
v 14.3844242 7.3150744 9.6113653
vt 0.8269187 0.7184401
vn 0.3480886 0.9111084 0.2207170
f 595/595/595 596/596/596 597/597/597
v 9.7805548 9.3891020 8.8645782
vt 0.7222853 0.7014677
vn 0.2310648 0.8689820 0.4375837
v 12.2329473 7.0408311 12.2329473
vt 0.7780215 0.7780215
vn 0.2310648 0.8689820 0.4375837
v 13.3730812 7.3711147 10.9750042
vt 0.8039337 0.7494319
vn 0.2310648 0.8689820 0.4375837
f 598/598/598 599/599/599 600/600/600
v 8.8645782 9.6193027 9.7805548
vt 0.7014677 0.7222853
vn 0.3680769 0.8465577 0.3845250
v 10.9750042 7.0699015 13.3730812
vt 0.7494319 0.8039337
vn 0.3680769 0.8465577 0.3845250
v 12.2329473 7.0408311 12.2329473
vt 0.7780215 0.7780215
vn 0.3680769 0.8465577 0.3845250
f 601/601/601 602/602/602 603/603/603
v 7.8632307 9.3543863 10.6023397
vt 0.6787098 0.7409623
vn 0.4047718 0.8746927 0.2665944
v 9.6113653 7.3926940 14.3844242
vt 0.7184401 0.8269187
vn 0.4047718 0.8746927 0.2665944
v 10.9750042 7.0699015 13.3730812
vt 0.7494319 0.8039337
vn 0.4047718 0.8746927 0.2665944
f 604/604/604 605/605/605 606/606/606
v 6.7861562 9.1924515 11.3220177
vt 0.6542308 0.7573186
vn 0.1609898 0.9085781 0.3854454
v 8.1551638 7.2804437 15.2572374
vt 0.6853446 0.8467554
vn 0.1609898 0.9085781 0.3854454
v 9.6113653 7.3926940 14.3844242
vt 0.7184401 0.8269187
vn 0.1609898 0.9085781 0.3854454
f 607/607/607 608/608/608 609/609/609
v 5.6437273 9.4990969 11.9326582
vt 0.6282665 0.7711968
vn 0.0782579 0.8555237 0.5118154
v 6.6204233 6.9865766 15.9831161
vt 0.6504642 0.8632526
vn 0.0782579 0.8555237 0.5118154
v 8.1551638 7.2804437 15.2572374
vt 0.6853446 0.8467554
vn 0.0782579 0.8555237 0.5118154
f 610/610/610 611/611/611 612/612/612
v 4.4469461 9.5820122 12.4283819
vt 0.6010670 0.7824632
vn 0.2638108 0.8487065 0.4583679
v 5.0219250 7.1745534 16.5550671
vt 0.6141347 0.8762515
vn 0.2638108 0.8487065 0.4583679
v 6.6204233 6.9865766 15.9831161
vt 0.6504642 0.8632526
vn 0.2638108 0.8487065 0.4583679
f 613/613/613 614/614/614 615/615/615
v 3.2073383 9.2540007 12.8044128
vt 0.5728941 0.7910094
vn 0.2295826 0.8940695 0.3846190
v 3.3750625 7.4199805 16.9675846
vt 0.5767060 0.8856269
vn 0.2295826 0.8940695 0.3846190
v 5.0219250 7.1745534 16.5550671
vt 0.6141347 0.8762515
vn 0.2295826 0.8940695 0.3846190
f 616/616/616 617/617/617 618/618/618
v 1.9368423 9.2556105 13.0571299
vt 0.5440191 0.7967530
vn -0.0677363 0.8933345 0.4442581
v 1.6956965 7.1687603 17.2166958
vt 0.5385386 0.8912885
vn -0.0677363 0.8933345 0.4442581
v 3.3750625 7.4199805 16.9675846
vt 0.5767060 0.8856269
vn -0.0677363 0.8933345 0.4442581
f 619/619/619 620/620/620 621/621/621
v 0.6476933 9.5832071 13.1841002
vt 0.5147203 0.7996386
vn -0.0646462 0.8486837 0.5249351
v 0.0000000 6.9880695 17.2999992
vt 0.5000000 0.8931818
vn -0.0646462 0.8486837 0.5249351
v 1.6956965 7.1687603 17.2166958
vt 0.5385386 0.8912885
vn -0.0646462 0.8486837 0.5249351
f 622/622/622 623/623/623 624/624/624
v -0.6476933 9.4971790 13.1841002
vt 0.4852797 0.7996386
vn 0.1256218 0.8557494 0.5019085
v -1.6956965 7.2858520 17.2166958
vt 0.4614614 0.8912885
vn 0.1256218 0.8557494 0.5019085
v 0.0000000 6.9880695 17.2999992
vt 0.5000000 0.8931818
vn 0.1256218 0.8557494 0.5019085
f 625/625/625 626/626/626 627/627/627
v -1.9368423 9.1917505 13.0571299
vt 0.4559809 0.7967530
vn -0.0055614 0.9089757 0.4168119
v -3.3750625 7.3898072 16.9675846
vt 0.4232940 0.8856269
vn -0.0055614 0.9089757 0.4168119
v -1.6956965 7.2858520 17.2166958
vt 0.4614614 0.8912885
vn -0.0055614 0.9089757 0.4168119
f 628/628/628 629/629/629 630/630/630
v -3.2073383 9.3564844 12.8044128
vt 0.4271059 0.7910094
vn -0.2729356 0.8740575 0.4019078
v -5.0219250 7.0652366 16.5550671
vt 0.3858653 0.8762515
vn -0.2729356 0.8740575 0.4019078
v -3.3750625 7.3898072 16.9675846
vt 0.4232940 0.8856269
vn -0.2729356 0.8740575 0.4019078
f 631/631/631 632/632/632 633/633/633
v -4.4469461 9.6194630 12.4283819
vt 0.3989330 0.7824632
vn -0.1888295 0.8465613 0.4976721
v -6.6204233 7.0449195 15.9831161
vt 0.3495358 0.8632526
vn -0.1888295 0.8465613 0.4976721
v -5.0219250 7.0652366 16.5550671
vt 0.3858653 0.8762515
vn -0.1888295 0.8465613 0.4976721
f 634/634/634 635/635/635 636/636/636
v -5.6437273 9.3869629 11.9326582
vt 0.3717335 0.7711968
vn -0.0457247 0.8695332 0.4917532
v -8.1551638 7.3747258 15.2572374
vt 0.3146554 0.8467554
vn -0.0457247 0.8695332 0.4917532
v -6.6204233 7.0449195 15.9831161
vt 0.3495358 0.8632526
vn -0.0457247 0.8695332 0.4917532
f 637/637/637 638/638/638 639/639/639
v -6.7861562 9.1838970 11.3220177
vt 0.3457692 0.7573186
vn -0.2411650 0.9108801 0.3348686
v -9.6113653 7.3100553 14.3844242
vt 0.2815599 0.8269187
vn -0.2411650 0.9108801 0.3348686
v -8.1551638 7.3747258 15.2572374
vt 0.3146554 0.8467554
vn -0.2411650 0.9108801 0.3348686
f 640/640/640 641/641/641 642/642/642
v -7.8632307 9.4687252 10.6023397
vt 0.3212902 0.7409623
vn -0.4175481 0.8587047 0.2971191
v -10.9750042 6.9969144 13.3730812
vt 0.2505681 0.8039337
vn -0.4175481 0.8587047 0.2971191
v -9.6113653 7.3100553 14.3844242
vt 0.2815599 0.8269187
vn -0.4175481 0.8587047 0.2971191
f 643/643/643 644/644/644 645/645/645
v -8.8645782 9.5983934 9.7805548
vt 0.2985323 0.7222853
vn -0.2991308 0.8476874 0.4381172
v -12.2329473 7.1422777 12.2329473
vt 0.2219785 0.7780215
vn -0.2991308 0.8476874 0.4381172
v -10.9750042 6.9969144 13.3730812
vt 0.2505681 0.8039337
vn -0.2991308 0.8476874 0.4381172
f 646/646/646 647/647/647 648/648/648
v -9.7805548 9.2801514 8.8645782
vt 0.2777147 0.7014677
vn -0.2258917 0.8884882 0.3994516
v -13.3730812 7.4179602 10.9750042
vt 0.1960663 0.7494319
vn -0.2258917 0.8884882 0.3994516
v -12.2329473 7.1422777 12.2329473
vt 0.2219785 0.7780215
vn -0.2258917 0.8884882 0.3994516
f 649/649/649 650/650/650 651/651/651
v -10.6023397 9.2324905 7.8632307
vt 0.2590377 0.6787098
vn -0.4084371 0.8985983 0.1603138
v -14.3844242 7.2015567 9.6113653
vt 0.1730813 0.7184401
vn -0.4084371 0.8985983 0.1603138
v -13.3730812 7.4179602 10.9750042
vt 0.1960663 0.7494319
vn -0.4084371 0.8985983 0.1603138
f 652/652/652 653/653/653 654/654/654
v -11.3220177 9.5630140 6.7861562
vt 0.2426814 0.6542308
vn -0.4983642 0.8500714 0.1703285
v -15.2572374 6.9816384 8.1551638
vt 0.1532446 0.6853446
vn -0.4983642 0.8500714 0.1703285
v -14.3844242 7.2015567 9.6113653
vt 0.1730813 0.7184401
vn -0.4983642 0.8500714 0.1703285
f 655/655/655 656/656/656 657/657/657
v -11.9326582 9.5255032 5.6437273
vt 0.2288032 0.6282665
vn -0.3964379 0.8530661 0.3392862
v -15.9831161 7.2547126 6.6204233
vt 0.1367474 0.6504642
vn -0.3964379 0.8530661 0.3392862
v -15.2572374 6.9816384 8.1551638
vt 0.1532446 0.6853446
vn -0.3964379 0.8530661 0.3392862
f 658/658/658 659/659/659 660/660/660
v -12.4283819 9.2046452 4.4469461
vt 0.2175368 0.6010670
vn -0.3651282 0.9057004 0.2153789
v -16.5550671 7.4042625 5.0219250
vt 0.1237485 0.6141347
vn -0.3651282 0.9057004 0.2153789
v -15.9831161 7.2547126 6.6204233
vt 0.1367474 0.6504642
vn -0.3651282 0.9057004 0.2153789
f 661/661/661 662/662/662 663/663/663
v -12.8044128 9.3248377 3.2073383
vt 0.2089906 0.5728941
vn -0.4734916 0.8794997 -0.0478114
v -16.9675846 7.0926509 3.3750625
vt 0.1143731 0.5767060
vn -0.4734916 0.8794997 -0.0478114
v -16.5550671 7.4042625 5.0219250
vt 0.1237485 0.6141347
vn -0.4734916 0.8794997 -0.0478114
f 664/664/664 665/665/665 666/666/666
v -13.0571299 9.6147232 1.9368423
vt 0.2032470 0.5440191
vn -0.5300840 0.8468179 0.0437113
v -17.2166958 7.0234003 1.6956965
vt 0.1087115 0.5385386
vn -0.5300840 0.8468179 0.0437113
v -16.9675846 7.0926509 3.3750625
vt 0.1143731 0.5767060
vn -0.5300840 0.8468179 0.0437113
f 667/667/667 668/668/668 669/669/669
v -13.1841002 9.4198303 0.6476933
vt 0.2003614 0.5147203
vn -0.4643506 0.8648455 0.1908424
v -17.2999992 7.3528566 0.0000000
vt 0.1068182 0.5000000
vn -0.4643506 0.8648455 0.1908424
v -17.2166958 7.0234003 1.6956965
vt 0.1087115 0.5385386
vn -0.4643506 0.8648455 0.1908424
f 670/670/670 671/671/671 672/672/672
v -13.1841002 9.1801672 -0.6476933
vt 0.2003614 0.4852797
vn -0.4093528 0.9119301 -0.0285245
v -17.2166958 7.3372102 -1.6956965
vt 0.1087115 0.4614614
vn -0.4093528 0.9119301 -0.0285245
v -17.2999992 7.3528566 0.0000000
vt 0.1068182 0.5000000
vn -0.4093528 0.9119301 -0.0285245
f 673/673/673 674/674/674 675/675/675
v -13.0571299 9.4368181 -1.9368423
vt 0.2032470 0.4559809
vn -0.4488986 0.8624769 -0.2337173
v -16.9675846 7.0117855 -3.3750625
vt 0.1143731 0.4232940
vn -0.4488986 0.8624769 -0.2337173
v -17.2166958 7.3372102 -1.6956965
vt 0.1087115 0.4614614
vn -0.4488986 0.8624769 -0.2337173
f 676/676/676 677/677/677 678/678/678
v -12.8044128 9.6103458 -3.2073383
vt 0.2089906 0.4271059
vn -0.5254474 0.8470151 -0.0804403
v -16.5550671 7.1112905 -5.0219250
vt 0.1237485 0.3858653
vn -0.5254474 0.8470151 -0.0804403
v -16.9675846 7.0117855 -3.3750625
vt 0.1143731 0.4232940
vn -0.5254474 0.8470151 -0.0804403
f 679/679/679 680/680/680 681/681/681
v -12.4283819 9.3089781 -4.4469461
vt 0.2175368 0.3989330
vn -0.4697772 0.8827814 -0.0025314
v -15.9831161 7.4110737 -6.6204233
vt 0.1367474 0.3495358
vn -0.4697772 0.8827814 -0.0025314
v -16.5550671 7.1112905 -5.0219250
vt 0.1237485 0.3858653
vn -0.4697772 0.8827814 -0.0025314
f 682/682/682 683/683/683 684/684/684
v -11.9326582 9.2131100 -5.6437273
vt 0.2288032 0.3717335
vn -0.3382109 0.9032835 -0.2639928
v -15.2572374 7.2343183 -8.1551638
vt 0.1532446 0.3146554
vn -0.3382109 0.9032835 -0.2639928
v -15.9831161 7.4110737 -6.6204233
vt 0.1367474 0.3495358
vn -0.3382109 0.9032835 -0.2639928
f 685/685/685 686/686/686 687/687/687
v -11.3220177 9.5391817 -6.7861562
vt 0.2426814 0.3457692
vn -0.3700608 0.8519128 -0.3705398
v -14.3844242 6.9800825 -9.6113653
vt 0.1730813 0.2815599
vn -0.3700608 0.8519128 -0.3705398
v -15.2572374 7.2343183 -8.1551638
vt 0.1532446 0.3146554
vn -0.3700608 0.8519128 -0.3705398
f 688/688/688 689/689/689 690/690/690
v -10.6023397 9.5510244 -7.8632307
vt 0.2590377 0.3212902
vn -0.4828089 0.8509349 -0.2068948
v -13.3730812 7.2223520 -10.9750042
vt 0.1960663 0.2505681
vn -0.4828089 0.8509349 -0.2068948
v -14.3844242 6.9800825 -9.6113653
vt 0.1730813 0.2815599
vn -0.4828089 0.8509349 -0.2068948
f 691/691/691 692/692/692 693/693/693
v -9.7805548 9.2219009 -8.8645782
vt 0.2777147 0.2985323
vn -0.3801080 0.9014681 -0.2070584
v -12.2329473 7.4141574 -12.2329473
vt 0.2219785 0.2219785
vn -0.3801080 0.9014681 -0.2070584
v -13.3730812 7.2223520 -10.9750042
vt 0.1960663 0.2505681
vn -0.3801080 0.9014681 -0.2070584
f 694/694/694 695/695/695 696/696/696
v -8.8645782 9.2948694 -9.7805548
vt 0.2985323 0.2777147
vn -0.1826333 0.8851506 -0.4279645
v -10.9750042 7.1224618 -13.3730812
vt 0.2505681 0.1960663
vn -0.1826333 0.8851506 -0.4279645
v -12.2329473 7.4141574 -12.2329473
vt 0.2219785 0.2219785
vn -0.1826333 0.8851506 -0.4279645
f 697/697/697 698/698/698 699/699/699
v -7.8632307 9.6051903 -10.6023397
vt 0.3212902 0.2590377
vn -0.2676757 0.8473461 -0.4586440
v -9.6113653 7.0058231 -14.3844242
vt 0.2815599 0.1730813
vn -0.2676757 0.8473461 -0.4586440
v -10.9750042 7.1224618 -13.3730812
vt 0.2505681 0.1960663
vn -0.2676757 0.8473461 -0.4586440
f 700/700/700 701/701/701 702/702/702
v -6.7861562 9.4522552 -11.3220177
vt 0.3457692 0.2426814
vn -0.3878416 0.8607097 -0.3297846
v -8.1551638 7.3275752 -15.2572374
vt 0.3146554 0.1532446
vn -0.3878416 0.8607097 -0.3297846
v -9.6113653 7.0058231 -14.3844242
vt 0.2815599 0.1730813
vn -0.3878416 0.8607097 -0.3297846
f 703/703/703 704/704/704 705/705/705
v -5.6437273 9.1813440 -11.9326582
vt 0.3717335 0.2288032
vn -0.1918987 0.9116646 -0.3633765
v -6.6204233 7.3613019 -15.9831161
vt 0.3495358 0.1367474
vn -0.1918987 0.9116646 -0.3633765
v -8.1551638 7.3275752 -15.2572374
vt 0.3146554 0.1532446
vn -0.1918987 0.9116646 -0.3633765
f 706/706/706 707/707/707 708/708/708
v -4.4469461 9.4040899 -12.4283819
vt 0.3989330 0.2175368
vn 0.0007838 0.8668237 -0.4986141
v -5.0219250 7.0308590 -16.5550671
vt 0.3858653 0.1237485
vn 0.0007838 0.8668237 -0.4986141
v -6.6204233 7.3613019 -15.9831161
vt 0.3495358 0.1367474
vn 0.0007838 0.8668237 -0.4986141
f 709/709/709 710/710/710 711/711/711
v -3.2073383 9.6176014 -12.8044128
vt 0.4271059 0.2089906
vn -0.1540320 0.8466398 -0.5093871
v -3.3750625 7.0822840 -16.9675846
vt 0.4232940 0.1143731
vn -0.1540320 0.8466398 -0.5093871
v -5.0219250 7.0308590 -16.5550671
vt 0.3858653 0.1237485
vn -0.1540320 0.8466398 -0.5093871
f 712/712/712 713/713/713 714/714/714
v -1.9368423 9.3398371 -13.0571299
vt 0.4559809 0.2032470
vn -0.2283359 0.8771681 -0.4224204
v -1.6956965 7.3994751 -17.2166958
vt 0.4614614 0.1087115
vn -0.2283359 0.8771681 -0.4224204
v -3.3750625 7.0822840 -16.9675846
vt 0.4232940 0.1143731
vn -0.2283359 0.8771681 -0.4224204
f 715/715/715 716/716/716 717/717/717
v -0.6476933 9.1979017 -13.1841002
vt 0.4852797 0.2003614
vn 0.0507153 0.9071485 -0.4177433
v -0.0000000 7.2663136 -17.2999992
vt 0.5000000 0.1068182
vn 0.0507153 0.9071485 -0.4177433
v -1.6956965 7.3994751 -17.2166958
vt 0.4614614 0.1087115
vn 0.0507153 0.9071485 -0.4177433
f 718/718/718 719/719/719 720/720/720
v 0.6476933 9.5122414 -13.1841002
vt 0.5147203 0.2003614
vn 0.1666982 0.8542672 -0.4923813
v 1.6956965 6.9834366 -17.2166958
vt 0.5385386 0.1087115
vn 0.1666982 0.8542672 -0.4923813
v -0.0000000 7.2663136 -17.2999992
vt 0.5000000 0.1068182
vn 0.1666982 0.8542672 -0.4923813
f 721/721/721 722/722/722 723/723/723
v 1.9368423 9.5731745 -13.0571299
vt 0.5440191 0.2032470
vn -0.0259954 0.8493021 -0.5272668
v 3.3750625 7.1894927 -16.9675846
vt 0.5767060 0.1143731
vn -0.0259954 0.8493021 -0.5272668
v 1.6956965 6.9834366 -17.2166958
vt 0.5385386 0.1087115
vn -0.0259954 0.8493021 -0.5272668
f 724/724/724 725/725/725 726/726/726
v 3.2073383 9.2431326 -12.8044128
vt 0.5728941 0.2089906
vn -0.0141678 0.8965057 -0.4428057
v 5.0219250 7.4192710 -16.5550671
vt 0.6141347 0.1237485
vn -0.0141678 0.8965057 -0.4428057
v 3.3750625 7.1894927 -16.9675846
vt 0.5767060 0.1143731
vn -0.0141678 0.8965057 -0.4428057
f 727/727/727 728/728/728 729/729/729
v 4.4469461 9.2672482 -12.4283819
vt 0.6010670 0.2175368
vn 0.2767648 0.8908123 -0.3603538
v 6.6204233 7.1540036 -15.9831161
vt 0.6504642 0.1367474
vn 0.2767648 0.8908123 -0.3603538
v 5.0219250 7.4192710 -16.5550671
vt 0.6141347 0.1237485
vn 0.2767648 0.8908123 -0.3603538
f 730/730/730 731/731/731 732/732/732
v 5.6437273 9.5910759 -11.9326582
vt 0.6282665 0.2288032
vn 0.2967389 0.8481846 -0.4387809
v 8.1551638 6.9925818 -15.2572374
vt 0.6853446 0.1532446
vn 0.2967389 0.8481846 -0.4387809
v 6.6204233 7.1540036 -15.9831161
vt 0.6504642 0.1367474
vn 0.2967389 0.8481846 -0.4387809
f 733/733/733 734/734/734 735/735/735
v 6.7861562 9.4835138 -11.3220177
vt 0.6542308 0.2426814
vn 0.1196308 0.8571658 -0.5009545
v 9.6113653 7.2994456 -14.3844242
vt 0.7184401 0.1730813
vn 0.1196308 0.8571658 -0.5009545
v 8.1551638 6.9925818 -15.2572374
vt 0.6853446 0.1532446
vn 0.1196308 0.8571658 -0.5009545
f 736/736/736 737/737/737 738/738/738
v 7.8632307 9.1874037 -10.6023397
vt 0.6787098 0.2590377
vn 0.2099924 0.9100983 -0.3572454
v 10.9750042 7.3817925 -13.3730812
vt 0.7494319 0.1960663
vn 0.2099924 0.9100983 -0.3572454
v 9.6113653 7.2994456 -14.3844242
vt 0.7184401 0.1730813
vn 0.2099924 0.9100983 -0.3572454
f 739/739/739 740/740/740 741/741/741
v 8.8645782 9.3712702 -9.7805548
vt 0.7014677 0.2777147
vn 0.4338619 0.8716913 -0.2278554
v 12.2329473 7.0537086 -12.2329473
vt 0.7780215 0.2219785
vn 0.4338619 0.8716913 -0.2278554
v 10.9750042 7.3817925 -13.3730812
vt 0.7494319 0.1960663
vn 0.4338619 0.8716913 -0.2278554
f 742/742/742 743/743/743 744/744/744
v 9.7805548 9.6199999 -8.8645782
vt 0.7222853 0.2985323
vn 0.3937038 0.8465286 -0.3583108
v 13.3730812 7.0559053 -10.9750042
vt 0.8039337 0.2505681
vn 0.3937038 0.8465286 -0.3583108
v 12.2329473 7.0537086 -12.2329473
vt 0.7780215 0.2219785
vn 0.3937038 0.8465286 -0.3583108
f 745/745/745 746/746/746 747/747/747
v 10.6023397 9.3720388 -7.8632307
vt 0.7409623 0.3212902
vn 0.2693044 0.8718321 -0.4091258
v 14.3844242 7.3834233 -9.6113653
vt 0.8269187 0.2815599
vn 0.2693044 0.8718321 -0.4091258
v 13.3730812 7.0559053 -10.9750042
vt 0.8039337 0.2505681
vn 0.2693044 0.8718321 -0.4091258
f 748/748/748 749/749/749 750/750/750
v 11.3220177 9.1872053 -6.7861562
vt 0.7573186 0.3457692
vn 0.3772861 0.9099798 -0.1720233
v 15.2572374 7.2968283 -8.1551638
vt 0.8467554 0.3146554
vn 0.3772861 0.9099798 -0.1720233
v 14.3844242 7.3834233 -9.6113653
vt 0.8269187 0.2815599
vn 0.3772861 0.9099798 -0.1720233
f 751/751/751 752/752/752 753/753/753
v 11.9326582 9.4827967 -5.6437273
vt 0.7711968 0.3717335
vn 0.5101225 0.8571823 -0.0708084
v 15.9831161 6.9916253 -6.6204233
vt 0.8632526 0.3495358
vn 0.5101225 0.8571823 -0.0708084
v 15.2572374 7.2968283 -8.1551638
vt 0.8467554 0.3146554
vn 0.5101225 0.8571823 -0.0708084
f 754/754/754 755/755/755 756/756/756
v 12.4283819 9.5914583 -4.4469461
vt 0.7824632 0.3989330
vn 0.4649554 0.8481054 -0.2540350
v 16.5550671 7.1568675 -5.0219250
vt 0.8762515 0.3858653
vn 0.4649554 0.8481054 -0.2540350
v 15.9831161 6.9916253 -6.6204233
vt 0.8632526 0.3495358
vn 0.4649554 0.8481054 -0.2540350
f 757/757/757 758/758/758 759/759/759
v 12.8044128 9.2678671 -3.2073383
vt 0.7910094 0.4271059
vn 0.3859960 0.8910611 -0.2387827
v 16.9675846 7.4194894 -3.3750625
vt 0.8856269 0.4232940
vn 0.3859960 0.8910611 -0.2387827
v 16.5550671 7.1568675 -5.0219250
vt 0.8762515 0.3858653
vn 0.3859960 0.8910611 -0.2387827
f 760/760/760 761/761/761 762/762/762
v 13.0571299 9.2425909 -1.9368423
vt 0.7967530 0.4559809
vn 0.4395815 0.8962564 0.0590988
v 17.2166958 7.1865726 -1.6956965
vt 0.8912885 0.4614614
vn 0.4395815 0.8962564 0.0590988
v 16.9675846 7.4194894 -3.3750625
vt 0.8856269 0.4232940
vn 0.4395815 0.8962564 0.0590988
f 763/763/763 764/764/764 765/765/765
v 13.1841002 9.5726957 -0.6476933
vt 0.7996386 0.4852797
vn 0.4975478 0.8656057 -0.0563285
v 17.2999992 7.2490358 0.0000000
vt 0.8931818 0.5000000
vn 0.4975478 0.8656057 -0.0563285
v 17.2166958 7.1865726 -1.6956965
vt 0.8912885 0.4614614
vn 0.4975478 0.8656057 -0.0563285
f 766/766/766 767/767/767 768/768/768
v 17.2166958 6.9810042 1.6956965
vt 0.8912885 0.5385386
vn 0.6948798 0.7042617 0.1454566
v 20.2755470 4.1074004 0.9960738
vt 0.9608079 0.5226380
vn 0.6948798 0.7042617 0.1454566
v 17.2999992 7.2490358 0.0000000
vt 0.8931818 0.5000000
vn 0.6948798 0.7042617 0.1454566
f 769/769/769 770/770/770 771/771/771
v 16.9675846 7.2073970 3.3750625
vt 0.8856269 0.5767060
vn 0.6656078 0.7462994 -0.0018736
v 20.0802822 4.4302564 2.9786286
vt 0.9563701 0.5676961
vn 0.6656078 0.7462994 -0.0018736
v 17.2166958 6.9810042 1.6956965
vt 0.8912885 0.5385386
vn 0.6656078 0.7462994 -0.0018736
f 772/772/772 773/773/773 774/774/774
v 16.5550671 7.4170899 5.0219250
vt 0.8762515 0.6141347
vn 0.6851315 0.7240767 0.0794208
v 19.6916351 4.4590340 4.9324975
vt 0.9475372 0.6121022
vn 0.6851315 0.7240767 0.0794208
v 16.9675846 7.2073970 3.3750625
vt 0.8856269 0.5767060
vn 0.6851315 0.7240767 0.0794208
f 775/775/775 776/776/776 777/777/777
v 15.9831161 7.1366611 6.6204233
vt 0.8632526 0.6504642
vn 0.6366853 0.6878870 0.3484871
v 19.1133442 4.1287627 6.8388638
vt 0.9343942 0.6554287
vn 0.6366853 0.6878870 0.3484871
v 16.5550671 7.4170899 5.0219250
vt 0.8762515 0.6141347
vn 0.6366853 0.6878870 0.3484871
f 778/778/778 779/779/779 780/780/780
v 15.2572374 6.9992318 8.1551638
vt 0.8467554 0.6853446
vn 0.5980438 0.7221987 0.3475236
v 18.3509827 4.1850920 8.6793680
vt 0.9170678 0.6972584
vn 0.5980438 0.7221987 0.3475236
v 15.9831161 7.1366611 6.6204233
vt 0.8632526 0.6504642
vn 0.5980438 0.7221987 0.3475236
f 781/781/781 782/782/782 783/783/783
v 14.3844242 7.3150744 9.6113653
vt 0.8269187 0.7184401
vn 0.6320804 0.7437409 0.2175407
v 17.4118900 4.5008478 10.4362860
vt 0.8957248 0.7371883
vn 0.6320804 0.7437409 0.2175407
v 15.2572374 6.9992318 8.1551638
vt 0.8467554 0.6853446
vn 0.6320804 0.7437409 0.2175407
f 784/784/784 785/785/785 786/786/786
v 13.3730812 7.3711147 10.9750042
vt 0.8039337 0.7494319
vn 0.5779089 0.7117127 0.3993576
v 16.3051128 4.3631516 12.0926962
vt 0.8705707 0.7748340
vn 0.5779089 0.7117127 0.3993576
v 14.3844242 7.3150744 9.6113653
vt 0.8269187 0.7184401
vn 0.5779089 0.7117127 0.3993576
f 787/787/787 788/788/788 789/789/789
v 12.2329473 7.0408311 12.2329473
vt 0.7780215 0.7780215
vn 0.4377604 0.6889684 0.5776576
v 15.0413074 4.0828786 13.6326466
vt 0.8418479 0.8098329
vn 0.4377604 0.6889684 0.5776576
v 13.3730812 7.3711147 10.9750042
vt 0.8039337 0.7494319
vn 0.4377604 0.6889684 0.5776576
f 790/790/790 791/791/791 792/792/792
v 10.9750042 7.0699015 13.3730812
vt 0.7494319 0.8039337
vn 0.4625320 0.7378898 0.4915109
v 13.6326466 4.2927980 15.0413074
vt 0.8098329 0.8418479
vn 0.4625320 0.7378898 0.4915109
v 12.2329473 7.0408311 12.2329473
vt 0.7780215 0.7780215
vn 0.4625320 0.7378898 0.4915109
f 793/793/793 794/794/794 795/795/795
v 9.6113653 7.3926940 14.3844242
vt 0.7184401 0.8269187
vn 0.5065675 0.7367454 0.4478789
v 12.0926962 4.5189772 16.3051128
vt 0.7748340 0.8705707
vn 0.5065675 0.7367454 0.4478789
v 10.9750042 7.0699015 13.3730812
vt 0.7494319 0.8039337
vn 0.5065675 0.7367454 0.4478789
f 796/796/796 797/797/797 798/798/798
v 8.1551638 7.2804437 15.2572374
vt 0.6853446 0.8467554
vn 0.3273497 0.6987986 0.6360210
v 10.4362860 4.2507739 17.4118900
vt 0.7371883 0.8957248
vn 0.3273497 0.6987986 0.6360210
v 9.6113653 7.3926940 14.3844242
vt 0.7184401 0.8269187
vn 0.3273497 0.6987986 0.6360210
f 799/799/799 800/800/800 801/801/801
v 6.6204233 6.9865766 15.9831161
vt 0.6504642 0.8632526
vn 0.1915541 0.6997018 0.6882764
v 8.6793680 4.0937080 18.3509827
vt 0.6972584 0.9170678
vn 0.1915541 0.6997018 0.6882764
v 8.1551638 7.2804437 15.2572374
vt 0.6853446 0.8467554
vn 0.1915541 0.6997018 0.6882764
f 802/802/802 803/803/803 804/804/804
v 5.0219250 7.1745534 16.5550671
vt 0.6141347 0.8762515
vn 0.3004675 0.7457160 0.5946654
v 6.8388638 4.4023852 19.1133442
vt 0.6554287 0.9343942
vn 0.3004675 0.7457160 0.5946654
v 6.6204233 6.9865766 15.9831161
vt 0.6504642 0.8632526
vn 0.3004675 0.7457160 0.5946654
f 805/805/805 806/806/806 807/807/807
v 3.3750625 7.4199805 16.9675846
vt 0.5767060 0.8856269
vn 0.2667876 0.7272551 0.6323957
v 4.9324975 4.4799085 19.6916351
vt 0.6121022 0.9475372
vn 0.2667876 0.7272551 0.6323957
v 5.0219250 7.1745534 16.5550671
vt 0.6141347 0.8762515
vn 0.2667876 0.7272551 0.6323957
f 808/808/808 809/809/809 810/810/810
v 1.6956965 7.1687603 17.2166958
vt 0.5385386 0.8912885
vn 0.0043419 0.6893289 0.7244355
v 2.9786286 4.1512542 20.0802822
vt 0.5676961 0.9563701
vn 0.0043419 0.6893289 0.7244355
v 3.3750625 7.4199805 16.9675846
vt 0.5767060 0.8856269
vn 0.0043419 0.6893289 0.7244355
f 811/811/811 812/812/812 813/813/813
v 0.0000000 6.9880695 17.2999992
vt 0.5000000 0.8931818
vn -0.0422064 0.7169102 0.6958868
v 0.9960738 4.1584215 20.2755470
vt 0.5226380 0.9608079
vn -0.0422064 0.7169102 0.6958868
v 1.6956965 7.1687603 17.2166958
vt 0.5385386 0.8912885
vn -0.0422064 0.7169102 0.6958868
f 814/814/814 815/815/815 816/816/816
v -1.6956965 7.2858520 17.2166958
vt 0.4614614 0.8912885
vn 0.0984373 0.7450826 0.6596681
v -0.9960738 4.4852290 20.2755470
vt 0.4773620 0.9608079
vn 0.0984373 0.7450826 0.6596681
v 0.0000000 6.9880695 17.2999992
vt 0.5000000 0.8931818
vn 0.0984373 0.7450826 0.6596681
f 817/817/817 818/818/818 819/819/819
v -3.3750625 7.3898072 16.9675846
vt 0.4232940 0.8856269
vn -0.0589756 0.7154707 0.6961491
v -2.9786286 4.3938470 20.0802822
vt 0.4323039 0.9563701
vn -0.0589756 0.7154707 0.6961491
v -1.6956965 7.2858520 17.2166958
vt 0.4614614 0.8912885
vn -0.0589756 0.7154707 0.6961491
f 820/820/820 821/821/821 822/822/822
v -5.0219250 7.0652366 16.5550671
vt 0.3858653 0.8762515
vn -0.3010225 0.6876324 0.6607172
v -4.9324975 4.0905876 19.6916351
vt 0.3878978 0.9475372
vn -0.3010225 0.6876324 0.6607172
v -3.3750625 7.3898072 16.9675846
vt 0.4232940 0.8856269
vn -0.3010225 0.6876324 0.6607172
f 823/823/823 824/824/824 825/825/825
v -6.6204233 7.0449195 15.9831161
vt 0.3495358 0.8632526
vn -0.2370537 0.7339880 0.6364488
v -6.8388638 4.2601166 19.1133442
vt 0.3445713 0.9343942
vn -0.2370537 0.7339880 0.6364488
v -5.0219250 7.0652366 16.5550671
vt 0.3858653 0.8762515
vn -0.2370537 0.7339880 0.6364488
f 826/826/826 827/827/827 828/828/828
v -8.1551638 7.3747258 15.2572374
vt 0.3146554 0.8467554
vn -0.1516106 0.7390653 0.6563511
v -8.6793680 4.5196900 18.3509827
vt 0.3027416 0.9170678
vn -0.1516106 0.7390653 0.6563511
v -6.6204233 7.0449195 15.9831161
vt 0.3495358 0.8632526
vn -0.1516106 0.7390653 0.6563511
f 829/829/829 830/830/830 831/831/831
v -9.6113653 7.3100553 14.3844242
vt 0.2815599 0.8269187
vn -0.3886250 0.7023893 0.5963389
v -10.4362860 4.2832718 17.4118900
vt 0.2628117 0.8957248
vn -0.3886250 0.7023893 0.5963389
v -8.1551638 7.3747258 15.2572374
vt 0.3146554 0.8467554
vn -0.3886250 0.7023893 0.5963389
f 832/832/832 833/833/833 834/834/834
v -10.9750042 6.9969144 13.3730812
vt 0.2505681 0.8039337
vn -0.5240899 0.6957089 0.4912423
v -12.0926962 4.0846205 16.3051128
vt 0.2251660 0.8705707
vn -0.5240899 0.6957089 0.4912423
v -9.6113653 7.3100553 14.3844242
vt 0.2815599 0.8269187
vn -0.5240899 0.6957089 0.4912423
f 835/835/835 836/836/836 837/837/837
v -12.2329473 7.1422777 12.2329473
vt 0.2219785 0.7780215
vn -0.3991514 0.7443977 0.5353038
v -13.6326466 4.3722291 15.0413074
vt 0.1901671 0.8418479
vn -0.3991514 0.7443977 0.5353038
v -10.9750042 6.9969144 13.3730812
vt 0.2505681 0.8039337
vn -0.3991514 0.7443977 0.5353038
f 838/838/838 839/839/839 840/840/840
v -13.3730812 7.4179602 10.9750042
vt 0.1960663 0.7494319
vn -0.4189004 0.7302350 0.5397030
v -15.0413074 4.4967666 13.6326466
vt 0.1581521 0.8098329
vn -0.4189004 0.7302350 0.5397030
v -12.2329473 7.1422777 12.2329473
vt 0.2219785 0.7780215
vn -0.4189004 0.7302350 0.5397030
f 841/841/841 842/842/842 843/843/843
v -14.3844242 7.2015567 9.6113653
vt 0.1730813 0.7184401
vn -0.6284336 0.6914377 0.3563498
v -16.3051128 4.1770663 12.0926962
vt 0.1294293 0.7748340
vn -0.6284336 0.6914377 0.3563498
v -13.3730812 7.4179602 10.9750042
vt 0.1960663 0.7494319
vn -0.6284336 0.6914377 0.3563498
f 844/844/844 845/845/845 846/846/846
v -15.2572374 6.9816384 8.1551638
vt 0.1532446 0.6853446
vn -0.6447973 0.7116118 0.2790075
v -17.4118900 4.1349120 10.4362860
vt 0.1042752 0.7371883
vn -0.6447973 0.7116118 0.2790075
v -14.3844242 7.2015567 9.6113653
vt 0.1730813 0.7184401
vn -0.6447973 0.7116118 0.2790075
f 847/847/847 848/848/848 849/849/849
v -15.9831161 7.2547126 6.6204233
vt 0.1367474 0.6504642
vn -0.5408751 0.7459799 0.3885462
v -18.3509827 4.4654751 8.6793680
vt 0.0829322 0.6972584
vn -0.5408751 0.7459799 0.3885462
v -15.2572374 6.9816384 8.1551638
vt 0.1532446 0.6853446
vn -0.5408751 0.7459799 0.3885462
f 850/850/850 851/851/851 852/852/852
v -16.5550671 7.4042625 5.0219250
vt 0.1237485 0.6141347
vn -0.6302201 0.7191015 0.2927727
v -19.1133442 4.4224472 6.8388638
vt 0.0656058 0.6554287
vn -0.6302201 0.7191015 0.2927727
v -15.9831161 7.2547126 6.6204233
vt 0.1367474 0.6504642
vn -0.6302201 0.7191015 0.2927727
f 853/853/853 854/854/854 855/855/855
v -16.9675846 7.0926509 3.3750625
vt 0.1143731 0.5767060
vn -0.7246959 0.6871409 0.0515092
v -19.6916351 4.1029716 4.9324975
vt 0.0524628 0.6121022
vn -0.7246959 0.6871409 0.0515092
v -16.5550671 7.4042625 5.0219250
vt 0.1237485 0.6141347
vn -0.7246959 0.6871409 0.0515092
f 856/856/856 857/857/857 858/858/858
v -17.2166958 7.0234003 1.6956965
vt 0.1087115 0.5385386
vn -0.6803081 0.7294955 0.0708330
v -20.0802822 4.2283249 2.9786286
vt 0.0436299 0.5676961
vn -0.6803081 0.7294955 0.0708330
v -16.9675846 7.0926509 3.3750625
vt 0.1143731 0.5767060
vn -0.6803081 0.7294955 0.0708330
f 859/859/859 860/860/860 861/861/861
v -17.2999992 7.3528566 0.0000000
vt 0.1068182 0.5000000
vn -0.6478861 0.7411665 0.1758292
v -20.2755470 4.5154982 0.9960738
vt 0.0391921 0.5226380
vn -0.6478861 0.7411665 0.1758292
v -17.2166958 7.0234003 1.6956965
vt 0.1087115 0.5385386
vn -0.6478861 0.7411665 0.1758292
f 862/862/862 863/863/863 864/864/864
v -17.2166958 7.3372102 -1.6956965
vt 0.1087115 0.4614614
vn -0.7068601 0.7061501 -0.0412412
v -20.2755470 4.3161435 -0.9960738
vt 0.0391921 0.4773620
vn -0.7068601 0.7061501 -0.0412412
v -17.2999992 7.3528566 0.0000000
vt 0.1068182 0.5000000
vn -0.7068601 0.7061501 -0.0412412
f 865/865/865 866/866/866 867/867/867
v -16.9675846 7.0117855 -3.3750625
vt 0.1143731 0.4232940
vn -0.6820534 0.6923986 -0.2353452
v -20.0802822 4.0803418 -2.9786286
vt 0.0436299 0.4323039
vn -0.6820534 0.6923986 -0.2353452
v -17.2166958 7.3372102 -1.6956965
vt 0.1087115 0.4614614
vn -0.6820534 0.6923986 -0.2353452
f 868/868/868 869/869/869 870/870/870
v -16.5550671 7.1112905 -5.0219250
vt 0.1237485 0.3858653
vn -0.6591792 0.7423066 -0.1202649
v -19.6916351 4.3404598 -4.9324975
vt 0.0524628 0.3878978
vn -0.6591792 0.7423066 -0.1202649
v -16.9675846 7.0117855 -3.3750625
vt 0.1143731 0.4232940
vn -0.6591792 0.7423066 -0.1202649
f 871/871/871 872/872/872 873/873/873
v -15.9831161 7.4110737 -6.6204233
vt 0.1367474 0.3495358
vn -0.6723456 0.7330227 -0.1030972
v -19.1133442 4.5092320 -6.8388638
vt 0.0656058 0.3445713
vn -0.6723456 0.7330227 -0.1030972
v -16.5550671 7.1112905 -5.0219250
vt 0.1237485 0.3858653
vn -0.6723456 0.7330227 -0.1030972
f 874/874/874 875/875/875 876/876/876
v -15.2572374 7.2343183 -8.1551638
vt 0.1532446 0.3146554
vn -0.6165643 0.6941152 -0.3715544
v -18.3509827 4.2056231 -8.6793680
vt 0.0829322 0.3027416
vn -0.6165643 0.6941152 -0.3715544
v -15.9831161 7.4110737 -6.6204233
vt 0.1367474 0.3495358
vn -0.6165643 0.6941152 -0.3715544
f 877/877/877 878/878/878 879/879/879
v -14.3844242 6.9800825 -9.6113653
vt 0.1730813 0.2815599
vn -0.5458237 0.7064894 -0.4504988
v -17.4118900 4.1150880 -10.4362860
vt 0.1042752 0.2628117
vn -0.5458237 0.7064894 -0.4504988
v -15.2572374 7.2343183 -8.1551638
vt 0.1532446 0.3146554
vn -0.5458237 0.7064894 -0.4504988
f 880/880/880 881/881/881 882/882/882
v -13.3730812 7.2223520 -10.9750042
vt 0.1960663 0.2505681
vn -0.5911428 0.7463392 -0.3058236
v -16.3051128 4.4420266 -12.0926962
vt 0.1294293 0.2251660
vn -0.5911428 0.7463392 -0.3058236
v -14.3844242 6.9800825 -9.6113653
vt 0.1730813 0.2815599
vn -0.5911428 0.7463392 -0.3058236
f 883/883/883 884/884/884 885/885/885
v -12.2329473 7.4141574 -12.2329473
vt 0.2219785 0.2219785
vn -0.5634610 0.7225624 -0.4005187
v -15.0413074 4.4483137 -13.6326466
vt 0.1581521 0.1901671
vn -0.5634610 0.7225624 -0.4005187
v -13.3730812 7.2223520 -10.9750042
vt 0.1960663 0.2505681
vn -0.5634610 0.7225624 -0.4005187
f 886/886/886 887/887/887 888/888/888
v -10.9750042 7.1224618 -13.3730812
vt 0.2505681 0.1960663
vn -0.3936791 0.6874737 -0.6102431
v -13.6326466 4.1197548 -15.0413074
vt 0.1901671 0.1581521
vn -0.3936791 0.6874737 -0.6102431
v -12.2329473 7.4141574 -12.2329473
vt 0.2219785 0.2219785
vn -0.3936791 0.6874737 -0.6102431
f 889/889/889 890/890/890 891/891/891
v -9.6113653 7.0058231 -14.3844242
vt 0.2815599 0.1730813
vn -0.3695118 0.7245542 -0.5817924
v -12.0926962 4.1981339 -16.3051128
vt 0.2251660 0.1294293
vn -0.3695118 0.7245542 -0.5817924
v -10.9750042 7.1224618 -13.3730812
vt 0.2505681 0.1960663
vn -0.3695118 0.7245542 -0.5817924
f 892/892/892 893/893/893 894/894/894
v -8.1551638 7.3275752 -15.2572374
vt 0.3146554 0.1532446
vn -0.4571587 0.7430059 -0.4888233
v -10.4362860 4.5064950 -17.4118900
vt 0.2628117 0.1042752
vn -0.4571587 0.7430059 -0.4888233
v -9.6113653 7.0058231 -14.3844242
vt 0.2815599 0.1730813
vn -0.4571587 0.7430059 -0.4888233
f 895/895/895 896/896/896 897/897/897
v -6.6204233 7.3613019 -15.9831161
vt 0.3495358 0.1367474
vn -0.3137857 0.7099746 -0.6304559
v -8.6793680 4.3486547 -18.3509827
vt 0.3027416 0.0829322
vn -0.3137857 0.7099746 -0.6304559
v -8.1551638 7.3275752 -15.2572374
vt 0.3146554 0.1532446
vn -0.3137857 0.7099746 -0.6304559
f 898/898/898 899/899/899 900/900/900
v -5.0219250 7.0308590 -16.5550671
vt 0.3858653 0.1237485
vn -0.1132358 0.6898564 -0.7150356
v -6.8388638 4.0809669 -19.1133442
vt 0.3445713 0.0656058
vn -0.1132358 0.6898564 -0.7150356
v -6.6204233 7.3613019 -15.9831161
vt 0.3495358 0.1367474
vn -0.1132358 0.6898564 -0.7150356
f 901/901/901 902/902/902 903/903/903
v -3.3750625 7.0822840 -16.9675846
vt 0.4232940 0.1143731
vn -0.1852153 0.7394418 -0.6472412
v -4.9324975 4.3077874 -19.6916351
vt 0.3878978 0.0524628
vn -0.1852153 0.7394418 -0.6472412
v -5.0219250 7.0308590 -16.5550671
vt 0.3858653 0.1237485
vn -0.1852153 0.7394418 -0.6472412
f 904/904/904 905/905/905 906/906/906
v -1.6956965 7.3994751 -17.2166958
vt 0.4614614 0.1087115
vn -0.2332767 0.7356228 -0.6359568
v -2.9786286 4.5170259 -20.0802822
vt 0.4323039 0.0436299
vn -0.2332767 0.7356228 -0.6359568
v -3.3750625 7.0822840 -16.9675846
vt 0.4232940 0.1143731
vn -0.2332767 0.7356228 -0.6359568
f 907/907/907 908/908/908 909/909/909
v -0.0000000 7.2663136 -17.2999992
vt 0.5000000 0.1068182
vn 0.0195524 0.6972501 -0.7165612
v -0.9960738 4.2362871 -20.2755470
vt 0.4773620 0.0391921
vn 0.0195524 0.6972501 -0.7165612
v -1.6956965 7.3994751 -17.2166958
vt 0.4614614 0.1087115
vn 0.0195524 0.6972501 -0.7165612
f 910/910/910 911/911/911 912/912/912
v 1.6956965 6.9834366 -17.2166958
vt 0.5385386 0.1087115
vn 0.1512633 0.7017173 -0.6962128
v 0.9960738 4.0993919 -20.2755470
vt 0.5226380 0.0391921
vn 0.1512633 0.7017173 -0.6962128
v -0.0000000 7.2663136 -17.2999992
vt 0.5000000 0.1068182
vn 0.1512633 0.7017173 -0.6962128
f 913/913/913 914/914/914 915/915/915
v 3.3750625 7.1894927 -16.9675846
vt 0.5767060 0.1143731
vn 0.0072249 0.7460694 -0.6658290
v 2.9786286 4.4154072 -20.0802822
vt 0.5676961 0.0436299
vn 0.0072249 0.7460694 -0.6658290
v 1.6956965 6.9834366 -17.2166958
vt 0.5385386 0.1087115
vn 0.0072249 0.7460694 -0.6658290
f 916/916/916 917/917/917 918/918/918
v 5.0219250 7.4192710 -16.5550671
vt 0.6141347 0.1237485
vn 0.0701335 0.7258316 -0.6842878
v 4.9324975 4.4708691 -19.6916351
vt 0.6121022 0.0524628
vn 0.0701335 0.7258316 -0.6842878
v 3.3750625 7.1894927 -16.9675846
vt 0.5767060 0.1143731
vn 0.0701335 0.7258316 -0.6842878
f 919/919/919 920/920/920 921/921/921
v 6.6204233 7.1540036 -15.9831161
vt 0.6504642 0.1367474
vn 0.3428939 0.6885839 -0.6389648
v 6.8388638 4.1405616 -19.1133442
vt 0.6554287 0.0656058
vn 0.3428939 0.6885839 -0.6389648
v 5.0219250 7.4192710 -16.5550671
vt 0.6141347 0.1237485
vn 0.3428939 0.6885839 -0.6389648
f 922/922/922 923/923/923 924/924/924
v 8.1551638 6.9925818 -15.2572374
vt 0.6853446 0.1532446
vn 0.3573928 0.7193326 -0.5956770
v 8.6793680 4.1702166 -18.3509827
vt 0.6972584 0.0829322
vn 0.3573928 0.7193326 -0.5956770
v 6.6204233 7.1540036 -15.9831161
vt 0.6504642 0.1367474
vn 0.3573928 0.7193326 -0.5956770
f 925/925/925 926/926/926 927/927/927
v 9.6113653 7.2994456 -14.3844242
vt 0.7184401 0.1730813
vn 0.2207440 0.7445210 -0.6300481
v 10.4362860 4.4928823 -17.4118900
vt 0.7371883 0.1042752
vn 0.2207440 0.7445210 -0.6300481
v 8.1551638 6.9925818 -15.2572374
vt 0.6853446 0.1532446
vn 0.2207440 0.7445210 -0.6300481
f 928/928/928 929/929/929 930/930/930
v 10.9750042 7.3817925 -13.3730812
vt 0.7494319 0.1960663
vn 0.3888978 0.7137707 -0.5824859
v 12.0926962 4.3800797 -16.3051128
vt 0.7748340 0.1294293
vn 0.3888978 0.7137707 -0.5824859
v 9.6113653 7.2994456 -14.3844242
vt 0.7184401 0.1730813
vn 0.3888978 0.7137707 -0.5824859
f 931/931/931 932/932/932 933/933/933
v 12.2329473 7.0537086 -12.2329473
vt 0.7780215 0.2219785
vn 0.5775495 0.6881360 -0.4392099
v 13.6326466 4.0864820 -15.0413074
vt 0.8098329 0.1581521
vn 0.5775495 0.6881360 -0.4392099
v 10.9750042 7.3817925 -13.3730812
vt 0.7494319 0.1960663
vn 0.5775495 0.6881360 -0.4392099
f 934/934/934 935/935/935 936/936/936
v 13.3730812 7.0559053 -10.9750042
vt 0.8039337 0.2505681
vn 0.5010939 0.7358463 -0.4554504
v 15.0413074 4.2749414 -13.6326466
vt 0.8418479 0.1901671
vn 0.5010939 0.7358463 -0.4554504
v 12.2329473 7.0537086 -12.2329473
vt 0.7780215 0.2219785
vn 0.5010939 0.7358463 -0.4554504
f 937/937/937 938/938/938 939/939/939
v 14.3844242 7.3834233 -9.6113653
vt 0.8269187 0.2815599
vn 0.4449596 0.7380334 -0.5072648
v 16.3051128 4.5199752 -12.0926962
vt 0.8705707 0.2251660
vn 0.4449596 0.7380334 -0.5072648
v 13.3730812 7.0559053 -10.9750042
vt 0.8039337 0.2505681
vn 0.4449596 0.7380334 -0.5072648
f 940/940/940 941/941/941 942/942/942
v 15.2572374 7.2968283 -8.1551638
vt 0.8467554 0.3146554
vn 0.6295368 0.7007252 -0.3356600
v 17.4118900 4.2683735 -10.4362860
vt 0.8957248 0.2628117
vn 0.6295368 0.7007252 -0.3356600
v 14.3844242 7.3834233 -9.6113653
vt 0.8269187 0.2815599
vn 0.6295368 0.7007252 -0.3356600
f 943/943/943 944/944/944 945/945/945
v 15.9831161 6.9916253 -6.6204233
vt 0.8632526 0.3495358
vn 0.6914439 0.6974500 -0.1883320
v 18.3509827 4.0881748 -8.6793680
vt 0.9170678 0.3027416
vn 0.6914439 0.6974500 -0.1883320
v 15.2572374 7.2968283 -8.1551638
vt 0.8467554 0.3146554
vn 0.6914439 0.6974500 -0.1883320
f 946/946/946 947/947/947 948/948/948
v 16.5550671 7.1568675 -5.0219250
vt 0.8762515 0.3858653
vn 0.5998185 0.7450929 -0.2916409
v 19.1133442 4.3862119 -6.8388638
vt 0.9343942 0.3445713
vn 0.5998185 0.7450929 -0.2916409
v 15.9831161 6.9916253 -6.6204233
vt 0.8632526 0.3495358
vn 0.5998185 0.7450929 -0.2916409
f 949/949/949 950/950/950 951/951/951
v 16.9675846 7.4194894 -3.3750625
vt 0.8856269 0.4232940
vn 0.6276360 0.7289017 -0.2734512
v 19.6916351 4.4896092 -4.9324975
vt 0.9475372 0.3878978
vn 0.6276360 0.7289017 -0.2734512
v 16.5550671 7.1568675 -5.0219250
vt 0.8762515 0.3858653
vn 0.6276360 0.7289017 -0.2734512
f 952/952/952 953/953/953 954/954/954
v 17.2166958 7.1865726 -1.6956965
vt 0.8912885 0.4614614
vn 0.7233357 0.6904000 -0.0115432
v 20.0802822 4.1649280 -2.9786286
vt 0.9563701 0.4323039
vn 0.7233357 0.6904000 -0.0115432
v 16.9675846 7.4194894 -3.3750625
vt 0.8856269 0.4232940
vn 0.7233357 0.6904000 -0.0115432
f 955/955/955 956/956/956 957/957/957
v 17.2999992 7.2490358 0.0000000
vt 0.8931818 0.5000000
vn 0.7107276 0.7008409 -0.0607319
v 20.2755470 4.1451969 -0.9960738
vt 0.9608079 0.4773620
vn 0.7107276 0.7008409 -0.0607319
v 17.2166958 7.1865726 -1.6956965
vt 0.8912885 0.4614614
vn 0.7107276 0.7008409 -0.0607319
f 958/958/958 959/959/959 960/960/960
v 20.2755470 4.1074004 0.9960738
vt 0.9608079 0.5226380
vn 0.9055281 0.2627033 -0.3331756
v 21.8940639 -0.0000000 2.1563771
vt 0.9975924 0.5490086
vn 0.9055281 0.2627033 -0.3331756
v 22.0000000 -3.0999999 0.0000000
vt 1.0000000 0.5000000
vn 0.9055281 0.2627033 -0.3331756
f 961/961/961 962/962/962 963/963/963
v 20.0802822 4.4302564 2.9786286
vt 0.9563701 0.5676961
vn 0.9253575 0.3533726 0.1372638
v 21.5772762 0.0000000 4.2919869
vt 0.9903926 0.5975452
vn 0.9253575 0.3533726 0.1372638
v 21.8940639 -0.0000000 2.1563771
vt 0.9975924 0.5490086
vn 0.9253575 0.3533726 0.1372638
f 964/964/964 965/965/965 966/966/966
v 19.6916351 4.4590340 4.9324975
vt 0.9475372 0.6121022
vn 0.9081773 0.3513740 0.2274869
v 21.0526867 0.0000000 6.3862629
vt 0.9784702 0.6451423
vn 0.9081773 0.3513740 0.2274869
v 21.5772762 0.0000000 4.2919869
vt 0.9903926 0.5975452
vn 0.9081773 0.3513740 0.2274869
f 967/967/967 968/968/968 969/969/969
v 18.3509827 4.1850920 8.6793680
vt 0.9170678 0.6972584
vn 0.8631601 0.3674791 0.3462857
v 21.0526867 0.0000000 6.3862629
vt 0.9784702 0.6451423
vn 0.8631601 0.3674791 0.3462857
v 19.1133442 4.1287627 6.8388638
vt 0.9343942 0.6554287
vn 0.8631601 0.3674791 0.3462857
f 970/970/970 971/971/971 972/972/972
v 18.3509827 4.1850920 8.6793680
vt 0.9170678 0.6972584
vn 0.9646612 0.2598844 0.0434599
v 19.4022675 -0.0000000 10.3707285
vt 0.9409606 0.7356984
vn 0.9646612 0.2598844 0.0434599
v 20.3253498 -3.0999999 8.4190359
vt 0.9619398 0.6913417
vn 0.9646612 0.2598844 0.0434599
f 973/973/973 974/974/974 975/975/975
v 17.4118900 4.5008478 10.4362860
vt 0.8957248 0.7371883
vn 0.8039541 0.3485081 0.4818715
v 18.2923317 0.0000000 12.2225447
vt 0.9157348 0.7777851
vn 0.8039541 0.3485081 0.4818715
v 19.4022675 -0.0000000 10.3707285
vt 0.9409606 0.7356984
vn 0.8039541 0.3485081 0.4818715
f 976/976/976 977/977/977 978/978/978
v 16.3051128 4.3631516 12.0926962
vt 0.8705707 0.7748340
vn 0.7499368 0.3581148 0.5561911
v 17.0062294 0.0000000 13.9566526
vt 0.8865052 0.8171967
vn 0.7499368 0.3581148 0.5561911
v 18.2923317 0.0000000 12.2225447
vt 0.9157348 0.7777851
vn 0.7499368 0.3581148 0.5561911
f 979/979/979 980/980/980 981/981/981
v 13.6326466 4.2927980 15.0413074
vt 0.8098329 0.8418479
vn 0.6822053 0.3779854 0.6258778
v 17.0062294 0.0000000 13.9566526
vt 0.8865052 0.8171967
vn 0.6822053 0.3779854 0.6258778
v 15.0413074 4.0828786 13.6326466
vt 0.8418479 0.8098329
vn 0.6822053 0.3779854 0.6258778
f 982/982/982 983/983/983 984/984/984
v 13.6326466 4.2927980 15.0413074
vt 0.8098329 0.8418479
vn 0.8728055 0.2560626 0.4155029
v 13.9566526 -0.0000000 17.0062294
vt 0.8171967 0.8865052
vn 0.8728055 0.2560626 0.4155029
v 15.5563488 -3.0999999 15.5563488
vt 0.8535534 0.8535534
vn 0.8728055 0.2560626 0.4155029
f 985/985/985 986/986/986 987/987/987
v 12.0926962 4.5189772 16.3051128
vt 0.7748340 0.8705707
vn 0.5586242 0.3472787 0.7532175
v 12.2225447 0.0000000 18.2923317
vt 0.7777851 0.9157348
vn 0.5586242 0.3472787 0.7532175
v 13.9566526 -0.0000000 17.0062294
vt 0.8171967 0.8865052
vn 0.5586242 0.3472787 0.7532175
f 988/988/988 989/989/989 990/990/990
v 10.4362860 4.2507739 17.4118900
vt 0.7371883 0.8957248
vn 0.4783656 0.3663262 0.7981049
v 10.3707285 0.0000000 19.4022675
vt 0.7356984 0.9409606
vn 0.4783656 0.3663262 0.7981049
v 12.2225447 0.0000000 18.2923317
vt 0.7777851 0.9157348
vn 0.4783656 0.3663262 0.7981049
f 991/991/991 992/992/992 993/993/993
v 6.8388638 4.4023852 19.1133442
vt 0.6554287 0.9343942
vn 0.4076296 0.3814744 0.8296478
v 10.3707285 0.0000000 19.4022675
vt 0.7356984 0.9409606
vn 0.4076296 0.3814744 0.8296478
v 8.6793680 4.0937080 18.3509827
vt 0.6972584 0.9170678
vn 0.4076296 0.3814744 0.8296478
f 994/994/994 995/995/995 996/996/996
v 6.8388638 4.4023852 19.1133442
vt 0.6554287 0.9343942
vn 0.6433474 0.2522739 0.7228153
v 6.3862629 0.0000000 21.0526867
vt 0.6451423 0.9784702
vn 0.6433474 0.2522739 0.7228153
v 8.4190359 -3.0999999 20.3253498
vt 0.6913417 0.9619398
vn 0.6433474 0.2522739 0.7228153
f 997/997/997 998/998/998 999/999/999
v 4.9324975 4.4799085 19.6916351
vt 0.6121022 0.9475372
vn 0.2276176 0.3499377 0.9086990
v 4.2919869 0.0000000 21.5772762
vt 0.5975452 0.9903926
vn 0.2276176 0.3499377 0.9086990
v 6.3862629 0.0000000 21.0526867
vt 0.6451423 0.9784702
vn 0.2276176 0.3499377 0.9086990
f 1000/1000/1000 1001/1001/1001 1002/1002/1002
v 2.9786286 4.1512542 20.0802822
vt 0.5676961 0.9563701
vn 0.1360884 0.3738931 0.9174334
v 2.1563771 0.0000000 21.8940639
vt 0.5490086 0.9975924
vn 0.1360884 0.3738931 0.9174334
v 4.2919869 0.0000000 21.5772762
vt 0.5975452 0.9903926
vn 0.1360884 0.3738931 0.9174334
f 1003/1003/1003 1004/1004/1004 1005/1005/1005
v -0.9960738 4.4852290 20.2755470
vt 0.4773620 0.9608079
vn 0.0618383 0.3769529 0.9241658
v 2.1563771 0.0000000 21.8940639
vt 0.5490086 0.9975924
vn 0.0618383 0.3769529 0.9241658
v 0.9960738 4.1584215 20.2755470
vt 0.5226380 0.9608079
vn 0.0618383 0.3769529 0.9241658
f 1006/1006/1006 1007/1007/1007 1008/1008/1008
v -0.9960738 4.4852290 20.2755470
vt 0.4773620 0.9608079
vn 0.3136344 0.2494746 0.9161855
v -2.1563771 0.0000000 21.8940639
vt 0.4509914 0.9975924
vn 0.3136344 0.2494746 0.9161855
v 0.0000000 -3.0999999 22.0000000
vt 0.5000000 1.0000000
vn 0.3136344 0.2494746 0.9161855
f 1009/1009/1009 1010/1010/1010 1011/1011/1011
v -2.9786286 4.3938470 20.0802822
vt 0.4323039 0.9563701
vn -0.1371214 0.3559312 0.9243976
v -4.2919869 0.0000000 21.5772762
vt 0.4024548 0.9903926
vn -0.1371214 0.3559312 0.9243976
v -2.1563771 0.0000000 21.8940639
vt 0.4509914 0.9975924
vn -0.1371214 0.3559312 0.9243976
f 1012/1012/1012 1013/1013/1013 1014/1014/1014
v -4.9324975 4.0905876 19.6916351
vt 0.3878978 0.9475372
vn -0.2248884 0.3786477 0.8978035
v -6.3862629 0.0000000 21.0526867
vt 0.3548577 0.9784702
vn -0.2248884 0.3786477 0.8978035
v -4.2919869 0.0000000 21.5772762
vt 0.4024548 0.9903926
vn -0.2248884 0.3786477 0.8978035
f 1015/1015/1015 1016/1016/1016 1017/1017/1017
v -8.6793680 4.5196900 18.3509827
vt 0.3027416 0.9170678
vn -0.3115826 0.3660772 0.8768716
v -6.3862629 0.0000000 21.0526867
vt 0.3548577 0.9784702
vn -0.3115826 0.3660772 0.8768716
v -6.8388638 4.2601166 19.1133442
vt 0.3445713 0.9343942
vn -0.3115826 0.3660772 0.8768716
f 1018/1018/1018 1019/1019/1019 1020/1020/1020
v -8.6793680 4.5196900 18.3509827
vt 0.3027416 0.9170678
vn -0.0627552 0.2483261 0.9666415
v -10.3707285 0.0000000 19.4022675
vt 0.2643016 0.9409606
vn -0.0627552 0.2483261 0.9666415
v -8.4190359 -3.0999999 20.3253498
vt 0.3086583 0.9619398
vn -0.0627552 0.2483261 0.9666415
f 1021/1021/1021 1022/1022/1022 1023/1023/1023
v -10.4362860 4.2832718 17.4118900
vt 0.2628117 0.8957248
vn -0.4788516 0.3639161 0.7989157
v -12.2225447 0.0000000 18.2923317
vt 0.2222149 0.9157348
vn -0.4788516 0.3639161 0.7989157
v -10.3707285 0.0000000 19.4022675
vt 0.2643016 0.9409606
vn -0.4788516 0.3639161 0.7989157
f 1024/1024/1024 1025/1025/1025 1026/1026/1026
v -12.0926962 4.0846205 16.3051128
vt 0.2251660 0.8705707
vn -0.5512285 0.3791216 0.7432455
v -13.9566526 0.0000000 17.0062294
vt 0.1828033 0.8865052
vn -0.5512285 0.3791216 0.7432455
v -12.2225447 0.0000000 18.2923317
vt 0.2222149 0.9157348
vn -0.5512285 0.3791216 0.7432455
f 1027/1027/1027 1028/1028/1028 1029/1029/1029
v -15.0413074 4.4967666 13.6326466
vt 0.1581521 0.8098329
vn -0.6460445 0.3522078 0.6771826
v -13.9566526 0.0000000 17.0062294
vt 0.1828033 0.8865052
vn -0.6460445 0.3522078 0.6771826
v -13.6326466 4.3722291 15.0413074
vt 0.1901671 0.8418479
vn -0.6460445 0.3522078 0.6771826
f 1030/1030/1030 1031/1031/1031 1032/1032/1032
v -15.0413074 4.4967666 13.6326466
vt 0.1581521 0.8098329
vn -0.4266818 0.2490890 0.8694236
v -17.0062294 0.0000000 13.9566526
vt 0.1134948 0.8171967
vn -0.4266818 0.2490890 0.8694236
v -15.5563488 -3.0999999 15.5563488
vt 0.1464466 0.8535534
vn -0.4266818 0.2490890 0.8694236
f 1033/1033/1033 1034/1034/1034 1035/1035/1035
v -16.3051128 4.1770663 12.0926962
vt 0.1294293 0.7748340
vn -0.7455948 0.3719027 0.5529709
v -18.2923317 0.0000000 12.2225447
vt 0.0842652 0.7777851
vn -0.7455948 0.3719027 0.5529709
v -17.0062294 0.0000000 13.9566526
vt 0.1134948 0.8171967
vn -0.7455948 0.3719027 0.5529709
f 1036/1036/1036 1037/1037/1037 1038/1038/1038
v -17.4118900 4.1349120 10.4362860
vt 0.1042752 0.7371883
vn -0.7950792 0.3751630 0.4765520
v -19.4022675 0.0000000 10.3707285
vt 0.0590394 0.7356984
vn -0.7950792 0.3751630 0.4765520
v -18.2923317 0.0000000 12.2225447
vt 0.0842652 0.7777851
vn -0.7950792 0.3751630 0.4765520
f 1039/1039/1039 1040/1040/1040 1041/1041/1041
v -19.1133442 4.4224472 6.8388638
vt 0.0656058 0.6554287
vn -0.8719273 0.3390670 0.3532371
v -19.4022675 0.0000000 10.3707285
vt 0.0590394 0.7356984
vn -0.8719273 0.3390670 0.3532371
v -18.3509827 4.4654751 8.6793680
vt 0.0829322 0.6972584
vn -0.8719273 0.3390670 0.3532371
f 1042/1042/1042 1043/1043/1043 1044/1044/1044
v -19.1133442 4.4224472 6.8388638
vt 0.0656058 0.6554287
vn -0.7236983 0.2515909 0.6426219
v -21.0526867 0.0000000 6.3862629
vt 0.0215298 0.6451423
vn -0.7236983 0.2515909 0.6426219
v -20.3253498 -3.0999999 8.4190359
vt 0.0380602 0.6913417
vn -0.7236983 0.2515909 0.6426219
f 1045/1045/1045 1046/1046/1046 1047/1047/1047
v -19.6916351 4.1029716 4.9324975
vt 0.0524628 0.6121022
vn -0.8981917 0.3776681 0.2249856
v -21.5772762 0.0000000 4.2919869
vt 0.0096074 0.5975452
vn -0.8981917 0.3776681 0.2249856
v -21.0526867 0.0000000 6.3862629
vt 0.0215298 0.6451423
vn -0.8981917 0.3776681 0.2249856
f 1048/1048/1048 1049/1049/1049 1050/1050/1050
v -20.0802822 4.2283249 2.9786286
vt 0.0436299 0.5676961
vn -0.9197586 0.3680084 0.1364333
v -21.8940639 0.0000000 2.1563771
vt 0.0024076 0.5490086
vn -0.9197586 0.3680084 0.1364333
v -21.5772762 0.0000000 4.2919869
vt 0.0096074 0.5975452
vn -0.9197586 0.3680084 0.1364333
f 1051/1051/1051 1052/1052/1052 1053/1053/1053
v -20.2755470 4.3161435 -0.9960738
vt 0.0391921 0.4773620
vn -0.9435061 0.3297083 -0.0329940
v -21.8940639 0.0000000 2.1563771
vt 0.0024076 0.5490086
vn -0.9435061 0.3297083 -0.0329940
v -20.2755470 4.5154982 0.9960738
vt 0.0391921 0.5226380
vn -0.9435061 0.3297083 -0.0329940
f 1054/1054/1054 1055/1055/1055 1056/1056/1056
v -20.2755470 4.3161435 -0.9960738
vt 0.0391921 0.4773620
vn -0.9116269 0.2552472 0.3221571
v -21.8940639 -0.0000000 -2.1563771
vt 0.0024076 0.4509914
vn -0.9116269 0.2552472 0.3221571
v -22.0000000 -3.0999999 0.0000000
vt 0.0000000 0.5000000
vn -0.9116269 0.2552472 0.3221571
f 1057/1057/1057 1058/1058/1058 1059/1059/1059
v -20.0802822 4.0803418 -2.9786286
vt 0.0436299 0.4323039
vn -0.9151933 0.3794622 -0.1357561
v -21.5772762 0.0000000 -4.2919869
vt 0.0096074 0.4024548
vn -0.9151933 0.3794622 -0.1357561
v -21.8940639 -0.0000000 -2.1563771
vt 0.0024076 0.4509914
vn -0.9151933 0.3794622 -0.1357561
f 1060/1060/1060 1061/1061/1061 1062/1062/1062
v -19.6916351 4.3404598 -4.9324975
vt 0.0524628 0.3878978
vn -0.9050882 0.3597451 -0.2267131
v -21.0526867 0.0000000 -6.3862629
vt 0.0215298 0.3548577
vn -0.9050882 0.3597451 -0.2267131
v -21.5772762 0.0000000 -4.2919869
vt 0.0096074 0.4024548
vn -0.9050882 0.3597451 -0.2267131
f 1063/1063/1063 1064/1064/1064 1065/1065/1065
v -18.3509827 4.2056231 -8.6793680
vt 0.0829322 0.3027416
vn -0.8531641 0.3260617 -0.4071790
v -21.0526867 0.0000000 -6.3862629
vt 0.0215298 0.3548577
vn -0.8531641 0.3260617 -0.4071790
v -19.1133442 4.5092320 -6.8388638
vt 0.0656058 0.3445713
vn -0.8531641 0.3260617 -0.4071790
f 1066/1066/1066 1067/1067/1067 1068/1068/1068
v -18.3509827 4.2056231 -8.6793680
vt 0.0829322 0.3027416
vn -0.9648028 0.2591482 -0.0446961
v -19.4022675 -0.0000000 -10.3707285
vt 0.0590394 0.2643016
vn -0.9648028 0.2591482 -0.0446961
v -20.3253498 -3.0999999 -8.4190359
vt 0.0380602 0.3086583
vn -0.9648028 0.2591482 -0.0446961
f 1069/1069/1069 1070/1070/1070 1071/1071/1071
v -17.4118900 4.1150880 -10.4362860
vt 0.1042752 0.2628117
vn -0.7945393 0.3767143 -0.4762284
v -18.2923317 0.0000000 -12.2225447
vt 0.0842652 0.2222149
vn -0.7945393 0.3767143 -0.4762284
v -19.4022675 -0.0000000 -10.3707285
vt 0.0590394 0.2643016
vn -0.7945393 0.3767143 -0.4762284
f 1072/1072/1072 1073/1073/1073 1074/1074/1074
v -16.3051128 4.4420266 -12.0926962
vt 0.1294293 0.2251660
vn -0.7516352 0.3525525 -0.5574507
v -17.0062294 0.0000000 -13.9566526
vt 0.1134948 0.1828033
vn -0.7516352 0.3525525 -0.5574507
v -18.2923317 0.0000000 -12.2225447
vt 0.0842652 0.2222149
vn -0.7516352 0.3525525 -0.5574507
f 1075/1075/1075 1076/1076/1076 1077/1077/1077
v -13.6326466 4.1197548 -15.0413074
vt 0.1901671 0.1581521
vn -0.6283107 0.3288915 -0.7050220
v -17.0062294 0.0000000 -13.9566526
vt 0.1134948 0.1828033
vn -0.6283107 0.3288915 -0.7050220
v -15.0413074 4.4483137 -13.6326466
vt 0.1581521 0.1901671
vn -0.6283107 0.3288915 -0.7050220
f 1078/1078/1078 1079/1079/1079 1080/1080/1080
v -13.6326466 4.1197548 -15.0413074
vt 0.1901671 0.1581521
vn -0.8756897 0.2622514 -0.4054527
v -13.9566526 -0.0000000 -17.0062294
vt 0.1828033 0.1134948
vn -0.8756897 0.2622514 -0.4054527
v -15.5563488 -3.0999999 -15.5563488
vt 0.1464466 0.1464466
vn -0.8756897 0.2622514 -0.4054527
f 1081/1081/1081 1082/1082/1082 1083/1083/1083
v -12.0926962 4.1981339 -16.3051128
vt 0.2251660 0.1294293
vn -0.5533541 0.3702929 -0.7461116
v -12.2225447 0.0000000 -18.2923317
vt 0.2222149 0.0842652
vn -0.5533541 0.3702929 -0.7461116
v -13.9566526 -0.0000000 -17.0062294
vt 0.1828033 0.1134948
vn -0.5533541 0.3702929 -0.7461116
f 1084/1084/1084 1085/1085/1085 1086/1086/1086
v -10.4362860 4.5064950 -17.4118900
vt 0.2628117 0.1042752
vn -0.4819448 0.3481243 -0.8040764
v -10.3707285 0.0000000 -19.4022675
vt 0.2643016 0.0590394
vn -0.4819448 0.3481243 -0.8040764
v -12.2225447 0.0000000 -18.2923317
vt 0.2222149 0.0842652
vn -0.4819448 0.3481243 -0.8040764
f 1087/1087/1087 1088/1088/1088 1089/1089/1089
v -6.8388638 4.0809669 -19.1133442
vt 0.3445713 0.0656058
vn -0.3178357 0.3377923 -0.8859327
v -10.3707285 0.0000000 -19.4022675
vt 0.2643016 0.0590394
vn -0.3178357 0.3377923 -0.8859327
v -8.6793680 4.3486547 -18.3509827
vt 0.3027416 0.0829322
vn -0.3178357 0.3377923 -0.8859327
f 1090/1090/1090 1091/1091/1091 1092/1092/1092
v -6.8388638 4.0809669 -19.1133442
vt 0.3445713 0.0656058
vn -0.6553604 0.2636745 -0.7077984
v -6.3862629 -0.0000000 -21.0526867
vt 0.3548577 0.0215298
vn -0.6553604 0.2636745 -0.7077984
v -8.4190359 -3.0999999 -20.3253498
vt 0.3086583 0.0380602
vn -0.6553604 0.2636745 -0.7077984
f 1093/1093/1093 1094/1094/1094 1095/1095/1095
v -4.9324975 4.3077874 -19.6916351
vt 0.3878978 0.0524628
vn -0.2264901 0.3621171 -0.9041978
v -4.2919869 0.0000000 -21.5772762
vt 0.4024548 0.0096074
vn -0.2264901 0.3621171 -0.9041978
v -6.3862629 -0.0000000 -21.0526867
vt 0.3548577 0.0215298
vn -0.2264901 0.3621171 -0.9041978
f 1096/1096/1096 1097/1097/1097 1098/1098/1098
v -2.9786286 4.5170259 -20.0802822
vt 0.4323039 0.0436299
vn -0.1375910 0.3474108 -0.9275637
v -2.1563771 -0.0000000 -21.8940639
vt 0.4509914 0.0024076
vn -0.1375910 0.3474108 -0.9275637
v -4.2919869 0.0000000 -21.5772762
vt 0.4024548 0.0096074
vn -0.1375910 0.3474108 -0.9275637
f 1099/1099/1099 1100/1100/1100 1101/1101/1101
v 0.9960738 4.0993919 -20.2755470
vt 0.5226380 0.0391921
vn 0.0241214 0.3510230 -0.9360561
v -2.1563771 -0.0000000 -21.8940639
vt 0.4509914 0.0024076
vn 0.0241214 0.3510230 -0.9360561
v -0.9960738 4.2362871 -20.2755470
vt 0.4773620 0.0391921
vn 0.0241214 0.3510230 -0.9360561
f 1102/1102/1102 1103/1103/1103 1104/1104/1104
v 0.9960738 4.0993919 -20.2755470
vt 0.5226380 0.0391921
vn -0.3336097 0.2629969 -0.9052830
v 2.1563771 -0.0000000 -21.8940639
vt 0.5490086 0.0024076
vn -0.3336097 0.2629969 -0.9052830
v -0.0000000 -3.0999999 -22.0000000
vt 0.5000000 0.0000000
vn -0.3336097 0.2629969 -0.9052830
f 1105/1105/1105 1106/1106/1106 1107/1107/1107
v 2.9786286 4.4154072 -20.0802822
vt 0.5676961 0.0436299
vn 0.1372061 0.3544119 -0.9249684
v 4.2919869 0.0000000 -21.5772762
vt 0.5975452 0.0096074
vn 0.1372061 0.3544119 -0.9249684
v 2.1563771 -0.0000000 -21.8940639
vt 0.5490086 0.0024076
vn 0.1372061 0.3544119 -0.9249684
f 1108/1108/1108 1109/1109/1109 1110/1110/1110
v 4.9324975 4.4708691 -19.6916351
vt 0.6121022 0.0524628
vn 0.2275612 0.3505583 -0.9084739
v 6.3862629 0.0000000 -21.0526867
vt 0.6451423 0.0215298
vn 0.2275612 0.3505583 -0.9084739
v 4.2919869 0.0000000 -21.5772762
vt 0.5975452 0.0096074
vn 0.2275612 0.3505583 -0.9084739
f 1111/1111/1111 1112/1112/1112 1113/1113/1113
v 8.6793680 4.1702166 -18.3509827
vt 0.6972584 0.0829322
vn 0.3511923 0.3653834 -0.8620667
v 6.3862629 0.0000000 -21.0526867
vt 0.6451423 0.0215298
vn 0.3511923 0.3653834 -0.8620667
v 6.8388638 4.1405616 -19.1133442
vt 0.6554287 0.0656058
vn 0.3511923 0.3653834 -0.8620667
f 1114/1114/1114 1115/1115/1115 1116/1116/1116
v 8.6793680 4.1702166 -18.3509827
vt 0.6972584 0.0829322
vn 0.0425597 0.2604200 -0.9645569
v 10.3707285 -0.0000000 -19.4022675
vt 0.7356984 0.0590394
vn 0.0425597 0.2604200 -0.9645569
v 8.4190359 -3.0999999 -20.3253498
vt 0.6913417 0.0380602
vn 0.0425597 0.2604200 -0.9645569
f 1117/1117/1117 1118/1118/1118 1119/1119/1119
v 10.4362860 4.4928823 -17.4118900
vt 0.7371883 0.1042752
vn 0.4817676 0.3490507 -0.8037808
v 12.2225447 0.0000000 -18.2923317
vt 0.7777851 0.0842652
vn 0.4817676 0.3490507 -0.8037808
v 10.3707285 -0.0000000 -19.4022675
vt 0.7356984 0.0590394
vn 0.4817676 0.3490507 -0.8037808
f 1120/1120/1120 1121/1121/1121 1122/1122/1122
v 12.0926962 4.3800797 -16.3051128
vt 0.7748340 0.1294293
vn 0.5564665 0.3569074 -0.7503080
v 13.9566526 -0.0000000 -17.0062294
vt 0.8171967 0.1134948
vn 0.5564665 0.3569074 -0.7503080
v 12.2225447 0.0000000 -18.2923317
vt 0.7777851 0.0842652
vn 0.5564665 0.3569074 -0.7503080
f 1123/1123/1123 1124/1124/1124 1125/1125/1125
v 15.0413074 4.2749414 -13.6326466
vt 0.8418479 0.1901671
vn 0.6293229 0.3767323 -0.6797245
v 13.9566526 -0.0000000 -17.0062294
vt 0.8171967 0.1134948
vn 0.6293229 0.3767323 -0.6797245
v 13.6326466 4.0864820 -15.0413074
vt 0.8098329 0.1581521
vn 0.6293229 0.3767323 -0.6797245
f 1126/1126/1126 1127/1127/1127 1128/1128/1128
v 15.0413074 4.2749414 -13.6326466
vt 0.8418479 0.1901671
vn 0.4144905 0.2566894 -0.8731026
v 17.0062294 -0.0000000 -13.9566526
vt 0.8865052 0.1828033
vn 0.4144905 0.2566894 -0.8731026
v 15.5563488 -3.0999999 -15.5563488
vt 0.8535534 0.1464466
vn 0.4144905 0.2566894 -0.8731026
f 1129/1129/1129 1130/1130/1130 1131/1131/1131
v 16.3051128 4.5199752 -12.0926962
vt 0.8705707 0.2251660
vn 0.7532375 0.3472112 -0.5586391
v 18.2923317 0.0000000 -12.2225447
vt 0.9157348 0.2222149
vn 0.7532375 0.3472112 -0.5586391
v 17.0062294 -0.0000000 -13.9566526
vt 0.8865052 0.1828033
vn 0.7532375 0.3472112 -0.5586391
f 1132/1132/1132 1133/1133/1133 1134/1134/1134
v 17.4118900 4.2683735 -10.4362860
vt 0.8957248 0.2628117
vn 0.7985461 0.3650173 -0.4786300
v 19.4022675 0.0000000 -10.3707285
vt 0.9409606 0.2643016
vn 0.7985461 0.3650173 -0.4786300
v 18.2923317 0.0000000 -12.2225447
vt 0.9157348 0.2222149
vn 0.7985461 0.3650173 -0.4786300
f 1135/1135/1135 1136/1136/1136 1137/1137/1137
v 19.1133442 4.3862119 -6.8388638
vt 0.9343942 0.3445713
vn 0.8305504 0.3814644 -0.4057966
v 19.4022675 0.0000000 -10.3707285
vt 0.9409606 0.2643016
vn 0.8305504 0.3814644 -0.4057966
v 18.3509827 4.0881748 -8.6793680
vt 0.9170678 0.3027416
vn 0.8305504 0.3814644 -0.4057966
f 1138/1138/1138 1139/1139/1139 1140/1140/1140
v 19.1133442 4.3862119 -6.8388638
vt 0.9343942 0.3445713
vn 0.7220991 0.2528268 -0.6439344
v 21.0526867 -0.0000000 -6.3862629
vt 0.9784702 0.3548577
vn 0.7220991 0.2528268 -0.6439344
v 20.3253498 -3.0999999 -8.4190359
vt 0.9619398 0.3086583
vn 0.7220991 0.2528268 -0.6439344
f 1141/1141/1141 1142/1142/1142 1143/1143/1143
v 19.6916351 4.4896092 -4.9324975
vt 0.9475372 0.3878978
vn 0.9089394 0.3492739 -0.2276778
v 21.5772762 0.0000000 -4.2919869
vt 0.9903926 0.4024548
vn 0.9089394 0.3492739 -0.2276778
v 21.0526867 -0.0000000 -6.3862629
vt 0.9784702 0.3548577
vn 0.9089394 0.3492739 -0.2276778
f 1144/1144/1144 1145/1145/1145 1146/1146/1146
v 20.0802822 4.1649280 -2.9786286
vt 0.9563701 0.4323039
vn 0.9178541 0.3728364 -0.1361508
v 21.8940639 -0.0000000 -2.1563771
vt 0.9975924 0.4509914
vn 0.9178541 0.3728364 -0.1361508
v 21.5772762 0.0000000 -4.2919869
vt 0.9903926 0.4024548
vn 0.9178541 0.3728364 -0.1361508
f 1147/1147/1147 1148/1148/1148 1149/1149/1149
v 20.2755470 4.1074004 0.9960738
vt 0.9608079 0.5226380
vn 0.9321386 0.3620364 0.0068688
v 21.8940639 -0.0000000 -2.1563771
vt 0.9975924 0.4509914
vn 0.9321386 0.3620364 0.0068688
v 20.2755470 4.1451969 -0.9960738
vt 0.9608079 0.4773620
vn 0.9321386 0.3620364 0.0068688
f 1150/1150/1150 1151/1151/1151 1152/1152/1152
v 21.8940639 -0.0000000 2.1563771
vt 0.9975924 0.5490086
vn 0.0000000 -0.5710387 0.8209231
v 20.8999996 -3.0999999 0.0000000
vt 0.9750000 0.5000000
vn 0.0000000 -0.5710387 0.8209231
v 22.0000000 -3.0999999 0.0000000
vt 1.0000000 0.5000000
vn 0.0000000 -0.5710387 0.8209231
f 1153/1153/1153 1154/1154/1154 1155/1155/1155
v 21.8940639 -0.0000000 2.1563771
vt 0.9975924 0.5490086
vn -0.0000000 -1.0000000 0.0000000
v 20.4984131 0.0000000 4.0773878
vt 0.9658730 0.5926679
vn -0.0000000 -1.0000000 0.0000000
v 20.7993603 -0.0000000 2.0485582
vt 0.9727127 0.5465581
vn -0.0000000 -1.0000000 0.0000000
f 1156/1156/1156 1157/1157/1157 1158/1158/1158
v 21.0526867 0.0000000 6.3862629
vt 0.9784702 0.6451423
vn 0.0000000 -1.0000000 0.0000000
v 20.4984131 0.0000000 4.0773878
vt 0.9658730 0.5926679
vn 0.0000000 -1.0000000 0.0000000
v 21.5772762 0.0000000 4.2919869
vt 0.9903926 0.5975452
vn 0.0000000 -1.0000000 0.0000000
f 1159/1159/1159 1160/1160/1160 1161/1161/1161
v 20.3253498 -3.0999999 8.4190359
vt 0.9619398 0.6913417
vn 0.2383016 -0.5710387 -0.7855744
v 20.0000534 0.0000000 6.0669498
vt 0.9545467 0.6378852
vn 0.2383016 -0.5710387 -0.7855744
v 21.0526867 0.0000000 6.3862629
vt 0.9784702 0.6451423
vn 0.2383016 -0.5710387 -0.7855744
f 1162/1162/1162 1163/1163/1163 1164/1164/1164
v 19.4022675 -0.0000000 10.3707285
vt 0.9409606 0.7356984
vn -0.3141539 -0.5710387 0.7584339
v 19.3090820 -3.0999999 7.9980836
vt 0.9388428 0.6817746
vn -0.3141539 -0.5710387 0.7584339
v 20.3253498 -3.0999999 8.4190359
vt 0.9619398 0.6913417
vn -0.3141539 -0.5710387 0.7584339
f 1165/1165/1165 1166/1166/1166 1167/1167/1167
v 18.2923317 0.0000000 12.2225447
vt 0.9157348 0.7777851
vn -0.0000000 -1.0000000 0.0000000
v 18.4321537 -0.0000000 9.8521919
vt 0.9189126 0.7239135
vn -0.0000000 -1.0000000 0.0000000
v 19.4022675 -0.0000000 10.3707285
vt 0.9409606 0.7356984
vn -0.0000000 -1.0000000 0.0000000
f 1168/1168/1168 1169/1169/1169 1170/1170/1170
v 17.0062294 0.0000000 13.9566526
vt 0.8865052 0.8171967
vn 0.0000000 -1.0000000 0.0000000
v 17.3777142 0.0000000 11.6114178
vt 0.8949480 0.7638959
vn 0.0000000 -1.0000000 0.0000000
v 18.2923317 0.0000000 12.2225447
vt 0.9157348 0.7777851
vn 0.0000000 -1.0000000 0.0000000
f 1171/1171/1171 1172/1172/1172 1173/1173/1173
v 15.5563488 -3.0999999 15.5563488
vt 0.8535534 0.8535534
vn 0.5207885 -0.5710386 -0.6345820
v 16.1559181 0.0000000 13.2588196
vt 0.8671800 0.8013368
vn 0.5207885 -0.5710386 -0.6345820
v 17.0062294 0.0000000 13.9566526
vt 0.8865052 0.8171967
vn 0.5207885 -0.5710386 -0.6345820
f 1174/1174/1174 1175/1175/1175 1176/1176/1176
v 13.9566526 -0.0000000 17.0062294
vt 0.8171967 0.8865052
vn -0.5804804 -0.5710385 0.5804804
v 14.7785320 -3.0999999 14.7785320
vt 0.8358757 0.8358757
vn -0.5804804 -0.5710385 0.5804804
v 15.5563488 -3.0999999 15.5563488
vt 0.8535534 0.8535534
vn -0.5804804 -0.5710385 0.5804804
f 1177/1177/1177 1178/1178/1178 1179/1179/1179
v 13.9566526 -0.0000000 17.0062294
vt 0.8171967 0.8865052
vn -0.0000000 -1.0000000 0.0000000
v 11.6114178 0.0000000 17.3777142
vt 0.7638959 0.8949480
vn -0.0000000 -1.0000000 0.0000000
v 13.2588196 -0.0000000 16.1559181
vt 0.8013368 0.8671800
vn -0.0000000 -1.0000000 0.0000000
f 1180/1180/1180 1181/1181/1181 1182/1182/1182
v 12.2225447 0.0000000 18.2923317
vt 0.7777851 0.9157348
vn 0.0000000 -1.0000000 0.0000000
v 9.8521919 0.0000000 18.4321537
vt 0.7239135 0.9189126
vn 0.0000000 -1.0000000 0.0000000
v 11.6114178 0.0000000 17.3777142
vt 0.7638959 0.8949480
vn 0.0000000 -1.0000000 0.0000000
f 1183/1183/1183 1184/1184/1184 1185/1185/1185
v 8.4190359 -3.0999999 20.3253498
vt 0.6913417 0.9619398
vn 0.7239896 -0.5710387 -0.3869805
v 9.8521919 0.0000000 18.4321537
vt 0.7239135 0.9189126
vn 0.7239896 -0.5710387 -0.3869805
v 10.3707285 0.0000000 19.4022675
vt 0.7356984 0.9409606
vn 0.7239896 -0.5710387 -0.3869805
f 1186/1186/1186 1187/1187/1187 1188/1188/1188
v 6.3862629 0.0000000 21.0526867
vt 0.6451423 0.9784702
vn -0.7584341 -0.5710387 0.3141540
v 7.9980836 -3.0999999 19.3090820
vt 0.6817746 0.9388428
vn -0.7584341 -0.5710387 0.3141540
v 8.4190359 -3.0999999 20.3253498
vt 0.6913417 0.9619398
vn -0.7584341 -0.5710387 0.3141540
f 1189/1189/1189 1190/1190/1190 1191/1191/1191
v 6.3862629 0.0000000 21.0526867
vt 0.6451423 0.9784702
vn 0.0000000 -1.0000000 0.0000000
v 4.0773878 0.0000000 20.4984131
vt 0.5926679 0.9658730
vn 0.0000000 -1.0000000 0.0000000
v 6.0669498 0.0000000 20.0000534
vt 0.6378852 0.9545467
vn 0.0000000 -1.0000000 0.0000000
f 1192/1192/1192 1193/1193/1193 1194/1194/1194
v 2.1563771 0.0000000 21.8940639
vt 0.5490086 0.9975924
vn 0.0000000 -1.0000000 0.0000000
v 4.0773878 0.0000000 20.4984131
vt 0.5926679 0.9658730
vn 0.0000000 -1.0000000 0.0000000
v 4.2919869 0.0000000 21.5772762
vt 0.5975452 0.9903926
vn 0.0000000 -1.0000000 0.0000000
f 1195/1195/1195 1196/1196/1196 1197/1197/1197
v 2.1563771 0.0000000 21.8940639
vt 0.5490086 0.9975924
vn 0.8302754 -0.5513217 -0.0817750
v 0.0000000 -3.0999999 20.8999996
vt 0.5000000 0.9750000
vn 0.8302754 -0.5513217 -0.0817750
v 2.0485582 0.0000000 20.7993603
vt 0.5465581 0.9727127
vn 0.8302754 -0.5513217 -0.0817750
f 1198/1198/1198 1199/1199/1199 1200/1200/1200
v -2.1563771 0.0000000 21.8940639
vt 0.4509914 0.9975924
vn -0.8209231 -0.5710387 0.0000000
v 0.0000000 -3.0999999 20.8999996
vt 0.5000000 0.9750000
vn -0.8209231 -0.5710387 0.0000000
v 0.0000000 -3.0999999 22.0000000
vt 0.5000000 1.0000000
vn -0.8209231 -0.5710387 0.0000000
f 1201/1201/1201 1202/1202/1202 1203/1203/1203
v -2.1563771 0.0000000 21.8940639
vt 0.4509914 0.9975924
vn 0.0000000 -1.0000000 0.0000000
v -4.0773878 0.0000000 20.4984131
vt 0.4073321 0.9658730
vn 0.0000000 -1.0000000 0.0000000
v -2.0485582 0.0000000 20.7993603
vt 0.4534419 0.9727127
vn 0.0000000 -1.0000000 0.0000000
f 1204/1204/1204 1205/1205/1205 1206/1206/1206
v -6.3862629 0.0000000 21.0526867
vt 0.3548577 0.9784702
vn 0.0000000 -1.0000000 0.0000000
v -4.0773878 0.0000000 20.4984131
vt 0.4073321 0.9658730
vn 0.0000000 -1.0000000 0.0000000
v -4.2919869 0.0000000 21.5772762
vt 0.4024548 0.9903926
vn 0.0000000 -1.0000000 0.0000000
f 1207/1207/1207 1208/1208/1208 1209/1209/1209
v -8.4190359 -3.0999999 20.3253498
vt 0.3086583 0.9619398
vn 0.7855744 -0.5710387 0.2383016
v -6.0669498 0.0000000 20.0000534
vt 0.3621148 0.9545467
vn 0.7855744 -0.5710387 0.2383016
v -6.3862629 0.0000000 21.0526867
vt 0.3548577 0.9784702
vn 0.7855744 -0.5710387 0.2383016
f 1210/1210/1210 1211/1211/1211 1212/1212/1212
v -10.3707285 0.0000000 19.4022675
vt 0.2643016 0.9409606
vn -0.7584339 -0.5710387 -0.3141539
v -7.9980836 -3.0999999 19.3090820
vt 0.3182254 0.9388428
vn -0.7584339 -0.5710387 -0.3141539
v -8.4190359 -3.0999999 20.3253498
vt 0.3086583 0.9619398
vn -0.7584339 -0.5710387 -0.3141539
f 1213/1213/1213 1214/1214/1214 1215/1215/1215
v -12.2225447 0.0000000 18.2923317
vt 0.2222149 0.9157348
vn 0.0000000 -1.0000000 0.0000000
v -9.8521919 0.0000000 18.4321537
vt 0.2760865 0.9189126
vn 0.0000000 -1.0000000 0.0000000
v -10.3707285 0.0000000 19.4022675
vt 0.2643016 0.9409606
vn 0.0000000 -1.0000000 0.0000000
f 1216/1216/1216 1217/1217/1217 1218/1218/1218
v -13.9566526 0.0000000 17.0062294
vt 0.1828033 0.8865052
vn 0.0000000 -1.0000000 0.0000000
v -11.6114178 0.0000000 17.3777142
vt 0.2361041 0.8949480
vn 0.0000000 -1.0000000 0.0000000
v -12.2225447 0.0000000 18.2923317
vt 0.2222149 0.9157348
vn 0.0000000 -1.0000000 0.0000000
f 1219/1219/1219 1220/1220/1220 1221/1221/1221
v -13.9566526 0.0000000 17.0062294
vt 0.1828033 0.8865052
vn 0.6449168 -0.5513217 0.5292700
v -14.7785320 -3.0999999 14.7785320
vt 0.1641243 0.8358757
vn 0.6449168 -0.5513217 0.5292700
v -13.2588196 0.0000000 16.1559181
vt 0.1986632 0.8671800
vn 0.6449168 -0.5513217 0.5292700
f 1222/1222/1222 1223/1223/1223 1224/1224/1224
v -15.5563488 -3.0999999 15.5563488
vt 0.1464466 0.8535534
vn -0.5899341 -0.5513217 -0.5899341
v -16.1559181 0.0000000 13.2588196
vt 0.1328200 0.8013368
vn -0.5899341 -0.5513217 -0.5899341
v -14.7785320 -3.0999999 14.7785320
vt 0.1641243 0.8358757
vn -0.5899341 -0.5513217 -0.5899341
f 1225/1225/1225 1226/1226/1226 1227/1227/1227
v -17.0062294 0.0000000 13.9566526
vt 0.1134948 0.8171967
vn 0.0000000 -1.0000000 0.0000000
v -17.3777142 0.0000000 11.6114178
vt 0.1050520 0.7638959
vn 0.0000000 -1.0000000 0.0000000
v -16.1559181 0.0000000 13.2588196
vt 0.1328200 0.8013368
vn 0.0000000 -1.0000000 0.0000000
f 1228/1228/1228 1229/1229/1229 1230/1230/1230
v -18.2923317 0.0000000 12.2225447
vt 0.0842652 0.7777851
vn 0.0000000 -1.0000000 0.0000000
v -18.4321537 0.0000000 9.8521919
vt 0.0810874 0.7239135
vn 0.0000000 -1.0000000 0.0000000
v -17.3777142 0.0000000 11.6114178
vt 0.1050520 0.7638959
vn 0.0000000 -1.0000000 0.0000000
f 1231/1231/1231 1232/1232/1232 1233/1233/1233
v -19.4022675 0.0000000 10.3707285
vt 0.0590394 0.7356984
vn 0.3932828 -0.5513219 0.7357805
v -19.3090820 -3.0999999 7.9980836
vt 0.0611572 0.6817746
vn 0.3932828 -0.5513219 0.7357805
v -18.4321537 0.0000000 9.8521919
vt 0.0810874 0.7239135
vn 0.3932828 -0.5513219 0.7357805
f 1234/1234/1234 1235/1235/1235 1236/1236/1236
v -20.3253498 -3.0999999 8.4190359
vt 0.0380602 0.6913417
vn -0.3192703 -0.5513217 -0.7707859
v -20.0000534 0.0000000 6.0669498
vt 0.0454533 0.6378852
vn -0.3192703 -0.5513217 -0.7707859
v -19.3090820 -3.0999999 7.9980836
vt 0.0611572 0.6817746
vn -0.3192703 -0.5513217 -0.7707859
f 1237/1237/1237 1238/1238/1238 1239/1239/1239
v -21.0526867 0.0000000 6.3862629
vt 0.0215298 0.6451423
vn 0.0000000 -1.0000000 0.0000000
v -20.4984131 0.0000000 4.0773878
vt 0.0341270 0.5926679
vn 0.0000000 -1.0000000 0.0000000
v -20.0000534 0.0000000 6.0669498
vt 0.0454533 0.6378852
vn 0.0000000 -1.0000000 0.0000000
f 1240/1240/1240 1241/1241/1241 1242/1242/1242
v -21.8940639 0.0000000 2.1563771
vt 0.0024076 0.5490086
vn 0.0000000 -1.0000000 0.0000000
v -20.4984131 0.0000000 4.0773878
vt 0.0341270 0.5926679
vn 0.0000000 -1.0000000 0.0000000
v -21.5772762 0.0000000 4.2919869
vt 0.0096074 0.5975452
vn 0.0000000 -1.0000000 0.0000000
f 1243/1243/1243 1244/1244/1244 1245/1245/1245
v -21.8940639 0.0000000 2.1563771
vt 0.0024076 0.5490086
vn 0.0817750 -0.5513217 0.8302754
v -20.8999996 -3.0999999 0.0000000
vt 0.0250000 0.5000000
vn 0.0817750 -0.5513217 0.8302754
v -20.7993603 0.0000000 2.0485582
vt 0.0272873 0.5465581
vn 0.0817750 -0.5513217 0.8302754
f 1246/1246/1246 1247/1247/1247 1248/1248/1248
v -21.8940639 -0.0000000 -2.1563771
vt 0.0024076 0.4509914
vn -0.0000000 -0.5710387 -0.8209231
v -20.8999996 -3.0999999 0.0000000
vt 0.0250000 0.5000000
vn -0.0000000 -0.5710387 -0.8209231
v -22.0000000 -3.0999999 0.0000000
vt 0.0000000 0.5000000
vn -0.0000000 -0.5710387 -0.8209231
f 1249/1249/1249 1250/1250/1250 1251/1251/1251
v -21.8940639 -0.0000000 -2.1563771
vt 0.0024076 0.4509914
vn 0.0000000 -1.0000000 -0.0000000
v -20.4984131 0.0000000 -4.0773878
vt 0.0341270 0.4073321
vn 0.0000000 -1.0000000 -0.0000000
v -20.7993603 -0.0000000 -2.0485582
vt 0.0272873 0.4534419
vn 0.0000000 -1.0000000 -0.0000000
f 1252/1252/1252 1253/1253/1253 1254/1254/1254
v -21.0526867 0.0000000 -6.3862629
vt 0.0215298 0.3548577
vn 0.0000000 -1.0000000 0.0000000
v -20.4984131 0.0000000 -4.0773878
vt 0.0341270 0.4073321
vn 0.0000000 -1.0000000 0.0000000
v -21.5772762 0.0000000 -4.2919869
vt 0.0096074 0.4024548
vn 0.0000000 -1.0000000 0.0000000
f 1255/1255/1255 1256/1256/1256 1257/1257/1257
v -20.3253498 -3.0999999 -8.4190359
vt 0.0380602 0.3086583
vn -0.2383016 -0.5710387 0.7855744
v -20.0000534 0.0000000 -6.0669498
vt 0.0454533 0.3621148
vn -0.2383016 -0.5710387 0.7855744
v -21.0526867 0.0000000 -6.3862629
vt 0.0215298 0.3548577
vn -0.2383016 -0.5710387 0.7855744
f 1258/1258/1258 1259/1259/1259 1260/1260/1260
v -19.4022675 -0.0000000 -10.3707285
vt 0.0590394 0.2643016
vn 0.3141539 -0.5710387 -0.7584339
v -19.3090820 -3.0999999 -7.9980836
vt 0.0611572 0.3182254
vn 0.3141539 -0.5710387 -0.7584339
v -20.3253498 -3.0999999 -8.4190359
vt 0.0380602 0.3086583
vn 0.3141539 -0.5710387 -0.7584339
f 1261/1261/1261 1262/1262/1262 1263/1263/1263
v -18.2923317 0.0000000 -12.2225447
vt 0.0842652 0.2222149
vn 0.0000000 -1.0000000 -0.0000000
v -18.4321537 -0.0000000 -9.8521919
vt 0.0810874 0.2760865
vn 0.0000000 -1.0000000 -0.0000000
v -19.4022675 -0.0000000 -10.3707285
vt 0.0590394 0.2643016
vn 0.0000000 -1.0000000 -0.0000000
f 1264/1264/1264 1265/1265/1265 1266/1266/1266
v -17.0062294 0.0000000 -13.9566526
vt 0.1134948 0.1828033
vn 0.0000000 -1.0000000 0.0000000
v -17.3777142 0.0000000 -11.6114178
vt 0.1050520 0.2361041
vn 0.0000000 -1.0000000 0.0000000
v -18.2923317 0.0000000 -12.2225447
vt 0.0842652 0.2222149
vn 0.0000000 -1.0000000 0.0000000
f 1267/1267/1267 1268/1268/1268 1269/1269/1269
v -15.5563488 -3.0999999 -15.5563488
vt 0.1464466 0.1464466
vn -0.5207885 -0.5710386 0.6345820
v -16.1559181 0.0000000 -13.2588196
vt 0.1328200 0.1986632
vn -0.5207885 -0.5710386 0.6345820
v -17.0062294 0.0000000 -13.9566526
vt 0.1134948 0.1828033
vn -0.5207885 -0.5710386 0.6345820
f 1270/1270/1270 1271/1271/1271 1272/1272/1272
v -13.9566526 -0.0000000 -17.0062294
vt 0.1828033 0.1134948
vn 0.5804804 -0.5710385 -0.5804804
v -14.7785320 -3.0999999 -14.7785320
vt 0.1641243 0.1641243
vn 0.5804804 -0.5710385 -0.5804804
v -15.5563488 -3.0999999 -15.5563488
vt 0.1464466 0.1464466
vn 0.5804804 -0.5710385 -0.5804804
f 1273/1273/1273 1274/1274/1274 1275/1275/1275
v -13.9566526 -0.0000000 -17.0062294
vt 0.1828033 0.1134948
vn 0.0000000 -1.0000000 -0.0000000
v -11.6114178 0.0000000 -17.3777142
vt 0.2361041 0.1050520
vn 0.0000000 -1.0000000 -0.0000000
v -13.2588196 -0.0000000 -16.1559181
vt 0.1986632 0.1328200
vn 0.0000000 -1.0000000 -0.0000000
f 1276/1276/1276 1277/1277/1277 1278/1278/1278
v -12.2225447 0.0000000 -18.2923317
vt 0.2222149 0.0842652
vn 0.0000000 -1.0000000 0.0000000
v -9.8521919 0.0000000 -18.4321537
vt 0.2760865 0.0810874
vn 0.0000000 -1.0000000 0.0000000
v -11.6114178 0.0000000 -17.3777142
vt 0.2361041 0.1050520
vn 0.0000000 -1.0000000 0.0000000
f 1279/1279/1279 1280/1280/1280 1281/1281/1281
v -8.4190359 -3.0999999 -20.3253498
vt 0.3086583 0.0380602
vn -0.7239896 -0.5710387 0.3869805
v -9.8521919 0.0000000 -18.4321537
vt 0.2760865 0.0810874
vn -0.7239896 -0.5710387 0.3869805
v -10.3707285 0.0000000 -19.4022675
vt 0.2643016 0.0590394
vn -0.7239896 -0.5710387 0.3869805
f 1282/1282/1282 1283/1283/1283 1284/1284/1284
v -6.3862629 -0.0000000 -21.0526867
vt 0.3548577 0.0215298
vn 0.7584341 -0.5710387 -0.3141540
v -7.9980836 -3.0999999 -19.3090820
vt 0.3182254 0.0611572
vn 0.7584341 -0.5710387 -0.3141540
v -8.4190359 -3.0999999 -20.3253498
vt 0.3086583 0.0380602
vn 0.7584341 -0.5710387 -0.3141540
f 1285/1285/1285 1286/1286/1286 1287/1287/1287
v -6.3862629 -0.0000000 -21.0526867
vt 0.3548577 0.0215298
vn 0.0000000 -1.0000000 -0.0000000
v -4.0773878 0.0000000 -20.4984131
vt 0.4073321 0.0341270
vn 0.0000000 -1.0000000 -0.0000000
v -6.0669498 -0.0000000 -20.0000534
vt 0.3621148 0.0454533
vn 0.0000000 -1.0000000 -0.0000000
f 1288/1288/1288 1289/1289/1289 1290/1290/1290
v -2.1563771 -0.0000000 -21.8940639
vt 0.4509914 0.0024076
vn -0.0000000 -1.0000000 0.0000000
v -4.0773878 0.0000000 -20.4984131
vt 0.4073321 0.0341270
vn -0.0000000 -1.0000000 0.0000000
v -4.2919869 0.0000000 -21.5772762
vt 0.4024548 0.0096074
vn -0.0000000 -1.0000000 0.0000000
f 1291/1291/1291 1292/1292/1292 1293/1293/1293
v -2.1563771 -0.0000000 -21.8940639
vt 0.4509914 0.0024076
vn -0.8302754 -0.5513217 0.0817750
v -0.0000000 -3.0999999 -20.8999996
vt 0.5000000 0.0250000
vn -0.8302754 -0.5513217 0.0817750
v -2.0485582 -0.0000000 -20.7993603
vt 0.4534419 0.0272873
vn -0.8302754 -0.5513217 0.0817750
f 1294/1294/1294 1295/1295/1295 1296/1296/1296
v 2.1563771 -0.0000000 -21.8940639
vt 0.5490086 0.0024076
vn 0.8209231 -0.5710387 -0.0000000
v -0.0000000 -3.0999999 -20.8999996
vt 0.5000000 0.0250000
vn 0.8209231 -0.5710387 -0.0000000
v -0.0000000 -3.0999999 -22.0000000
vt 0.5000000 0.0000000
vn 0.8209231 -0.5710387 -0.0000000
f 1297/1297/1297 1298/1298/1298 1299/1299/1299
v 2.1563771 -0.0000000 -21.8940639
vt 0.5490086 0.0024076
vn 0.0000000 -1.0000000 0.0000000
v 4.0773878 0.0000000 -20.4984131
vt 0.5926679 0.0341270
vn 0.0000000 -1.0000000 0.0000000
v 2.0485582 -0.0000000 -20.7993603
vt 0.5465581 0.0272873
vn 0.0000000 -1.0000000 0.0000000
f 1300/1300/1300 1301/1301/1301 1302/1302/1302
v 6.3862629 0.0000000 -21.0526867
vt 0.6451423 0.0215298
vn 0.0000000 -1.0000000 0.0000000
v 4.0773878 0.0000000 -20.4984131
vt 0.5926679 0.0341270
vn 0.0000000 -1.0000000 0.0000000
v 4.2919869 0.0000000 -21.5772762
vt 0.5975452 0.0096074
vn 0.0000000 -1.0000000 0.0000000
f 1303/1303/1303 1304/1304/1304 1305/1305/1305
v 8.4190359 -3.0999999 -20.3253498
vt 0.6913417 0.0380602
vn -0.7855744 -0.5710387 -0.2383016
v 6.0669498 0.0000000 -20.0000534
vt 0.6378852 0.0454533
vn -0.7855744 -0.5710387 -0.2383016
v 6.3862629 0.0000000 -21.0526867
vt 0.6451423 0.0215298
vn -0.7855744 -0.5710387 -0.2383016
f 1306/1306/1306 1307/1307/1307 1308/1308/1308
v 10.3707285 -0.0000000 -19.4022675
vt 0.7356984 0.0590394
vn 0.7584339 -0.5710387 0.3141539
v 7.9980836 -3.0999999 -19.3090820
vt 0.6817746 0.0611572
vn 0.7584339 -0.5710387 0.3141539
v 8.4190359 -3.0999999 -20.3253498
vt 0.6913417 0.0380602
vn 0.7584339 -0.5710387 0.3141539
f 1309/1309/1309 1310/1310/1310 1311/1311/1311
v 12.2225447 0.0000000 -18.2923317
vt 0.7777851 0.0842652
vn 0.0000000 -1.0000000 0.0000000
v 9.8521919 -0.0000000 -18.4321537
vt 0.7239135 0.0810874
vn 0.0000000 -1.0000000 0.0000000
v 10.3707285 -0.0000000 -19.4022675
vt 0.7356984 0.0590394
vn 0.0000000 -1.0000000 0.0000000
f 1312/1312/1312 1313/1313/1313 1314/1314/1314
v 13.9566526 -0.0000000 -17.0062294
vt 0.8171967 0.1134948
vn -0.0000000 -1.0000000 -0.0000000
v 11.6114178 0.0000000 -17.3777142
vt 0.7638959 0.1050520
vn -0.0000000 -1.0000000 -0.0000000
v 12.2225447 0.0000000 -18.2923317
vt 0.7777851 0.0842652
vn -0.0000000 -1.0000000 -0.0000000
f 1315/1315/1315 1316/1316/1316 1317/1317/1317
v 13.9566526 -0.0000000 -17.0062294
vt 0.8171967 0.1134948
vn -0.6449168 -0.5513217 -0.5292700
v 14.7785320 -3.0999999 -14.7785320
vt 0.8358757 0.1641243
vn -0.6449168 -0.5513217 -0.5292700
v 13.2588196 -0.0000000 -16.1559181
vt 0.8013368 0.1328200
vn -0.6449168 -0.5513217 -0.5292700
f 1318/1318/1318 1319/1319/1319 1320/1320/1320
v 15.5563488 -3.0999999 -15.5563488
vt 0.8535534 0.1464466
vn 0.5899341 -0.5513217 0.5899341
v 16.1559181 -0.0000000 -13.2588196
vt 0.8671800 0.1986632
vn 0.5899341 -0.5513217 0.5899341
v 14.7785320 -3.0999999 -14.7785320
vt 0.8358757 0.1641243
vn 0.5899341 -0.5513217 0.5899341
f 1321/1321/1321 1322/1322/1322 1323/1323/1323
v 17.0062294 -0.0000000 -13.9566526
vt 0.8865052 0.1828033
vn 0.0000000 -1.0000000 0.0000000
v 17.3777142 0.0000000 -11.6114178
vt 0.8949480 0.2361041
vn 0.0000000 -1.0000000 0.0000000
v 16.1559181 -0.0000000 -13.2588196
vt 0.8671800 0.1986632
vn 0.0000000 -1.0000000 0.0000000
f 1324/1324/1324 1325/1325/1325 1326/1326/1326
v 18.2923317 0.0000000 -12.2225447
vt 0.9157348 0.2222149
vn 0.0000000 -1.0000000 0.0000000
v 18.4321537 0.0000000 -9.8521919
vt 0.9189126 0.2760865
vn 0.0000000 -1.0000000 0.0000000
v 17.3777142 0.0000000 -11.6114178
vt 0.8949480 0.2361041
vn 0.0000000 -1.0000000 0.0000000
f 1327/1327/1327 1328/1328/1328 1329/1329/1329
v 19.4022675 0.0000000 -10.3707285
vt 0.9409606 0.2643016
vn -0.3932828 -0.5513219 -0.7357805
v 19.3090820 -3.0999999 -7.9980836
vt 0.9388428 0.3182254
vn -0.3932828 -0.5513219 -0.7357805
v 18.4321537 0.0000000 -9.8521919
vt 0.9189126 0.2760865
vn -0.3932828 -0.5513219 -0.7357805
f 1330/1330/1330 1331/1331/1331 1332/1332/1332
v 20.3253498 -3.0999999 -8.4190359
vt 0.9619398 0.3086583
vn 0.3192703 -0.5513217 0.7707859
v 20.0000534 -0.0000000 -6.0669498
vt 0.9545467 0.3621148
vn 0.3192703 -0.5513217 0.7707859
v 19.3090820 -3.0999999 -7.9980836
vt 0.9388428 0.3182254
vn 0.3192703 -0.5513217 0.7707859
f 1333/1333/1333 1334/1334/1334 1335/1335/1335
v 21.0526867 -0.0000000 -6.3862629
vt 0.9784702 0.3548577
vn 0.0000000 -1.0000000 0.0000000
v 20.4984131 0.0000000 -4.0773878
vt 0.9658730 0.4073321
vn 0.0000000 -1.0000000 0.0000000
v 20.0000534 -0.0000000 -6.0669498
vt 0.9545467 0.3621148
vn 0.0000000 -1.0000000 0.0000000
f 1336/1336/1336 1337/1337/1337 1338/1338/1338
v 21.8940639 -0.0000000 -2.1563771
vt 0.9975924 0.4509914
vn -0.0000000 -1.0000000 -0.0000000
v 20.4984131 0.0000000 -4.0773878
vt 0.9658730 0.4073321
vn -0.0000000 -1.0000000 -0.0000000
v 21.5772762 0.0000000 -4.2919869
vt 0.9903926 0.4024548
vn -0.0000000 -1.0000000 -0.0000000
f 1339/1339/1339 1340/1340/1340 1341/1341/1341
v 21.8940639 -0.0000000 -2.1563771
vt 0.9975924 0.4509914
vn -0.0817750 -0.5513217 -0.8302754
v 20.8999996 -3.0999999 0.0000000
vt 0.9750000 0.5000000
vn -0.0817750 -0.5513217 -0.8302754
v 20.7993603 -0.0000000 -2.0485582
vt 0.9727127 0.4534419
vn -0.0817750 -0.5513217 -0.8302754
f 1342/1342/1342 1343/1343/1343 1344/1344/1344
v 20.7993603 -0.0000000 2.0485582
vt 0.9727127 0.5465581
vn -0.9286830 -0.2249855 0.2948381
v 19.2999992 3.5043955 0.0000000
vt 0.9386363 0.5000000
vn -0.9286830 -0.2249855 0.2948381
v 20.8999996 -3.0999999 0.0000000
vt 0.9750000 0.5000000
vn -0.9286830 -0.2249855 0.2948381
f 1345/1345/1345 1346/1346/1346 1347/1347/1347
v 20.7993603 -0.0000000 2.0485582
vt 0.9727127 0.5465581
vn -0.9068655 -0.3860765 -0.1689372
v 18.9291553 3.6417971 3.7652433
vt 0.9302081 0.5855737
vn -0.9068655 -0.3860765 -0.1689372
v 19.2070656 3.8088074 1.8917308
vt 0.9365242 0.5429939
vn -0.9068655 -0.3860765 -0.1689372
f 1348/1348/1348 1349/1349/1349 1350/1350/1350
v 20.4984131 0.0000000 4.0773878
vt 0.9658730 0.5926679
vn -0.8739207 -0.4002171 -0.2758421
v 18.4689484 3.3804219 5.6024942
vt 0.9197488 0.6273294
vn -0.8739207 -0.4002171 -0.2758421
v 18.9291553 3.6417971 3.7652433
vt 0.9302081 0.5855737
vn -0.8739207 -0.4002171 -0.2758421
f 1351/1351/1351 1352/1352/1352 1353/1353/1353
v 20.0000534 0.0000000 6.0669498
vt 0.9545467 0.6378852
vn -0.8674107 -0.4277971 -0.2541424
v 17.8308754 3.6147857 7.3857903
vt 0.9052472 0.6678589
vn -0.8674107 -0.4277971 -0.2541424
v 18.4689484 3.3804219 5.6024942
vt 0.9197488 0.6273294
vn -0.8674107 -0.4277971 -0.2541424
f 1354/1354/1354 1355/1355/1355 1356/1356/1356
v 18.4321537 -0.0000000 9.8521919
vt 0.9189126 0.7239135
vn -0.9710706 -0.2218330 -0.0883859
v 17.8308754 3.6147857 7.3857903
vt 0.9052472 0.6678589
vn -0.9710706 -0.2218330 -0.0883859
v 19.3090820 -3.0999999 7.9980836
vt 0.9388428 0.6817746
vn -0.9710706 -0.2218330 -0.0883859
f 1357/1357/1357 1358/1358/1358 1359/1359/1359
v 18.4321537 -0.0000000 9.8521919
vt 0.9189126 0.7239135
vn -0.7602999 -0.3846271 -0.5234559
v 16.0473633 3.5296133 10.7225056
vt 0.8647128 0.7436933
vn -0.7602999 -0.3846271 -0.5234559
v 17.0210800 3.8157680 9.0979567
vt 0.8868427 0.7067717
vn -0.7602999 -0.3846271 -0.5234559
f 1360/1360/1360 1361/1361/1361 1362/1362/1362
v 17.3777142 0.0000000 11.6114178
vt 0.8949480 0.7638959
vn -0.7151300 -0.4117869 -0.5648191
v 14.9191017 3.4023700 12.2437906
vt 0.8390705 0.7782680
vn -0.7151300 -0.4117869 -0.5648191
v 16.0473633 3.5296133 10.7225056
vt 0.8647128 0.7436933
vn -0.7151300 -0.4117869 -0.5648191
f 1363/1363/1363 1364/1364/1364 1365/1365/1365
v 16.1559181 0.0000000 13.2588196
vt 0.8671800 0.8013368
vn -0.7165692 -0.4253957 -0.5527812
v 13.6471605 3.7213140 13.6471605
vt 0.8101627 0.8101627
vn -0.7165692 -0.4253957 -0.5527812
v 14.9191017 3.4023700 12.2437906
vt 0.8390705 0.7782680
vn -0.7165692 -0.4253957 -0.5527812
f 1366/1366/1366 1367/1367/1367 1368/1368/1368
v 13.2588196 -0.0000000 16.1559181
vt 0.8013368 0.8671800
vn -0.8615785 -0.2188659 -0.4580176
v 13.6471605 3.7213140 13.6471605
vt 0.8101627 0.8101627
vn -0.8615785 -0.2188659 -0.4580176
v 14.7785320 -3.0999999 14.7785320
vt 0.8358757 0.8358757
vn -0.8615785 -0.2188659 -0.4580176
f 1369/1369/1369 1370/1370/1370 1371/1371/1371
v 13.2588196 -0.0000000 16.1559181
vt 0.8013368 0.8671800
vn -0.4929588 -0.3884983 -0.7784990
v 10.7225056 3.4358146 16.0473633
vt 0.7436933 0.8647128
vn -0.4929588 -0.3884983 -0.7784990
v 12.2437906 3.7663689 14.9191017
vt 0.7782680 0.8390705
vn -0.4929588 -0.3884983 -0.7784990
f 1372/1372/1372 1373/1373/1373 1374/1374/1374
v 9.8521919 0.0000000 18.4321537
vt 0.7239135 0.9189126
vn -0.4661470 -0.4217349 -0.7777190
v 10.7225056 3.4358146 16.0473633
vt 0.7436933 0.8647128
vn -0.4661470 -0.4217349 -0.7777190
v 11.6114178 0.0000000 17.3777142
vt 0.7638959 0.8949480
vn -0.4661470 -0.4217349 -0.7777190
f 1375/1375/1375 1376/1376/1376 1377/1377/1377
v 9.8521919 0.0000000 18.4321537
vt 0.7239135 0.9189126
vn -0.4511196 -0.4179929 -0.7885259
v 7.3857903 3.7961543 17.8308754
vt 0.6678589 0.9052472
vn -0.4511196 -0.4179929 -0.7885259
v 9.0979567 3.4759400 17.0210800
vt 0.7067717 0.8868427
vn -0.4511196 -0.4179929 -0.7885259
f 1378/1378/1378 1379/1379/1379 1380/1380/1380
v 6.0669498 0.0000000 20.0000534
vt 0.6378852 0.9545467
vn -0.6183492 -0.2168239 -0.7554017
v 7.3857903 3.7961543 17.8308754
vt 0.6678589 0.9052472
vn -0.6183492 -0.2168239 -0.7554017
v 7.9980836 -3.0999999 19.3090820
vt 0.6817746 0.9388428
vn -0.6183492 -0.2168239 -0.7554017
f 1381/1381/1381 1382/1382/1382 1383/1383/1383
v 6.0669498 0.0000000 20.0000534
vt 0.6378852 0.9545467
vn -0.1638201 -0.3970951 -0.9030384
v 3.7652433 3.3849022 18.9291553
vt 0.5855737 0.9302081
vn -0.1638201 -0.3970951 -0.9030384
v 5.6024942 3.6735132 18.4689484
vt 0.6273294 0.9197488
vn -0.1638201 -0.3970951 -0.9030384
f 1384/1384/1384 1385/1385/1385 1386/1386/1386
v 2.0485582 0.0000000 20.7993603
vt 0.5465581 0.9727127
vn -0.1326857 -0.4269294 -0.8944975
v 3.7652433 3.3849022 18.9291553
vt 0.5855737 0.9302081
vn -0.1326857 -0.4269294 -0.8944975
v 4.0773878 0.0000000 20.4984131
vt 0.5926679 0.9658730
vn -0.1326857 -0.4269294 -0.8944975
f 1387/1387/1387 1388/1388/1388 1389/1389/1389
v 2.0485582 0.0000000 20.7993603
vt 0.5465581 0.9727127
vn -0.0958836 -0.4078401 -0.9080049
v 0.0000000 3.8197579 19.2999992
vt 0.5000000 0.9386363
vn -0.0958836 -0.4078401 -0.9080049
v 1.8917308 3.5819151 19.2070656
vt 0.5429939 0.9365242
vn -0.0958836 -0.4078401 -0.9080049
f 1390/1390/1390 1391/1391/1391 1392/1392/1392
v -2.0485582 0.0000000 20.7993603
vt 0.4534419 0.9727127
vn -0.2812148 -0.2161872 -0.9349767
v 0.0000000 3.8197579 19.2999992
vt 0.5000000 0.9386363
vn -0.2812148 -0.2161872 -0.9349767
v 0.0000000 -3.0999999 20.8999996
vt 0.5000000 0.9750000
vn -0.2812148 -0.2161872 -0.9349767
f 1393/1393/1393 1394/1394/1394 1395/1395/1395
v -2.0485582 0.0000000 20.7993603
vt 0.4534419 0.9727127
vn 0.1703606 -0.4084308 -0.8967505
v -3.7652433 3.3901744 18.9291553
vt 0.4144263 0.9302081
vn 0.1703606 -0.4084308 -0.8967505
v -1.8917308 3.5614557 19.2070656
vt 0.4570061 0.9365242
vn 0.1703606 -0.4084308 -0.8967505
f 1396/1396/1396 1397/1397/1397 1398/1398/1398
v -6.0669498 0.0000000 20.0000534
vt 0.3621148 0.9545467
vn 0.2197857 -0.4263863 -0.8774332
v -3.7652433 3.3901744 18.9291553
vt 0.4144263 0.9302081
vn 0.2197857 -0.4263863 -0.8774332
v -4.0773878 0.0000000 20.4984131
vt 0.4073321 0.9658730
vn 0.2197857 -0.4263863 -0.8774332
f 1399/1399/1399 1400/1400/1400 1401/1401/1401
v -6.0669498 0.0000000 20.0000534
vt 0.3621148 0.9545467
vn 0.2906241 -0.3974510 -0.8703852
v -7.3857903 3.7859600 17.8308754
vt 0.3321411 0.9052472
vn 0.2906241 -0.3974510 -0.8703852
v -5.6024942 3.6926141 18.4689484
vt 0.3726706 0.9197488
vn 0.2906241 -0.3974510 -0.8703852
f 1402/1402/1402 1403/1403/1403 1404/1404/1404
v -9.8521919 0.0000000 18.4321537
vt 0.2760865 0.9189126
vn 0.0964426 -0.2171000 -0.9713736
v -7.3857903 3.7859600 17.8308754
vt 0.3321411 0.9052472
vn 0.0964426 -0.2171000 -0.9713736
v -7.9980836 -3.0999999 19.3090820
vt 0.3182254 0.9388428
vn 0.0964426 -0.2171000 -0.9713736
f 1405/1405/1405 1406/1406/1406 1407/1407/1407
v -9.8521919 0.0000000 18.4321537
vt 0.2760865 0.9189126
vn 0.4684700 -0.4193211 -0.7776282
v -10.7225056 3.4502540 16.0473633
vt 0.2563067 0.8647128
vn 0.4684700 -0.4193211 -0.7776282
v -9.0979567 3.4594662 17.0210800
vt 0.2932283 0.8868427
vn 0.4684700 -0.4193211 -0.7776282
f 1408/1408/1408 1409/1409/1409 1410/1410/1410
v -13.2588196 0.0000000 16.1559181
vt 0.1986632 0.8671800
vn 0.5405335 -0.4202822 -0.7288254
v -10.7225056 3.4502540 16.0473633
vt 0.2563067 0.8647128
vn 0.5405335 -0.4202822 -0.7288254
v -11.6114178 0.0000000 17.3777142
vt 0.2361041 0.8949480
vn 0.5405335 -0.4202822 -0.7288254
f 1411/1411/1411 1412/1412/1412 1413/1413/1413
v -13.2588196 0.0000000 16.1559181
vt 0.1986632 0.8671800
vn 0.6300327 -0.3891569 -0.6720236
v -13.6471605 3.7035882 13.6471605
vt 0.1898373 0.8101627
vn 0.6300327 -0.3891569 -0.6720236
v -12.2437906 3.7791216 14.9191017
vt 0.2217320 0.8390705
vn 0.6300327 -0.3891569 -0.6720236
f 1414/1414/1414 1415/1415/1415 1416/1416/1416
v -16.1559181 0.0000000 13.2588196
vt 0.1328200 0.8013368
vn 0.4572376 -0.2193547 -0.8618685
v -13.6471605 3.7035882 13.6471605
vt 0.1898373 0.8101627
vn 0.4572376 -0.2193547 -0.8618685
v -14.7785320 -3.0999999 14.7785320
vt 0.1641243 0.8358757
vn 0.4572376 -0.2193547 -0.8618685
f 1417/1417/1417 1418/1418/1418 1419/1419/1419
v -17.3777142 0.0000000 11.6114178
vt 0.1050520 0.7638959
vn 0.7266905 -0.4259735 -0.5389503
v -14.9191017 3.3941848 12.2437906
vt 0.1609295 0.7782680
vn 0.7266905 -0.4259735 -0.5389503
v -16.1559181 0.0000000 13.2588196
vt 0.1328200 0.8013368
vn 0.7266905 -0.4259735 -0.5389503
f 1420/1420/1420 1421/1421/1421 1422/1422/1422
v -18.4321537 0.0000000 9.8521919
vt 0.0810874 0.7239135
vn 0.7821135 -0.4105400 -0.4687808
v -16.0473633 3.5494480 10.7225056
vt 0.1352872 0.7436933
vn 0.7821135 -0.4105400 -0.4687808
v -17.3777142 0.0000000 11.6114178
vt 0.1050520 0.7638959
vn 0.7821135 -0.4105400 -0.4687808
f 1423/1423/1423 1424/1424/1424 1425/1425/1425
v -18.4321537 0.0000000 9.8521919
vt 0.0810874 0.7239135
vn 0.8528676 -0.3848316 -0.3528763
v -17.8308754 3.5941586 7.3857903
vt 0.0947528 0.6678589
vn 0.8528676 -0.3848316 -0.3528763
v -17.0210800 3.8188419 9.0979567
vt 0.1131573 0.7067717
vn 0.8528676 -0.3848316 -0.3528763
f 1426/1426/1426 1427/1427/1427 1428/1428/1428
v -20.0000534 0.0000000 6.0669498
vt 0.0454533 0.6378852
vn 0.7484143 -0.2224159 -0.6248258
v -17.8308754 3.5941586 7.3857903
vt 0.0947528 0.6678589
vn 0.7484143 -0.2224159 -0.6248258
v -19.3090820 -3.0999999 7.9980836
vt 0.0611572 0.6817746
vn 0.7484143 -0.2224159 -0.6248258
f 1429/1429/1429 1430/1430/1430 1431/1431/1431
v -20.4984131 0.0000000 4.0773878
vt 0.0341270 0.5926679
vn 0.8770789 -0.4271603 -0.2196970
v -18.4689484 3.3826632 5.6024942
vt 0.0802512 0.6273294
vn 0.8770789 -0.4271603 -0.2196970
v -20.0000534 0.0000000 6.0669498
vt 0.0454533 0.6378852
vn 0.8770789 -0.4271603 -0.2196970
f 1432/1432/1432 1433/1433/1433 1434/1434/1434
v -20.7993603 0.0000000 2.0485582
vt 0.0272873 0.5465581
vn 0.9066033 -0.3999818 -0.1344813
v -18.9291553 3.6618466 3.7652433
vt 0.0697919 0.5855737
vn 0.9066033 -0.3999818 -0.1344813
v -20.4984131 0.0000000 4.0773878
vt 0.0341270 0.5926679
vn 0.9066033 -0.3999818 -0.1344813
f 1435/1435/1435 1436/1436/1436 1437/1437/1437
v -20.7993603 0.0000000 2.0485582
vt 0.0272873 0.5465581
vn 0.9224663 -0.3856135 0.0189223
v -19.2999992 3.4862549 0.0000000
vt 0.0613637 0.5000000
vn 0.9224663 -0.3856135 0.0189223
v -19.2070656 3.8013995 1.8917308
vt 0.0634758 0.5429939
vn 0.9224663 -0.3856135 0.0189223
f 1438/1438/1438 1439/1439/1439 1440/1440/1440
v -20.7993603 -0.0000000 -2.0485582
vt 0.0272873 0.4534419
vn 0.9282964 -0.2255113 -0.2956527
v -19.2999992 3.4862549 0.0000000
vt 0.0613637 0.5000000
vn 0.9282964 -0.2255113 -0.2956527
v -20.8999996 -3.0999999 0.0000000
vt 0.0250000 0.5000000
vn 0.9282964 -0.2255113 -0.2956527
f 1441/1441/1441 1442/1442/1442 1443/1443/1443
v -20.4984131 0.0000000 -4.0773878
vt 0.0341270 0.4073321
vn 0.8965375 -0.4225337 0.1329882
v -19.2070656 3.4279113 -1.8917308
vt 0.0634758 0.4570061
vn 0.8965375 -0.4225337 0.1329882
v -20.7993603 -0.0000000 -2.0485582
vt 0.0272873 0.4534419
vn 0.8965375 -0.4225337 0.1329882
f 1444/1444/1444 1445/1445/1445 1446/1446/1446
v -20.4984131 0.0000000 -4.0773878
vt 0.0341270 0.4073321
vn 0.8913587 -0.3912206 0.2289674
v -18.4689484 3.7313507 -5.6024942
vt 0.0802512 0.3726706
vn 0.8913587 -0.3912206 0.2289674
v -18.9291553 3.7580903 -3.7652433
vt 0.0697919 0.4144263
vn 0.8913587 -0.3912206 0.2289674
f 1447/1447/1447 1448/1448/1448 1449/1449/1449
v -20.0000534 0.0000000 -6.0669498
vt 0.0454533 0.3621148
vn 0.8415288 -0.3916257 0.3721003
v -17.8308754 3.4080620 -7.3857903
vt 0.0947528 0.3321411
vn 0.8415288 -0.3916257 0.3721003
v -18.4689484 3.7313507 -5.6024942
vt 0.0802512 0.3726706
vn 0.8415288 -0.3916257 0.3721003
f 1450/1450/1450 1451/1451/1451 1452/1452/1452
v -18.4321537 -0.0000000 -9.8521919
vt 0.0810874 0.2760865
vn 0.9705648 -0.2278029 0.0781652
v -17.8308754 3.4080620 -7.3857903
vt 0.0947528 0.3321411
vn 0.9705648 -0.2278029 0.0781652
v -19.3090820 -3.0999999 -7.9980836
vt 0.0611572 0.3182254
vn 0.9705648 -0.2278029 0.0781652
f 1453/1453/1453 1454/1454/1454 1455/1455/1455
v -17.3777142 0.0000000 -11.6114178
vt 0.1050520 0.2361041
vn 0.7809367 -0.4135738 0.4680755
v -17.0210800 3.5181098 -9.0979567
vt 0.1131573 0.2932283
vn 0.7809367 -0.4135738 0.4680755
v -18.4321537 -0.0000000 -9.8521919
vt 0.0810874 0.2760865
vn 0.7809367 -0.4135738 0.4680755
f 1456/1456/1456 1457/1457/1457 1458/1458/1458
v -17.3777142 0.0000000 -11.6114178
vt 0.1050520 0.2361041
vn 0.7179075 -0.3855916 0.5795929
v -14.9191017 3.6269922 -12.2437906
vt 0.1609295 0.2217320
vn 0.7179075 -0.3855916 0.5795929
v -16.0473633 3.8130403 -10.7225056
vt 0.1352872 0.2563067
vn 0.7179075 -0.3855916 0.5795929
f 1459/1459/1459 1460/1460/1460 1461/1461/1461
v -16.1559181 0.0000000 -13.2588196
vt 0.1328200 0.1986632
vn 0.6422522 -0.4016994 0.6528015
v -13.6471605 3.3800042 -13.6471605
vt 0.1898373 0.1898373
vn 0.6422522 -0.4016994 0.6528015
v -14.9191017 3.6269922 -12.2437906
vt 0.1609295 0.2217320
vn 0.6422522 -0.4016994 0.6528015
f 1462/1462/1462 1463/1463/1463 1464/1464/1464
v -13.2588196 -0.0000000 -16.1559181
vt 0.1986632 0.1328200
vn 0.8672447 -0.2286357 0.4422812
v -13.6471605 3.3800042 -13.6471605
vt 0.1898373 0.1898373
vn 0.8672447 -0.2286357 0.4422812
v -14.7785320 -3.0999999 -14.7785320
vt 0.1641243 0.1641243
vn 0.8672447 -0.2286357 0.4422812
f 1465/1465/1465 1466/1466/1466 1467/1467/1467
v -11.6114178 0.0000000 -17.3777142
vt 0.2361041 0.1050520
vn 0.5451968 -0.4029509 0.7351130
v -12.2437906 3.6296983 -14.9191017
vt 0.2217320 0.1609295
vn 0.5451968 -0.4029509 0.7351130
v -13.2588196 -0.0000000 -16.1559181
vt 0.1986632 0.1328200
vn 0.5451968 -0.4029509 0.7351130
f 1468/1468/1468 1469/1469/1469 1470/1470/1470
v -11.6114178 0.0000000 -17.3777142
vt 0.2361041 0.1050520
vn 0.4217778 -0.3848327 0.8209795
v -9.0979567 3.5155833 -17.0210800
vt 0.2932283 0.1131573
vn 0.4217778 -0.3848327 0.8209795
v -10.7225056 3.8123429 -16.0473633
vt 0.2563067 0.1352872
vn 0.4217778 -0.3848327 0.8209795
f 1471/1471/1471 1472/1472/1472 1473/1473/1473
v -9.8521919 0.0000000 -18.4321537
vt 0.2760865 0.0810874
vn 0.3682647 -0.4132804 0.8328149
v -7.3857903 3.4094105 -17.8308754
vt 0.3321411 0.0947528
vn 0.3682647 -0.4132804 0.8328149
v -9.0979567 3.5155833 -17.0210800
vt 0.2932283 0.1131573
vn 0.3682647 -0.4132804 0.8328149
f 1474/1474/1474 1475/1475/1475 1476/1476/1476
v -6.0669498 -0.0000000 -20.0000534
vt 0.3621148 0.0454533
vn 0.6309764 -0.2277630 0.7416149
v -7.3857903 3.4094105 -17.8308754
vt 0.3321411 0.0947528
vn 0.6309764 -0.2277630 0.7416149
v -7.9980836 -3.0999999 -19.3090820
vt 0.3182254 0.0611572
vn 0.6309764 -0.2277630 0.7416149
f 1477/1477/1477 1478/1478/1478 1479/1479/1479
v -4.0773878 0.0000000 -20.4984131
vt 0.4073321 0.0341270
vn 0.2233777 -0.3935009 0.8917732
v -5.6024942 3.7335296 -18.4689484
vt 0.3726706 0.0802512
vn 0.2233777 -0.3935009 0.8917732
v -6.0669498 -0.0000000 -20.0000534
vt 0.3621148 0.0454533
vn 0.2233777 -0.3935009 0.8917732
f 1480/1480/1480 1481/1481/1481 1482/1482/1482
v -4.0773878 0.0000000 -20.4984131
vt 0.4073321 0.0341270
vn 0.0676814 -0.3893901 0.9185829
v -1.8917308 3.4262245 -19.2070656
vt 0.4570061 0.0634758
vn 0.0676814 -0.3893901 0.9185829
v -3.7652433 3.7561805 -18.9291553
vt 0.4144263 0.0697919
vn 0.0676814 -0.3893901 0.9185829
f 1483/1483/1483 1484/1484/1484 1485/1485/1485
v -2.0485582 -0.0000000 -20.7993603
vt 0.4534419 0.0272873
vn 0.0583689 -0.4229257 0.9042826
v -0.0000000 3.4885995 -19.2999992
vt 0.5000000 0.0613637
vn 0.0583689 -0.4229257 0.9042826
v -1.8917308 3.4262245 -19.2070656
vt 0.4570061 0.0634758
vn 0.0583689 -0.4229257 0.9042826
f 1486/1486/1486 1487/1487/1487 1488/1488/1488
v 2.0485582 -0.0000000 -20.7993603
vt 0.5465581 0.0272873
vn 0.2955472 -0.2254432 0.9283465
v -0.0000000 3.4885995 -19.2999992
vt 0.5000000 0.0613637
vn 0.2955472 -0.2254432 0.9283465
v -0.0000000 -3.0999999 -20.8999996
vt 0.5000000 0.0250000
vn 0.2955472 -0.2254432 0.9283465
f 1489/1489/1489 1490/1490/1490 1491/1491/1491
v 2.0485582 -0.0000000 -20.7993603
vt 0.5465581 0.0272873
vn -0.1641815 -0.3867654 0.9074453
v 3.7652433 3.6592231 -18.9291553
vt 0.5855737 0.0697919
vn -0.1641815 -0.3867654 0.9074453
v 1.8917308 3.8024821 -19.2070656
vt 0.5429939 0.0634758
vn -0.1641815 -0.3867654 0.9074453
f 1492/1492/1492 1493/1493/1493 1494/1494/1494
v 4.0773878 0.0000000 -20.4984131
vt 0.5926679 0.0341270
vn -0.2789303 -0.3984922 0.8737287
v 5.6024942 3.3822567 -18.4689484
vt 0.6273294 0.0802512
vn -0.2789303 -0.3984922 0.8737287
v 3.7652433 3.6592231 -18.9291553
vt 0.5855737 0.0697919
vn -0.2789303 -0.3984922 0.8737287
f 1495/1495/1495 1496/1496/1496 1497/1497/1497
v 6.0669498 0.0000000 -20.0000534
vt 0.6378852 0.0454533
vn -0.2584710 -0.4276197 0.8662184
v 7.3857903 3.5968871 -17.8308754
vt 0.6678589 0.0947528
vn -0.2584710 -0.4276197 0.8662184
v 5.6024942 3.3822567 -18.4689484
vt 0.6273294 0.0802512
vn -0.2584710 -0.4276197 0.8662184
f 1498/1498/1498 1499/1499/1499 1500/1500/1500
v 9.8521919 -0.0000000 -18.4321537
vt 0.7239135 0.0810874
vn -0.0875227 -0.2223387 0.9710331
v 7.3857903 3.5968871 -17.8308754
vt 0.6678589 0.0947528
vn -0.0875227 -0.2223387 0.9710331
v 7.9980836 -3.0999999 -19.3090820
vt 0.6817746 0.0611572
vn -0.0875227 -0.2223387 0.9710331
f 1501/1501/1501 1502/1502/1502 1503/1503/1503
v 9.8521919 -0.0000000 -18.4321537
vt 0.7239135 0.0810874
vn -0.5210509 -0.3845049 0.7620118
v 10.7225056 3.5467961 -16.0473633
vt 0.7436933 0.1352872
vn -0.5210509 -0.3845049 0.7620118
v 9.0979567 3.8185456 -17.0210800
vt 0.7067717 0.1131573
vn -0.5210509 -0.3845049 0.7620118
f 1504/1504/1504 1505/1505/1505 1506/1506/1506
v 11.6114178 0.0000000 -17.3777142
vt 0.7638959 0.1050520
vn -0.5693473 -0.4099699 0.7125787
v 12.2437906 3.3951645 -14.9191017
vt 0.7782680 0.1609295
vn -0.5693473 -0.4099699 0.7125787
v 10.7225056 3.5467961 -16.0473633
vt 0.7436933 0.1352872
vn -0.5693473 -0.4099699 0.7125787
f 1507/1507/1507 1508/1508/1508 1509/1509/1509
v 13.2588196 -0.0000000 -16.1559181
vt 0.8013368 0.1328200
vn -0.5538899 -0.4261536 0.7152616
v 13.6471605 3.7059877 -13.6471605
vt 0.8101627 0.1898373
vn -0.5538899 -0.4261536 0.7152616
v 12.2437906 3.3951645 -14.9191017
vt 0.7782680 0.1609295
vn -0.5538899 -0.4261536 0.7152616
f 1510/1510/1510 1511/1511/1511 1512/1512/1512
v 16.1559181 -0.0000000 -13.2588196
vt 0.8671800 0.1986632
vn -0.4573435 -0.2192885 0.8618293
v 13.6471605 3.7059877 -13.6471605
vt 0.8101627 0.1898373
vn -0.4573435 -0.2192885 0.8618293
v 14.7785320 -3.0999999 -14.7785320
vt 0.8358757 0.1641243
vn -0.4573435 -0.2192885 0.8618293
f 1513/1513/1513 1514/1514/1514 1515/1515/1515
v 16.1559181 -0.0000000 -13.2588196
vt 0.8671800 0.1986632
vn -0.7785908 -0.3875439 0.4935646
v 16.0473633 3.4482665 -10.7225056
vt 0.8647128 0.2563067
vn -0.7785908 -0.3875439 0.4935646
v 14.9191017 3.7775235 -12.2437906
vt 0.8390705 0.2217320
vn -0.7785908 -0.3875439 0.4935646
f 1516/1516/1516 1517/1517/1517 1518/1518/1518
v 18.4321537 0.0000000 -9.8521919
vt 0.9189126 0.2760865
vn -0.7782182 -0.4204817 0.4664460
v 16.0473633 3.4482665 -10.7225056
vt 0.8647128 0.2563067
vn -0.7782182 -0.4204817 0.4664460
v 17.3777142 0.0000000 -11.6114178
vt 0.8949480 0.2361041
vn -0.7782182 -0.4204817 0.4664460
f 1519/1519/1519 1520/1520/1520 1521/1521/1521
v 18.4321537 0.0000000 -9.8521919
vt 0.9189126 0.2760865
vn -0.7871961 -0.4194055 0.4521298
v 17.8308754 3.7874038 -7.3857903
vt 0.9052472 0.3321411
vn -0.7871961 -0.4194055 0.4521298
v 17.0210800 3.4615765 -9.0979567
vt 0.8868427 0.2932283
vn -0.7871961 -0.4194055 0.4521298
f 1522/1522/1522 1523/1523/1523 1524/1524/1524
v 20.0000534 -0.0000000 -6.0669498
vt 0.9545467 0.3621148
vn -0.7551082 -0.2170608 0.6186245
v 17.8308754 3.7874038 -7.3857903
vt 0.9052472 0.3321411
vn -0.7551082 -0.2170608 0.6186245
v 19.3090820 -3.0999999 -7.9980836
vt 0.9388428 0.3182254
vn -0.7551082 -0.2170608 0.6186245
f 1525/1525/1525 1526/1526/1526 1527/1527/1527
v 20.0000534 -0.0000000 -6.0669498
vt 0.9545467 0.3621148
vn -0.9041188 -0.3954915 0.1617270
v 18.9291553 3.3893702 -3.7652433
vt 0.9302081 0.4144263
vn -0.9041188 -0.3954915 0.1617270
v 18.4689484 3.6901317 -5.6024942
vt 0.9197488 0.3726706
vn -0.9041188 -0.3954915 0.1617270
f 1528/1528/1528 1529/1529/1529 1530/1530/1530
v 20.7993603 -0.0000000 -2.0485582
vt 0.9727127 0.4534419
vn -0.8947124 -0.4264691 0.1327175
v 18.9291553 3.3893702 -3.7652433
vt 0.9302081 0.4144263
vn -0.8947124 -0.4264691 0.1327175
v 20.4984131 0.0000000 -4.0773878
vt 0.9658730 0.4073321
vn -0.8947124 -0.4264691 0.1327175
f 1531/1531/1531 1532/1532/1532 1533/1533/1533
v 20.7993603 -0.0000000 -2.0485582
vt 0.9727127 0.4534419
vn -0.9120396 -0.4088602 0.0318913
v 19.2999992 3.5043955 0.0000000
vt 0.9386363 0.5000000
vn -0.9120396 -0.4088602 0.0318913
v 19.2070656 3.5641453 -1.8917308
vt 0.9365242 0.4570061
vn -0.9120396 -0.4088602 0.0318913
f 1534/1534/1534 1535/1535/1535 1536/1536/1536
v 19.2070656 3.8088074 1.8917308
vt 0.9365242 0.5429939
vn -0.7044812 -0.7053244 0.0788903
v 16.4801254 6.4114537 0.8096166
vt 0.8745483 0.5184004
vn -0.7044812 -0.7053244 0.0788903
v 19.2999992 3.5043955 0.0000000
vt 0.9386363 0.5000000
vn -0.7044812 -0.7053244 0.0788903
f 1537/1537/1537 1538/1538/1538 1539/1539/1539
v 18.9291553 3.6417971 3.7652433
vt 0.9302081 0.5855737
vn -0.6336362 -0.7565998 -0.1614368
v 16.3214130 6.1125379 2.4210529
vt 0.8709412 0.5550239
vn -0.6336362 -0.7565998 -0.1614368
v 19.2070656 3.8088074 1.8917308
vt 0.9365242 0.5429939
vn -0.6336362 -0.7565998 -0.1614368
f 1540/1540/1540 1541/1541/1541 1542/1542/1542
v 18.4689484 3.3804219 5.6024942
vt 0.9197488 0.6273294
vn -0.6208692 -0.7392967 -0.2606950
v 16.0055161 6.0110846 4.0091729
vt 0.8637617 0.5911176
vn -0.6208692 -0.7392967 -0.2606950
v 18.9291553 3.6417971 3.7652433
vt 0.9302081 0.5855737
vn -0.6208692 -0.7392967 -0.2606950
f 1543/1543/1543 1544/1544/1544 1545/1545/1545
v 17.8308754 3.6147857 7.3857903
vt 0.9052472 0.6678589
vn -0.6995938 -0.6966807 -0.1587594
v 15.5354767 6.3361435 5.5586824
vt 0.8530790 0.6263337
vn -0.6995938 -0.6966807 -0.1587594
v 18.4689484 3.3804219 5.6024942
vt 0.9197488 0.6273294
vn -0.6995938 -0.6966807 -0.1587594
f 1546/1546/1546 1547/1547/1547 1548/1548/1548
v 17.0210800 3.8157680 9.0979567
vt 0.8868427 0.7067717
vn -0.6536597 -0.7227806 -0.2243149
v 14.9158230 6.3538327 7.0546589
vt 0.8389960 0.6603332
vn -0.6536597 -0.7227806 -0.2243149
v 17.8308754 3.6147857 7.3857903
vt 0.9052472 0.6678589
vn -0.6536597 -0.7227806 -0.2243149
f 1549/1549/1549 1550/1550/1550 1551/1551/1551
v 16.0473633 3.5296133 10.7225056
vt 0.8647128 0.7436933
vn -0.4917818 -0.7580978 -0.4282970
v 14.1525221 6.0242152 8.4826956
vt 0.8216482 0.6927885
vn -0.4917818 -0.7580978 -0.4282970
v 17.0210800 3.8157680 9.0979567
vt 0.8868427 0.7067717
vn -0.4917818 -0.7580978 -0.4282970
f 1552/1552/1552 1553/1553/1553 1554/1554/1554
v 14.9191017 3.4023700 12.2437906
vt 0.8390705 0.7782680
vn -0.5221314 -0.7257589 -0.4479429
v 13.2529240 6.0914650 9.8290386
vt 0.8012028 0.7233872
vn -0.5221314 -0.7257589 -0.4479429
v 16.0473633 3.5296133 10.7225056
vt 0.8647128 0.7436933
vn -0.5221314 -0.7257589 -0.4479429
f 1555/1555/1555 1556/1556/1556 1557/1557/1557
v 13.6471605 3.7213140 13.6471605
vt 0.8101627 0.8101627
vn -0.6048303 -0.6940697 -0.3904453
v 12.2256937 6.4037528 11.0807228
vt 0.7778567 0.7518346
vn -0.6048303 -0.6940697 -0.3904453
v 14.9191017 3.4023700 12.2437906
vt 0.8390705 0.7782680
vn -0.6048303 -0.6940697 -0.3904453
f 1558/1558/1558 1559/1559/1559 1560/1560/1560
v 12.2437906 3.7663689 14.9191017
vt 0.7782680 0.8390705
vn -0.4635454 -0.7414352 -0.4851799
v 11.0807228 6.2560301 12.2256937
vt 0.7518346 0.7778567
vn -0.4635454 -0.7414352 -0.4851799
v 13.6471605 3.7213140 13.6471605
vt 0.8101627 0.8101627
vn -0.4635454 -0.7414352 -0.4851799
f 1561/1561/1561 1562/1562/1562 1563/1563/1563
v 10.7225056 3.4358146 16.0473633
vt 0.7436933 0.8647128
vn -0.2788783 -0.7525927 -0.5965160
v 9.8290386 5.9818087 13.2529240
vt 0.7233872 0.8012028
vn -0.2788783 -0.7525927 -0.5965160
v 12.2437906 3.7663689 14.9191017
vt 0.7782680 0.8390705
vn -0.2788783 -0.7525927 -0.5965160
f 1564/1564/1564 1565/1565/1565 1566/1566/1566
v 9.0979567 3.4759400 17.0210800
vt 0.7067717 0.8868427
vn -0.3742655 -0.7111677 -0.5951184
v 8.4826956 6.2001953 14.1525221
vt 0.6927885 0.8216482
vn -0.3742655 -0.7111677 -0.5951184
v 10.7225056 3.4358146 16.0473633
vt 0.7436933 0.8647128
vn -0.3742655 -0.7111677 -0.5951184
f 1567/1567/1567 1568/1568/1568 1569/1569/1569
v 7.3857903 3.7961543 17.8308754
vt 0.6678589 0.9052472
vn -0.4076868 -0.7014419 -0.5846117
v 7.0546589 6.4181409 14.9158230
vt 0.6603332 0.8389960
vn -0.4076868 -0.7014419 -0.5846117
v 9.0979567 3.4759400 17.0210800
vt 0.7067717 0.8868427
vn -0.4076868 -0.7014419 -0.5846117
f 1570/1570/1570 1571/1571/1571 1572/1572/1572
v 5.6024942 3.6735132 18.4689484
vt 0.6273294 0.9197488
vn -0.1744942 -0.7544855 -0.6326953
v 5.5586824 6.1435919 15.5354767
vt 0.6263337 0.8530790
vn -0.1744942 -0.7544855 -0.6326953
v 7.3857903 3.7961543 17.8308754
vt 0.6678589 0.9052472
vn -0.1744942 -0.7544855 -0.6326953
f 1573/1573/1573 1574/1574/1574 1575/1575/1575
v 3.7652433 3.3849022 18.9291553
vt 0.5855737 0.9302081
vn -0.0505641 -0.7427446 -0.6676630
v 4.0091729 5.9963946 16.0055161
vt 0.5911176 0.8637617
vn -0.0505641 -0.7427446 -0.6676630
v 5.6024942 3.6735132 18.4689484
vt 0.6273294 0.9197488
vn -0.0505641 -0.7427446 -0.6676630
f 1576/1576/1576 1577/1577/1577 1578/1578/1578
v 1.8917308 3.5819151 19.2070656
vt 0.5429939 0.9365242
vn -0.1763057 -0.6990759 -0.6929712
v 2.4210529 6.3088746 16.3214130
vt 0.5550239 0.8709412
vn -0.1763057 -0.6990759 -0.6929712
v 3.7652433 3.3849022 18.9291553
vt 0.5855737 0.9302081
vn -0.1763057 -0.6990759 -0.6929712
f 1579/1579/1579 1580/1580/1580 1581/1581/1581
v 0.0000000 3.8197579 19.2999992
vt 0.5000000 0.9386363
vn -0.1238678 -0.7172884 -0.6856778
v 0.8096166 6.3755493 16.4801254
vt 0.5184004 0.8745483
vn -0.1238678 -0.7172884 -0.6856778
v 1.8917308 3.5819151 19.2070656
vt 0.5429939 0.9365242
vn -0.1238678 -0.7172884 -0.6856778
f 1582/1582/1582 1583/1583/1583 1584/1584/1584
v -1.8917308 3.5614557 19.2070656
vt 0.4570061 0.9365242
vn 0.1348902 -0.7585195 -0.6375365
v -0.8096166 6.0458879 16.4801254
vt 0.4815996 0.8745483
vn 0.1348902 -0.7585195 -0.6375365
v 0.0000000 3.8197579 19.2999992
vt 0.5000000 0.9386363
vn 0.1348902 -0.7585195 -0.6375365
f 1585/1585/1585 1586/1586/1586 1587/1587/1587
v -3.7652433 3.3901744 18.9291553
vt 0.4144263 0.9302081
vn 0.1651231 -0.7298917 -0.6633193
v -2.4210529 6.0641637 16.3214130
vt 0.4449761 0.8709412
vn 0.1651231 -0.7298917 -0.6633193
v -1.8917308 3.5614557 19.2070656
vt 0.4570061 0.9365242
vn 0.1651231 -0.7298917 -0.6633193
f 1588/1588/1588 1589/1589/1589 1590/1590/1590
v -5.6024942 3.6926141 18.4689484
vt 0.3726706 0.9197488
vn 0.0654238 -0.6938310 -0.7171599
v -4.0091729 6.3891153 16.0055161
vt 0.4088824 0.8637617
vn 0.0654238 -0.6938310 -0.7171599
v -3.7652433 3.3901744 18.9291553
vt 0.4144263 0.9302081
vn 0.0654238 -0.6938310 -0.7171599
f 1591/1591/1591 1592/1592/1592 1593/1593/1593
v -7.3857903 3.7859600 17.8308754
vt 0.3321411 0.9052472
vn 0.1934449 -0.7363436 -0.6483650
v -5.5586824 6.2871037 15.5354767
vt 0.3736663 0.8530790
vn 0.1934449 -0.7363436 -0.6483650
v -5.6024942 3.6926141 18.4689484
vt 0.3726706 0.9197488
vn 0.1934449 -0.7363436 -0.6483650
f 1594/1594/1594 1595/1595/1595 1596/1596/1596
v -9.0979567 3.4594662 17.0210800
vt 0.2932283 0.8868427
vn 0.3925324 -0.7547271 -0.5256478
v -7.0546589 5.9884391 14.9158230
vt 0.3396668 0.8389960
vn 0.3925324 -0.7547271 -0.5256478
v -7.3857903 3.7859600 17.8308754
vt 0.3321411 0.9052472
vn 0.3925324 -0.7547271 -0.5256478
f 1597/1597/1597 1598/1598/1598 1599/1599/1599
v -10.7225056 3.4502540 16.0473633
vt 0.2563067 0.8647128
vn 0.3622314 -0.7153233 -0.5975792
v -8.4826956 6.1674132 14.1525221
vt 0.3072115 0.8216482
vn 0.3622314 -0.7153233 -0.5975792
v -9.0979567 3.4594662 17.0210800
vt 0.2932283 0.8868427
vn 0.3622314 -0.7153233 -0.5975792
f 1600/1600/1600 1601/1601/1601 1602/1602/1602
v -12.2437906 3.7791216 14.9191017
vt 0.2217320 0.8390705
vn 0.3228579 -0.6982949 -0.6388638
v -9.8290386 6.4199581 13.2529240
vt 0.2766128 0.8012028
vn 0.3228579 -0.6982949 -0.6388638
v -10.7225056 3.4502540 16.0473633
vt 0.2563067 0.8647128
vn 0.3228579 -0.6982949 -0.6388638
f 1603/1603/1603 1604/1604/1604 1605/1605/1605
v -13.6471605 3.7035882 13.6471605
vt 0.1898373 0.8101627
vn 0.4647383 -0.7515819 -0.4681271
v -11.0807228 6.1759057 12.2256937
vt 0.2481654 0.7778567
vn 0.4647383 -0.7515819 -0.4681271
v -12.2437906 3.7791216 14.9191017
vt 0.2217320 0.8390705
vn 0.4647383 -0.7515819 -0.4681271
f 1606/1606/1606 1607/1607/1607 1608/1608/1608
v -14.9191017 3.3941848 12.2437906
vt 0.1609295 0.7782680
vn 0.5669852 -0.7459416 -0.3494267
v -12.2256937 5.9862504 11.0807228
vt 0.2221433 0.7518346
vn 0.5669852 -0.7459416 -0.3494267
v -13.6471605 3.7035882 13.6471605
vt 0.1898373 0.8101627
vn 0.5669852 -0.7459416 -0.3494267
f 1609/1609/1609 1610/1610/1610 1611/1611/1611
v -16.0473633 3.5494480 10.7225056
vt 0.1352872 0.7436933
vn 0.5358279 -0.7020551 -0.4690492
v -13.2529240 6.2791753 9.8290386
vt 0.1987972 0.7233872
vn 0.5358279 -0.7020551 -0.4690492
v -14.9191017 3.3941848 12.2437906
vt 0.1609295 0.7782680
vn 0.5358279 -0.7020551 -0.4690492
f 1612/1612/1612 1613/1613/1613 1614/1614/1614
v -17.0210800 3.8188419 9.0979567
vt 0.1131573 0.7067717
vn 0.5438428 -0.7120787 -0.4440485
v -14.1525221 6.3933468 8.4826956
vt 0.1783518 0.6927885
vn 0.5438428 -0.7120787 -0.4440485
v -16.0473633 3.5494480 10.7225056
vt 0.1352872 0.7436933
vn 0.5438428 -0.7120787 -0.4440485
f 1615/1615/1615 1616/1616/1616 1617/1617/1617
v -17.8308754 3.5941586 7.3857903
vt 0.0947528 0.6678589
vn 0.6221640 -0.7582759 -0.1947554
v -14.9158230 6.0710015 7.0546589
vt 0.1610040 0.6603332
vn 0.6221640 -0.7582759 -0.1947554
v -17.0210800 3.8188419 9.0979567
vt 0.1131573 0.7067717
vn 0.6221640 -0.7582759 -0.1947554
f 1618/1618/1618 1619/1619/1619 1620/1620/1620
v -18.4689484 3.3826632 5.6024942
vt 0.0802512 0.6273294
vn 0.6625200 -0.7338677 -0.1500180
v -15.5354767 6.0398946 5.5586824
vt 0.1469210 0.6263337
vn 0.6625200 -0.7338677 -0.1500180
v -17.8308754 3.5941586 7.3857903
vt 0.0947528 0.6678589
vn 0.6625200 -0.7338677 -0.1500180
f 1621/1621/1621 1622/1622/1622 1623/1623/1623
v -18.9291553 3.6618466 3.7652433
vt 0.0697919 0.5855737
vn 0.6660287 -0.6944270 -0.2723544
v -16.0055161 6.3702559 4.0091729
vt 0.1362383 0.5911176
vn 0.6660287 -0.6944270 -0.2723544
v -18.4689484 3.3826632 5.6024942
vt 0.0802512 0.6273294
vn 0.6660287 -0.6944270 -0.2723544
f 1624/1624/1624 1625/1625/1625 1626/1626/1626
v -19.2070656 3.8013995 1.8917308
vt 0.0634758 0.5429939
vn 0.6650732 -0.7309161 -0.1530986
v -16.3214130 6.3162322 2.4210529
vt 0.1290588 0.5550239
vn 0.6650732 -0.7309161 -0.1530986
v -18.9291553 3.6618466 3.7652433
vt 0.0697919 0.5855737
vn 0.6650732 -0.7309161 -0.1530986
f 1627/1627/1627 1628/1628/1628 1629/1629/1629
v -19.2999992 3.4862549 0.0000000
vt 0.0613637 0.5000000
vn 0.6472244 -0.7564541 0.0942224
v -16.4801254 5.9997921 0.8096166
vt 0.1254517 0.5184004
vn 0.6472244 -0.7564541 0.0942224
v -19.2070656 3.8013995 1.8917308
vt 0.0634758 0.5429939
vn 0.6472244 -0.7564541 0.0942224
f 1630/1630/1630 1631/1631/1631 1632/1632/1632
v -19.2070656 3.4279113 -1.8917308
vt 0.0634758 0.4570061
vn 0.6921345 -0.7195776 0.0561948
v -16.4801254 6.1353588 -0.8096166
vt 0.1254517 0.4815996
vn 0.6921345 -0.7195776 0.0561948
v -19.2999992 3.4862549 0.0000000
vt 0.0613637 0.5000000
vn 0.6921345 -0.7195776 0.0561948
f 1633/1633/1633 1634/1634/1634 1635/1635/1635
v -18.9291553 3.7580903 -3.7652433
vt 0.0697919 0.4144263
vn 0.7179040 -0.6959545 -0.0161604
v -16.3214130 6.4168649 -2.4210529
vt 0.1290588 0.4449761
vn 0.7179040 -0.6959545 -0.0161604
v -19.2070656 3.4279113 -1.8917308
vt 0.0634758 0.4570061
vn 0.7179040 -0.6959545 -0.0161604
f 1636/1636/1636 1637/1637/1637 1638/1638/1638
v -18.4689484 3.7313507 -5.6024942
vt 0.0802512 0.3726706
vn 0.6412408 -0.7479274 0.1715078
v -16.0055161 6.2087574 -4.0091729
vt 0.1362383 0.4088824
vn 0.6412408 -0.7479274 0.1715078
v -18.9291553 3.7580903 -3.7652433
vt 0.0697919 0.4144263
vn 0.6412408 -0.7479274 0.1715078
f 1639/1639/1639 1640/1640/1640 1641/1641/1641
v -17.8308754 3.4080620 -7.3857903
vt 0.0947528 0.3321411
vn 0.5691993 -0.7488686 0.3394229
v -15.5354767 5.9808784 -5.5586824
vt 0.1469210 0.3736663
vn 0.5691993 -0.7488686 0.3394229
v -18.4689484 3.7313507 -5.6024942
vt 0.0802512 0.3726706
vn 0.5691993 -0.7488686 0.3394229
f 1642/1642/1642 1643/1643/1643 1644/1644/1644
v -17.0210800 3.5181098 -9.0979567
vt 0.1131573 0.2932283
vn 0.6571091 -0.7055120 0.2654438
v -14.9158230 6.2477078 -7.0546589
vt 0.1610040 0.3396668
vn 0.6571091 -0.7055120 0.2654438
v -17.8308754 3.4080620 -7.3857903
vt 0.0947528 0.3321411
vn 0.6571091 -0.7055120 0.2654438
f 1645/1645/1645 1646/1646/1646 1647/1647/1647
v -16.0473633 3.8130403 -10.7225056
vt 0.1352872 0.2563067
vn 0.6555489 -0.7073115 0.2645111
v -14.1525221 6.4068279 -8.4826956
vt 0.1783518 0.3072115
vn 0.6555489 -0.7073115 0.2645111
v -17.0210800 3.5181098 -9.0979567
vt 0.1131573 0.2932283
vn 0.6555489 -0.7073115 0.2645111
f 1648/1648/1648 1649/1649/1649 1650/1650/1650
v -14.9191017 3.6269922 -12.2437906
vt 0.1609295 0.2217320
vn 0.4768203 -0.7573005 0.4462492
v -13.2529240 6.0989947 -9.8290386
vt 0.1987972 0.2766128
vn 0.4768203 -0.7573005 0.4462492
v -16.0473633 3.8130403 -10.7225056
vt 0.1352872 0.2563067
vn 0.4768203 -0.7573005 0.4462492
f 1651/1651/1651 1652/1652/1652 1653/1653/1653
v -13.6471605 3.3800042 -13.6471605
vt 0.1898373 0.1898373
vn 0.4305777 -0.7376473 0.5200764
v -12.2256937 6.0191998 -11.0807228
vt 0.2221433 0.2481654
vn 0.4305777 -0.7376473 0.5200764
v -14.9191017 3.6269922 -12.2437906
vt 0.1609295 0.2217320
vn 0.4305777 -0.7376473 0.5200764
f 1654/1654/1654 1655/1655/1655 1656/1656/1656
v -12.2437906 3.6296983 -14.9191017
vt 0.2217320 0.1609295
vn 0.5463500 -0.6958087 0.4662101
v -11.0807228 6.3475952 -12.2256937
vt 0.2481654 0.2221433
vn 0.5463500 -0.6958087 0.4662101
v -13.6471605 3.3800042 -13.6471605
vt 0.1898373 0.1898373
vn 0.5463500 -0.6958087 0.4662101
f 1657/1657/1657 1658/1658/1658 1659/1659/1659
v -10.7225056 3.8123429 -16.0473633
vt 0.2563067 0.1352872
vn 0.4641389 -0.7253294 0.5084017
v -9.8290386 6.3427663 -13.2529240
vt 0.2766128 0.1987972
vn 0.4641389 -0.7253294 0.5084017
v -12.2437906 3.6296983 -14.9191017
vt 0.2217320 0.1609295
vn 0.4641389 -0.7253294 0.5084017
f 1660/1660/1660 1661/1661/1661 1662/1662/1662
v -9.0979567 3.5155833 -17.0210800
vt 0.2932283 0.1131573
vn 0.2280739 -0.7577057 0.6114444
v -8.4826956 6.0156155 -14.1525221
vt 0.3072115 0.1783518
vn 0.2280739 -0.7577057 0.6114444
v -10.7225056 3.8123429 -16.0473633
vt 0.2563067 0.1352872
vn 0.2280739 -0.7577057 0.6114444
f 1663/1663/1663 1664/1664/1664 1665/1665/1665
v -7.3857903 3.4094105 -17.8308754
vt 0.3321411 0.0947528
vn 0.2578095 -0.7238378 0.6399947
v -7.0546589 6.1047478 -14.9158230
vt 0.3396668 0.1610040
vn 0.2578095 -0.7238378 0.6399947
v -9.0979567 3.5155833 -17.0210800
vt 0.2932283 0.1131573
vn 0.2578095 -0.7238378 0.6399947
f 1666/1666/1666 1667/1667/1667 1668/1668/1668
v -5.6024942 3.7335296 -18.4689484
vt 0.3726706 0.0802512
vn 0.3509676 -0.6944631 0.6281263
v -5.5586824 6.4089303 -15.5354767
vt 0.3736663 0.1469210
vn 0.3509676 -0.6944631 0.6281263
v -7.3857903 3.4094105 -17.8308754
vt 0.3321411 0.0947528
vn 0.3509676 -0.6944631 0.6281263
f 1669/1669/1669 1670/1670/1670 1671/1671/1671
v -3.7652433 3.7561805 -18.9291553
vt 0.4144263 0.0697919
vn 0.1710745 -0.7436000 0.6463688
v -4.0091729 6.2414131 -16.0055161
vt 0.4088824 0.1362383
vn 0.1710745 -0.7436000 0.6463688
v -5.6024942 3.7335296 -18.4689484
vt 0.3726706 0.0802512
vn 0.1710745 -0.7436000 0.6463688
f 1672/1672/1672 1673/1673/1673 1674/1674/1674
v -1.8917308 3.4262245 -19.2070656
vt 0.4570061 0.0634758
vn -0.0346239 -0.7515004 0.6588234
v -2.4210529 5.9803982 -16.3214130
vt 0.4449761 0.1290588
vn -0.0346239 -0.7515004 0.6588234
v -3.7652433 3.7561805 -18.9291553
vt 0.4144263 0.0697919
vn -0.0346239 -0.7515004 0.6588234
f 1675/1675/1675 1676/1676/1676 1677/1677/1677
v -0.0000000 3.4885995 -19.2999992
vt 0.5000000 0.0613637
vn 0.0578993 -0.7093349 0.7024896
v -0.8096166 6.2151756 -16.4801254
vt 0.4815996 0.1254517
vn 0.0578993 -0.7093349 0.7024896
v -1.8917308 3.4262245 -19.2070656
vt 0.4570061 0.0634758
vn 0.0578993 -0.7093349 0.7024896
f 1678/1678/1678 1679/1679/1679 1680/1680/1680
v 1.8917308 3.8024821 -19.2070656
vt 0.5429939 0.0634758
vn 0.0819658 -0.7031251 0.7063262
v 0.8096166 6.4156914 -16.4801254
vt 0.5184004 0.1254517
vn 0.0819658 -0.7031251 0.7063262
v -0.0000000 3.4885995 -19.2999992
vt 0.5000000 0.0613637
vn 0.0819658 -0.7031251 0.7063262
f 1681/1681/1681 1682/1682/1682 1683/1683/1683
v 3.7652433 3.6592231 -18.9291553
vt 0.5855737 0.0697919
vn -0.1522855 -0.7555475 0.6371476
v 2.4210529 6.1292429 -16.3214130
vt 0.5550239 0.1290588
vn -0.1522855 -0.7555475 0.6371476
v 1.8917308 3.8024821 -19.2070656
vt 0.5429939 0.0634758
vn -0.1522855 -0.7555475 0.6371476
f 1684/1684/1684 1685/1685/1685 1686/1686/1686
v 5.6024942 3.3822567 -18.4689484
vt 0.6273294 0.0802512
vn -0.2661073 -0.7412036 0.6162825
v 4.0091729 6.0025420 -16.0055161
vt 0.5911176 0.1362383
vn -0.2661073 -0.7412036 0.6162825
v 3.7652433 3.6592231 -18.9291553
vt 0.5855737 0.0697919
vn -0.2661073 -0.7412036 0.6162825
f 1687/1687/1687 1688/1688/1688 1689/1689/1689
v 7.3857903 3.5968871 -17.8308754
vt 0.6678589 0.0947528
vn -0.1653371 -0.6979063 0.6968433
v 5.5586824 6.3216395 -15.5354767
vt 0.6263337 0.1469210
vn -0.1653371 -0.6979063 0.6968433
v 5.6024942 3.3822567 -18.4689484
vt 0.6273294 0.0802512
vn -0.1653371 -0.6979063 0.6968433
f 1690/1690/1690 1691/1691/1691 1692/1692/1692
v 9.0979567 3.8185456 -17.0210800
vt 0.7067717 0.1131573
vn -0.2184754 -0.7197664 0.6589422
v 7.0546589 6.3661127 -14.9158230
vt 0.6603332 0.1610040
vn -0.2184754 -0.7197664 0.6589422
v 7.3857903 3.5968871 -17.8308754
vt 0.6678589 0.0947528
vn -0.2184754 -0.7197664 0.6589422
f 1693/1693/1693 1694/1694/1694 1695/1695/1695
v 10.7225056 3.5467961 -16.0473633
vt 0.7436933 0.1352872
vn -0.4237141 -0.7584054 0.4952652
v 8.4826956 6.0355549 -14.1525221
vt 0.6927885 0.1783518
vn -0.4237141 -0.7584054 0.4952652
v 9.0979567 3.8185456 -17.0210800
vt 0.7067717 0.1131573
vn -0.4237141 -0.7584054 0.4952652
f 1696/1696/1696 1697/1697/1697 1698/1698/1698
v 12.2437906 3.3951645 -14.9191017
vt 0.7782680 0.1609295
vn -0.4537178 -0.7280252 0.5139256
v 9.8290386 6.0762630 -13.2529240
vt 0.7233872 0.1987972
vn -0.4537178 -0.7280252 0.5139256
v 10.7225056 3.5467961 -16.0473633
vt 0.7436933 0.1352872
vn -0.4537178 -0.7280252 0.5139256
f 1699/1699/1699 1700/1700/1700 1701/1701/1701
v 13.6471605 3.7059877 -13.6471605
vt 0.8101627 0.1898373
vn -0.3931620 -0.6938342 0.6033388
v 11.0807228 6.3963308 -12.2256937
vt 0.7518346 0.2221433
vn -0.3931620 -0.6938342 0.6033388
v 12.2437906 3.3951645 -14.9191017
vt 0.7782680 0.1609295
vn -0.3931620 -0.6938342 0.6033388
f 1702/1702/1702 1703/1703/1703 1704/1704/1704
v 14.9191017 3.7775235 -12.2437906
vt 0.8390705 0.2217320
vn -0.4802488 -0.7387152 0.4729280
v 12.2256937 6.2731447 -11.0807228
vt 0.7778567 0.2481654
vn -0.4802488 -0.7387152 0.4729280
v 13.6471605 3.7059877 -13.6471605
vt 0.8101627 0.1898373
vn -0.4802488 -0.7387152 0.4729280
f 1705/1705/1705 1706/1706/1706 1707/1707/1707
v 16.0473633 3.4482665 -10.7225056
vt 0.8647128 0.2563067
vn -0.5952495 -0.7538013 0.2783191
v 13.2529240 5.9848204 -9.8290386
vt 0.8012028 0.2766128
vn -0.5952495 -0.7538013 0.2783191
v 14.9191017 3.7775235 -12.2437906
vt 0.8390705 0.2217320
vn -0.5952495 -0.7538013 0.2783191
f 1708/1708/1708 1709/1709/1709 1710/1710/1710
v 17.0210800 3.4615765 -9.0979567
vt 0.8868427 0.2932283
vn -0.5984566 -0.7134115 0.3645460
v 14.1525221 6.1823044 -8.4826956
vt 0.8216482 0.3072115
vn -0.5984566 -0.7134115 0.3645460
v 16.0473633 3.4482665 -10.7225056
vt 0.8647128 0.2563067
vn -0.5984566 -0.7134115 0.3645460
f 1711/1711/1711 1712/1712/1712 1713/1713/1713
v 17.8308754 3.7874038 -7.3857903
vt 0.9052472 0.3321411
vn -0.5852134 -0.6996325 0.4099266
v 14.9158230 6.4197392 -7.0546589
vt 0.8389960 0.3396668
vn -0.5852134 -0.6996325 0.4099266
v 17.0210800 3.4615765 -9.0979567
vt 0.8868427 0.2932283
vn -0.5852134 -0.6996325 0.4099266
f 1714/1714/1714 1715/1715/1715 1716/1716/1716
v 18.4689484 3.6901317 -5.6024942
vt 0.9197488 0.3726706
vn -0.6315113 -0.7530015 0.1848847
v 15.5354767 6.1610708 -5.5586824
vt 0.8530790 0.3736663
vn -0.6315113 -0.7530015 0.1848847
v 17.8308754 3.7874038 -7.3857903
vt 0.9052472 0.3321411
vn -0.6315113 -0.7530015 0.1848847
f 1717/1717/1717 1718/1718/1718 1719/1719/1719
v 18.9291553 3.3893702 -3.7652433
vt 0.9302081 0.4144263
vn -0.6660874 -0.7445170 0.0449672
v 16.0055161 5.9902921 -4.0091729
vt 0.8637617 0.4088824
vn -0.6660874 -0.7445170 0.0449672
v 18.4689484 3.6901317 -5.6024942
vt 0.9197488 0.3726706
vn -0.6660874 -0.7445170 0.0449672
f 1720/1720/1720 1721/1721/1721 1722/1722/1722
v 19.2070656 3.5641453 -1.8917308
vt 0.9365242 0.4570061
vn -0.6934103 -0.7006317 0.1682182
v 16.3214130 6.2929683 -2.4210529
vt 0.8709412 0.4449761
vn -0.6934103 -0.7006317 0.1682182
v 18.9291553 3.3893702 -3.7652433
vt 0.9302081 0.4144263
vn -0.6934103 -0.7006317 0.1682182
f 1723/1723/1723 1724/1724/1724 1725/1725/1725
v 19.2999992 3.5043955 0.0000000
vt 0.9386363 0.5000000
vn -0.7164757 -0.6974878 0.0131677
v 16.4801254 6.3857508 -0.8096166
vt 0.8745483 0.4815996
vn -0.7164757 -0.6974878 0.0131677
v 19.2070656 3.5641453 -1.8917308
vt 0.9365242 0.4570061
vn -0.7164757 -0.6974878 0.0131677
f 1726/1726/1726 1727/1727/1727 1728/1728/1728
v 16.4801254 6.4114537 0.8096166
vt 0.8745483 0.5184004
vn -0.4186614 -0.9068810 0.0478479
v 12.6388464 8.2077408 1.2448177
vt 0.7872465 0.5282913
vn -0.4186614 -0.9068810 0.0478479
v 12.6999998 8.1138315 0.0000000
vt 0.7886364 0.5000000
vn -0.4186614 -0.9068810 0.0478479
f 1729/1729/1729 1730/1730/1730 1731/1731/1731
v 16.3214130 6.1125379 2.4210529
vt 0.8709412 0.5550239
vn -0.5212678 -0.8435184 0.1294477
v 12.4559727 8.5099430 2.4776471
vt 0.7830903 0.5563102
vn -0.5212678 -0.8435184 0.1294477
v 12.6388464 8.2077408 1.2448177
vt 0.7872465 0.5282913
vn -0.5212678 -0.8435184 0.1294477
f 1732/1732/1732 1733/1733/1733 1734/1734/1734
v 16.0055161 6.0110846 4.0091729
vt 0.8637617 0.5911176
vn -0.4869001 -0.8394815 -0.2412448
v 12.1531420 8.3381596 3.6866155
vt 0.7762078 0.5837867
vn -0.4869001 -0.8394815 -0.2412448
v 12.4559727 8.5099430 2.4776471
vt 0.7830903 0.5563102
vn -0.4869001 -0.8394815 -0.2412448
f 1735/1735/1735 1736/1736/1736 1737/1737/1737
v 15.5354767 6.3361435 5.5586824
vt 0.8530790 0.6263337
vn -0.3464143 -0.8825589 -0.3179416
v 11.7332697 8.0802240 4.8600798
vt 0.7666652 0.6104564
vn -0.3464143 -0.8825589 -0.3179416
v 12.1531420 8.3381596 3.6866155
vt 0.7762078 0.5837867
vn -0.3464143 -0.8825589 -0.3179416
f 1738/1738/1738 1739/1739/1739 1740/1740/1740
v 14.9158230 6.3538327 7.0546589
vt 0.8389960 0.6603332
vn -0.4604487 -0.8871737 -0.0301682
v 11.2004004 8.3184748 5.9867387
vt 0.7545546 0.6360622
vn -0.4604487 -0.8871737 -0.0301682
v 11.7332697 8.0802240 4.8600798
vt 0.7666652 0.6104564
vn -0.4604487 -0.8871737 -0.0301682
f 1741/1741/1741 1742/1742/1742 1743/1743/1743
v 14.1525221 6.0242152 8.4826956
vt 0.8216482 0.6927885
vn -0.5197527 -0.8397409 -0.1571382
v 10.5596638 8.5150156 7.0557418
vt 0.7399924 0.6603578
vn -0.5197527 -0.8397409 -0.1571382
v 11.2004004 8.3184748 5.9867387
vt 0.7545546 0.6360622
vn -0.5197527 -0.8397409 -0.1571382
f 1744/1744/1744 1745/1745/1745 1746/1746/1746
v 13.2529240 6.0914650 9.8290386
vt 0.8012028 0.7233872
vn -0.2877221 -0.8419821 -0.4563795
v 9.8172331 8.2261181 8.0567951
vt 0.7231189 0.6831090
vn -0.2877221 -0.8419821 -0.4563795
v 10.5596638 8.5150156 7.0557418
vt 0.7399924 0.6603578
vn -0.2877221 -0.8419821 -0.4563795
f 1747/1747/1747 1748/1748/1748 1749/1749/1749
v 12.2256937 6.4037528 11.0807228
vt 0.7778567 0.7518346
vn -0.2498437 -0.9043521 -0.3460139
v 8.9802561 8.1040230 8.9802561
vt 0.7040967 0.7040967
vn -0.2498437 -0.9043521 -0.3460139
v 9.8172331 8.2261181 8.0567951
vt 0.7231189 0.6831090
vn -0.2498437 -0.9043521 -0.3460139
f 1750/1750/1750 1751/1751/1751 1752/1752/1752
v 11.0807228 6.2560301 12.2256937
vt 0.7518346 0.7778567
vn -0.4693398 -0.8628665 -0.1875675
v 8.0567951 8.4243822 9.8172331
vt 0.6831090 0.7231189
vn -0.4693398 -0.8628665 -0.1875675
v 8.9802561 8.1040230 8.9802561
vt 0.7040967 0.7040967
vn -0.4693398 -0.8628665 -0.1875675
f 1753/1753/1753 1754/1754/1754 1755/1755/1755
v 9.8290386 5.9818087 13.2529240
vt 0.7233872 0.8012028
vn -0.3443139 -0.8399117 -0.4195191
v 7.0557418 8.4639254 10.5596638
vt 0.6603578 0.7399924
vn -0.3443139 -0.8399117 -0.4195191
v 8.0567951 8.4243822 9.8172331
vt 0.6831090 0.7231189
vn -0.3443139 -0.8399117 -0.4195191
f 1756/1756/1756 1757/1757/1757 1758/1758/1758
v 8.4826956 6.2001953 14.1525221
vt 0.6927885 0.8216482
vn -0.0471757 -0.8534693 -0.5190036
v 5.9867387 8.1333761 11.2004004
vt 0.6360622 0.7545546
vn -0.0471757 -0.8534693 -0.5190036
v 7.0557418 8.4639254 10.5596638
vt 0.6603578 0.7399924
vn -0.0471757 -0.8534693 -0.5190036
f 1759/1759/1759 1760/1760/1760 1761/1761/1761
v 7.0546589 6.4181409 14.9158230
vt 0.6603332 0.8389960
vn -0.2072546 -0.9095175 -0.3603103
v 4.8600798 8.1790123 11.7332697
vt 0.6104564 0.7666652
vn -0.2072546 -0.9095175 -0.3603103
v 5.9867387 8.1333761 11.2004004
vt 0.6360622 0.7545546
vn -0.2072546 -0.9095175 -0.3603103
f 1762/1762/1762 1763/1763/1763 1764/1764/1764
v 5.5586824 6.1435919 15.5354767
vt 0.6263337 0.8530790
vn -0.3678118 -0.8462557 -0.3854424
v 3.6866155 8.4978018 12.1531420
vt 0.5837867 0.7762078
vn -0.3678118 -0.8462557 -0.3854424
v 4.8600798 8.1790123 11.7332697
vt 0.6104564 0.7666652
vn -0.3678118 -0.8462557 -0.3854424
f 1765/1765/1765 1766/1766/1766 1767/1767/1767
v 4.0091729 5.9963946 16.0055161
vt 0.5911176 0.8637617
vn -0.0468289 -0.8395721 -0.5412263
v 2.4776471 8.3700161 12.4559727
vt 0.5563102 0.7830903
vn -0.0468289 -0.8395721 -0.5412263
v 3.6866155 8.4978018 12.1531420
vt 0.5837867 0.7762078
vn -0.0468289 -0.8395721 -0.5412263
f 1768/1768/1768 1769/1769/1769 1770/1770/1770
v 2.4210529 6.3088746 16.3214130
vt 0.5550239 0.8709412
vn 0.1340085 -0.8752476 -0.4647401
v 1.2448177 8.0841560 12.6388464
vt 0.5282913 0.7872465
vn 0.1340085 -0.8752476 -0.4647401
v 2.4776471 8.3700161 12.4559727
vt 0.5563102 0.7830903
vn 0.1340085 -0.8752476 -0.4647401
f 1771/1771/1771 1772/1772/1772 1773/1773/1773
v 0.8096166 6.3755493 16.4801254
vt 0.5184004 0.8745483
vn -0.1651416 -0.8940623 -0.4163902
v 0.0000000 8.2856045 12.6999998
vt 0.5000000 0.7886364
vn -0.1651416 -0.8940623 -0.4163902
v 1.2448177 8.0841560 12.6388464
vt 0.5282913 0.7872465
vn -0.1651416 -0.8940623 -0.4163902
f 1774/1774/1774 1775/1775/1775 1776/1776/1776
v -0.8096166 6.0458879 16.4801254
vt 0.4815996 0.8745483
vn -0.1320497 -0.8401336 -0.5260594
v -1.2448177 8.5195532 12.6388464
vt 0.4717087 0.7872465
vn -0.1320497 -0.8401336 -0.5260594
v 0.0000000 8.2856045 12.6999998
vt 0.5000000 0.7886364
vn -0.1320497 -0.8401336 -0.5260594
f 1777/1777/1777 1778/1778/1778 1779/1779/1779
v -2.4210529 6.0641637 16.3214130
vt 0.4449761 0.8709412
vn 0.2497597 -0.8405722 -0.4806854
v -2.4776471 8.2578192 12.4559727
vt 0.4436898 0.7830903
vn 0.2497597 -0.8405722 -0.4806854
v -1.2448177 8.5195532 12.6388464
vt 0.4717087 0.7872465
vn 0.2497597 -0.8405722 -0.4806854
f 1780/1780/1780 1781/1781/1781 1782/1782/1782
v -4.0091729 6.3891153 16.0055161
vt 0.4088824 0.8637617
vn 0.2187682 -0.8991709 -0.3789882
v -3.6866155 8.0913162 12.1531420
vt 0.4162133 0.7762078
vn 0.2187682 -0.8991709 -0.3789882
v -2.4776471 8.2578192 12.4559727
vt 0.4436898 0.7830903
vn 0.2187682 -0.8991709 -0.3789882
f 1783/1783/1783 1784/1784/1784 1785/1785/1785
v -5.5586824 6.2871037 15.5354767
vt 0.3736663 0.8530790
vn -0.0498930 -0.8694918 -0.4914212
v -4.8600798 8.3959560 11.7332697
vt 0.3895436 0.7666652
vn -0.0498930 -0.8694918 -0.4914212
v -3.6866155 8.0913162 12.1531420
vt 0.4162133 0.7762078
vn -0.0498930 -0.8694918 -0.4914212
f 1786/1786/1786 1787/1787/1787 1788/1788/1788
v -7.0546589 5.9884391 14.9158230
vt 0.3396668 0.8389960
vn 0.1771132 -0.8398157 -0.5131671
v -5.9867387 8.4839573 11.2004004
vt 0.3639378 0.7545546
vn 0.1771132 -0.8398157 -0.5131671
v -4.8600798 8.3959560 11.7332697
vt 0.3895436 0.7666652
vn 0.1771132 -0.8398157 -0.5131671
f 1789/1789/1789 1790/1790/1790 1791/1791/1791
v -8.4826956 6.1674132 14.1525221
vt 0.3072115 0.8216482
vn 0.4375345 -0.8489888 -0.2962794
v -7.0557418 8.1566401 10.5596638
vt 0.3396422 0.7399924
vn 0.4375345 -0.8489888 -0.2962794
v -5.9867387 8.4839573 11.2004004
vt 0.3639378 0.7545546
vn 0.4375345 -0.8489888 -0.2962794
f 1792/1792/1792 1793/1793/1793 1794/1794/1794
v -9.8290386 6.4199581 13.2529240
vt 0.2766128 0.8012028
vn 0.2487190 -0.9103068 -0.3308784
v -8.0567951 8.1529856 9.8172331
vt 0.3168910 0.7231189
vn 0.2487190 -0.9103068 -0.3308784
v -7.0557418 8.1566401 10.5596638
vt 0.3396422 0.7399924
vn 0.2487190 -0.9103068 -0.3308784
f 1795/1795/1795 1796/1796/1796 1797/1797/1797
v -11.0807228 6.1759057 12.2256937
vt 0.2481654 0.7778567
vn 0.1544623 -0.8499228 -0.5037585
v -8.9802561 8.4812441 8.9802561
vt 0.2959033 0.7040967
vn 0.1544623 -0.8499228 -0.5037585
v -8.0567951 8.1529856 9.8172331
vt 0.3168910 0.7231189
vn 0.1544623 -0.8499228 -0.5037585
f 1798/1798/1798 1799/1799/1799 1800/1800/1800
v -12.2256937 5.9862504 11.0807228
vt 0.2221433 0.7518346
vn 0.4369114 -0.8397431 -0.3223974
v -9.8172331 8.4003105 8.0567951
vt 0.2768811 0.6831090
vn 0.4369114 -0.8397431 -0.3223974
v -8.9802561 8.4812441 8.9802561
vt 0.2959033 0.7040967
vn 0.4369114 -0.8397431 -0.3223974
f 1801/1801/1801 1802/1802/1802 1803/1803/1803
v -13.2529240 6.2791753 9.8290386
vt 0.1987972 0.7233872
vn 0.4871470 -0.8681709 -0.0946943
v -10.5596638 8.0929070 7.0557418
vt 0.2600076 0.6603578
vn 0.4871470 -0.8681709 -0.0946943
v -9.8172331 8.4003105 8.0567951
vt 0.2768811 0.6831090
vn 0.4871470 -0.8681709 -0.0946943
f 1804/1804/1804 1805/1805/1805 1806/1806/1806
v -14.1525221 6.3933468 8.4826956
vt 0.1783518 0.6927885
vn 0.3006805 -0.9001763 -0.3150776
v -11.2004004 8.2530556 5.9867387
vt 0.2454454 0.6360622
vn 0.3006805 -0.9001763 -0.3150776
v -10.5596638 8.0929070 7.0557418
vt 0.2600076 0.6603578
vn 0.3006805 -0.9001763 -0.3150776
f 1807/1807/1807 1808/1808/1808 1809/1809/1809
v -14.9158230 6.0710015 7.0546589
vt 0.1610040 0.6603332
vn 0.3845489 -0.8410184 -0.3805394
v -11.7332697 8.5191898 4.8600798
vt 0.2333348 0.6104564
vn 0.3845489 -0.8410184 -0.3805394
v -11.2004004 8.2530556 5.9867387
vt 0.2454454 0.6360622
vn 0.3845489 -0.8410184 -0.3805394
f 1810/1810/1810 1811/1811/1811 1812/1812/1812
v -15.5354767 6.0398946 5.5586824
vt 0.1469210 0.6263337
vn 0.5420486 -0.8398023 -0.0302562
v -12.1531420 8.2904615 3.6866155
vt 0.2237922 0.5837867
vn 0.5420486 -0.8398023 -0.0302562
v -11.7332697 8.5191898 4.8600798
vt 0.2333348 0.6104564
vn 0.5420486 -0.8398023 -0.0302562
f 1813/1813/1813 1814/1814/1814 1815/1815/1815
v -16.0055161 6.3702559 4.0091729
vt 0.1362383 0.5911176
vn 0.4484589 -0.8928769 0.0406884
v -12.4559727 8.0832682 2.4776471
vt 0.2169097 0.5563102
vn 0.4484589 -0.8928769 0.0406884
v -12.1531420 8.2904615 3.6866155
vt 0.2237922 0.5837867
vn 0.4484589 -0.8928769 0.0406884
f 1816/1816/1816 1817/1817/1817 1818/1818/1818
v -16.3214130 6.3162322 2.4210529
vt 0.1290588 0.5550239
vn 0.4045422 -0.8766006 -0.2606090
v -12.6388464 8.3653879 1.2448177
vt 0.2127535 0.5282913
vn 0.4045422 -0.8766006 -0.2606090
v -12.4559727 8.0832682 2.4776471
vt 0.2169097 0.5563102
vn 0.4045422 -0.8766006 -0.2606090
f 1819/1819/1819 1820/1820/1820 1821/1821/1821
v -16.4801254 5.9997921 0.8096166
vt 0.1254517 0.5184004
vn 0.5303471 -0.8396993 -0.1167783
v -12.6999998 8.4998827 0.0000000
vt 0.2113636 0.5000000
vn 0.5303471 -0.8396993 -0.1167783
v -12.6388464 8.3653879 1.2448177
vt 0.2127535 0.5282913
vn 0.5303471 -0.8396993 -0.1167783
f 1822/1822/1822 1823/1823/1823 1824/1824/1824
v -16.4801254 6.1353588 -0.8096166
vt 0.1254517 0.4815996
vn 0.4777458 -0.8454692 0.2386229
v -12.6388464 8.1831045 -1.2448177
vt 0.2127535 0.4717087
vn 0.4777458 -0.8454692 0.2386229
v -12.6999998 8.4998827 0.0000000
vt 0.2113636 0.5000000
vn 0.4777458 -0.8454692 0.2386229
f 1825/1825/1825 1826/1826/1826 1827/1827/1827
v -16.3214130 6.4168649 -2.4210529
vt 0.1290588 0.4449761
vn 0.4044511 -0.9091876 0.0989811
v -12.4559727 8.1302404 -2.4776471
vt 0.2169097 0.4436898
vn 0.4044511 -0.9091876 0.0989811
v -12.6388464 8.1831045 -1.2448177
vt 0.2127535 0.4717087
vn 0.4044511 -0.9091876 0.0989811
f 1828/1828/1828 1829/1829/1829 1830/1830/1830
v -16.0055161 6.2087574 -4.0091729
vt 0.1362383 0.4088824
vn 0.5084095 -0.8545430 -0.1061892
v -12.1531420 8.4606409 -3.6866155
vt 0.2237922 0.4162133
vn 0.5084095 -0.8545430 -0.1061892
v -12.4559727 8.1302404 -2.4776471
vt 0.2169097 0.4436898
vn 0.5084095 -0.8545430 -0.1061892
f 1831/1831/1831 1832/1832/1832 1833/1833/1833
v -15.5354767 5.9808784 -5.5586824
vt 0.1469210 0.3736663
vn 0.5033014 -0.8398830 0.2031852
v -11.7332697 8.4283648 -4.8600798
vt 0.2333348 0.3895436
vn 0.5033014 -0.8398830 0.2031852
v -12.1531420 8.4606409 -3.6866155
vt 0.2237922 0.4162133
vn 0.5033014 -0.8398830 0.2031852
f 1834/1834/1834 1835/1835/1835 1836/1836/1836
v -14.9158230 6.2477078 -7.0546589
vt 0.1610040 0.3396668
vn 0.3171047 -0.8616232 0.3962955
v -11.2004004 8.1062813 -5.9867387
vt 0.2454454 0.3639378
vn 0.3171047 -0.8616232 0.3962955
v -11.7332697 8.4283648 -4.8600798
vt 0.2333348 0.3895436
vn 0.3171047 -0.8616232 0.3962955
f 1837/1837/1837 1838/1838/1838 1839/1839/1839
v -14.1525221 6.4068279 -8.4826956
vt 0.1783518 0.3072115
vn 0.4005742 -0.9051164 0.1424941
v -10.5596638 8.2215548 -7.0557418
vt 0.2600076 0.3396422
vn 0.4005742 -0.9051164 0.1424941
v -11.2004004 8.1062813 -5.9867387
vt 0.2454454 0.3639378
vn 0.4005742 -0.9051164 0.1424941
f 1840/1840/1840 1841/1841/1841 1842/1842/1842
v -13.2529240 6.0989947 -9.8290386
vt 0.1987972 0.2766128
vn 0.5201717 -0.8425591 0.1396982
v -9.8172331 8.5139332 -8.0567951
vt 0.2768811 0.3168910
vn 0.5201717 -0.8425591 0.1396982
v -10.5596638 8.2215548 -7.0557418
vt 0.2600076 0.3396422
vn 0.5201717 -0.8425591 0.1396982
f 1843/1843/1843 1844/1844/1844 1845/1845/1845
v -12.2256937 6.0191998 -11.0807228
vt 0.2221433 0.2481654
vn 0.3049681 -0.8395060 0.4496934
v -8.9802561 8.3233175 -8.9802561
vt 0.2959033 0.2959033
vn 0.3049681 -0.8395060 0.4496934
v -9.8172331 8.5139332 -8.0567951
vt 0.2768811 0.3168910
vn 0.3049681 -0.8395060 0.4496934
f 1846/1846/1846 1847/1847/1847 1848/1848/1848
v -11.0807228 6.3475952 -12.2256937
vt 0.2481654 0.2221433
vn 0.1609918 -0.8858735 0.4350976
v -8.0567951 8.0800581 -9.8172331
vt 0.3168910 0.2768811
vn 0.1609918 -0.8858735 0.4350976
v -8.9802561 8.3233175 -8.9802561
vt 0.2959033 0.2959033
vn 0.1609918 -0.8858735 0.4350976
f 1849/1849/1849 1850/1850/1850 1851/1851/1851
v -9.8290386 6.3427663 -13.2529240
vt 0.2766128 0.1987972
vn 0.4015237 -0.8838897 0.2398285
v -7.0557418 8.3333597 -10.5596638
vt 0.3396422 0.2600076
vn 0.4015237 -0.8838897 0.2398285
v -8.0567951 8.0800581 -9.8172331
vt 0.3168910 0.2768811
vn 0.4015237 -0.8838897 0.2398285
f 1852/1852/1852 1853/1853/1853 1854/1854/1854
v -8.4826956 6.0156155 -14.1525221
vt 0.3072115 0.1783518
vn 0.3751637 -0.8396785 0.3926731
v -5.9867387 8.5113459 -11.2004004
vt 0.3639378 0.2454454
vn 0.3751637 -0.8396785 0.3926731
v -7.0557418 8.3333597 -10.5596638
vt 0.3396422 0.2600076
vn 0.3751637 -0.8396785 0.3926731
f 1855/1855/1855 1856/1856/1856 1857/1857/1857
v -7.0546589 6.1047478 -14.9158230
vt 0.3396668 0.1610040
vn 0.0302884 -0.8428773 0.5372528
v -4.8600798 8.2121792 -11.7332697
vt 0.3895436 0.2333348
vn 0.0302884 -0.8428773 0.5372528
v -5.9867387 8.5113459 -11.2004004
vt 0.3639378 0.2454454
vn 0.0302884 -0.8428773 0.5372528
f 1858/1858/1858 1859/1859/1859 1860/1860/1860
v -5.5586824 6.4089303 -15.5354767
vt 0.3736663 0.1469210
vn 0.0711860 -0.9062437 0.4167191
v -3.6866155 8.1112852 -12.1531420
vt 0.4162133 0.2237922
vn 0.0711860 -0.9062437 0.4167191
v -4.8600798 8.2121792 -11.7332697
vt 0.3895436 0.2333348
vn 0.0711860 -0.9062437 0.4167191
f 1861/1861/1861 1862/1862/1862 1863/1863/1863
v -4.0091729 6.2414131 -16.0055161
vt 0.4088824 0.1362383
vn 0.3289950 -0.8600736 0.3899174
v -2.4776471 8.4364500 -12.4559727
vt 0.4436898 0.2169097
vn 0.3289950 -0.8600736 0.3899174
v -3.6866155 8.1112852 -12.1531420
vt 0.4162133 0.2237922
vn 0.3289950 -0.8600736 0.3899174
f 1864/1864/1864 1865/1865/1865 1866/1866/1866
v -2.4210529 5.9803982 -16.3214130
vt 0.4449761 0.1290588
vn 0.0910143 -0.8399277 0.5350119
v -1.2448177 8.4535532 -12.6388464
vt 0.4717087 0.2127535
vn 0.0910143 -0.8399277 0.5350119
v -2.4776471 8.4364500 -12.4559727
vt 0.4436898 0.2169097
vn 0.0910143 -0.8399277 0.5350119
f 1867/1867/1867 1868/1868/1868 1869/1869/1869
v -0.8096166 6.2151756 -16.4801254
vt 0.4815996 0.1254517
vn -0.2032157 -0.8558230 0.4756789
v -0.0000000 8.1239805 -12.6999998
vt 0.5000000 0.2113636
vn -0.2032157 -0.8558230 0.4756789
v -1.2448177 8.4535532 -12.6388464
vt 0.4717087 0.2127535
vn -0.2032157 -0.8558230 0.4756789
f 1870/1870/1870 1871/1871/1871 1872/1872/1872
v 0.8096166 6.4156914 -16.4801254
vt 0.5184004 0.1254517
vn 0.0290262 -0.9085363 0.4167964
v 1.2448177 8.1918049 -12.6388464
vt 0.5282913 0.2127535
vn 0.0290262 -0.9085363 0.4167964
v -0.0000000 8.1239805 -12.6999998
vt 0.5000000 0.2113636
vn 0.0290262 -0.9085363 0.4167964
f 1873/1873/1873 1874/1874/1874 1875/1875/1875
v 2.4210529 6.1292429 -16.3214130
vt 0.5550239 0.1290588
vn 0.1371934 -0.8448967 0.5170372
v 2.4776471 8.5039005 -12.4559727
vt 0.5563102 0.2169097
vn 0.1371934 -0.8448967 0.5170372
v 1.2448177 8.1918049 -12.6388464
vt 0.5282913 0.2127535
vn 0.1371934 -0.8448967 0.5170372
f 1876/1876/1876 1877/1877/1877 1878/1878/1878
v 4.0091729 6.0025420 -16.0055161
vt 0.5911176 0.1362383
vn -0.2266387 -0.8395125 0.4938153
v 3.6866155 8.3556519 -12.1531420
vt 0.5837867 0.2237922
vn -0.2266387 -0.8395125 0.4938153
v 2.4776471 8.5039005 -12.4559727
vt 0.5563102 0.2169097
vn -0.2266387 -0.8395125 0.4938153
f 1879/1879/1879 1880/1880/1880 1881/1881/1881
v 5.5586824 6.3216395 -15.5354767
vt 0.6263337 0.1469210
vn -0.3289588 -0.8785702 0.3462666
v 4.8600798 8.0817595 -11.7332697
vt 0.6104564 0.2333348
vn -0.3289588 -0.8785702 0.3462666
v 3.6866155 8.3556519 -12.1531420
vt 0.5837867 0.2237922
vn -0.3289588 -0.8785702 0.3462666
f 1882/1882/1882 1883/1883/1883 1884/1884/1884
v 7.0546589 6.3661127 -14.9158230
vt 0.6603332 0.1610040
vn -0.0408088 -0.8909947 0.4521759
v 5.9867387 8.3005857 -11.2004004
vt 0.6360622 0.2454454
vn -0.0408088 -0.8909947 0.4521759
v 4.8600798 8.0817595 -11.7332697
vt 0.6104564 0.2333348
vn -0.0408088 -0.8909947 0.4521759
f 1885/1885/1885 1886/1886/1886 1887/1887/1887
v 8.4826956 6.0355549 -14.1525221
vt 0.6927885 0.1783518
vn -0.1429294 -0.8399039 0.5235768
v 7.0557418 8.5180902 -10.5596638
vt 0.6603578 0.2600076
vn -0.1429294 -0.8399039 0.5235768
v 5.9867387 8.3005857 -11.2004004
vt 0.6360622 0.2454454
vn -0.1429294 -0.8399039 0.5235768
f 1888/1888/1888 1889/1889/1889 1890/1890/1890
v 9.8290386 6.0762630 -13.2529240
vt 0.7233872 0.1987972
vn -0.4516355 -0.8411259 0.2975445
v 8.0567951 8.2432146 -9.8172331
vt 0.6831090 0.2768811
vn -0.4516355 -0.8411259 0.2975445
v 7.0557418 8.5180902 -10.5596638
vt 0.6603578 0.2600076
vn -0.4516355 -0.8411259 0.2975445
f 1891/1891/1891 1892/1892/1892 1893/1893/1893
v 11.0807228 6.3963308 -12.2256937
vt 0.7518346 0.2221433
vn -0.3601121 -0.9016929 0.2393101
v 8.9802561 8.0965433 -8.9802561
vt 0.7040967 0.2959033
vn -0.3601121 -0.9016929 0.2393101
v 8.0567951 8.2432146 -9.8172331
vt 0.6831090 0.2768811
vn -0.3601121 -0.9016929 0.2393101
f 1894/1894/1894 1895/1895/1895 1896/1896/1896
v 12.2256937 6.2731447 -11.0807228
vt 0.7778567 0.2481654
vn -0.1871393 -0.8663972 0.4629630
v 9.8172331 8.4092140 -8.0567951
vt 0.7231189 0.3168910
vn -0.1871393 -0.8663972 0.4629630
v 8.9802561 8.0965433 -8.9802561
vt 0.7040967 0.2959033
vn -0.1871393 -0.8663972 0.4629630
f 1897/1897/1897 1898/1898/1898 1899/1899/1899
v 13.2529240 5.9848204 -9.8290386
vt 0.8012028 0.2766128
vn -0.4079699 -0.8398675 0.3580268
v 10.5596638 8.4753132 -7.0557418
vt 0.7399924 0.3396422
vn -0.4079699 -0.8398675 0.3580268
v 9.8172331 8.4092140 -8.0567951
vt 0.7231189 0.3168910
vn -0.4079699 -0.8398675 0.3580268
f 1900/1900/1900 1901/1901/1901 1902/1902/1902
v 14.1525221 6.1823044 -8.4826956
vt 0.8216482 0.3072115
vn -0.5228333 -0.8509119 0.0509353
v 11.2004004 8.1456099 -5.9867387
vt 0.7545546 0.3639378
vn -0.5228333 -0.8509119 0.0509353
v 10.5596638 8.4753132 -7.0557418
vt 0.7399924 0.3396422
vn -0.5228333 -0.8509119 0.0509353
f 1903/1903/1903 1904/1904/1904 1905/1905/1905
v 14.9158230 6.4197392 -7.0546589
vt 0.8389960 0.3396668
vn -0.3683410 -0.9101835 0.1894490
v 11.7332697 8.1644707 -4.8600798
vt 0.7666652 0.3895436
vn -0.3683410 -0.9101835 0.1894490
v 11.2004004 8.1456099 -5.9867387
vt 0.7545546 0.3639378
vn -0.3683410 -0.9101835 0.1894490
f 1906/1906/1906 1907/1907/1907 1908/1908/1908
v 15.5354767 6.1610708 -5.5586824
vt 0.8530790 0.3736663
vn -0.3788412 -0.8481334 0.3703362
v 12.1531420 8.4893150 -3.6866155
vt 0.7762078 0.4162133
vn -0.3788412 -0.8481334 0.3703362
v 11.7332697 8.1644707 -4.8600798
vt 0.7666652 0.3895436
vn -0.3788412 -0.8481334 0.3703362
f 1909/1909/1909 1910/1910/1910 1911/1911/1911
v 16.0055161 5.9902921 -4.0091729
vt 0.8637617 0.4088824
vn -0.5393400 -0.8396633 0.0638594
v 12.4559727 8.3867445 -2.4776471
vt 0.7830903 0.4436898
vn -0.5393400 -0.8396633 0.0638594
v 12.1531420 8.4893150 -3.6866155
vt 0.7762078 0.4162133
vn -0.5393400 -0.8396633 0.0638594
f 1912/1912/1912 1913/1913/1913 1914/1914/1914
v 16.3214130 6.2929683 -2.4210529
vt 0.8709412 0.4449761
vn -0.4699108 -0.8713461 -0.1412086
v 12.6388464 8.0883322 -1.2448177
vt 0.7872465 0.4717087
vn -0.4699108 -0.8713461 -0.1412086
v 12.4559727 8.3867445 -2.4776471
vt 0.7830903 0.4436898
vn -0.4699108 -0.8713461 -0.1412086
f 1915/1915/1915 1916/1916/1916 1917/1917/1917
v 16.4801254 6.3857508 -0.8096166
vt 0.8745483 0.4815996
vn -0.4085753 -0.9119017 0.0387516
v 12.6999998 8.1138315 0.0000000
vt 0.7886364 0.5000000
vn -0.4085753 -0.9119017 0.0387516
v 12.6388464 8.0883322 -1.2448177
vt 0.7872465 0.4717087
vn -0.4085753 -0.9119017 0.0387516
f 1918/1918/1918 1919/1919/1919 1920/1920/1920
v 12.6388464 8.2077408 1.2448177
vt 0.7872465 0.5282913
vn -0.3545675 -0.9335268 0.0530068
v 8.4897614 9.7366257 0.4170752
vt 0.6929491 0.5094790
vn -0.3545675 -0.9335268 0.0530068
v 12.6999998 8.1138315 0.0000000
vt 0.7886364 0.5000000
vn -0.3545675 -0.9335268 0.0530068
f 1921/1921/1921 1922/1922/1922 1923/1923/1923
v 12.4559727 8.5099430 2.4776471
vt 0.7830903 0.5563102
vn -0.3678530 -0.9142951 0.1695542
v 8.4080000 9.9104023 1.2472091
vt 0.6910909 0.5283457
vn -0.3678530 -0.9142951 0.1695542
v 12.6388464 8.2077408 1.2448177
vt 0.7872465 0.5282913
vn -0.3678530 -0.9142951 0.1695542
f 1924/1924/1924 1925/1925/1925 1926/1926/1926
v 12.1531420 8.3381596 3.6866155
vt 0.7762078 0.5837867
vn -0.2300794 -0.9538097 -0.1931596
v 8.2452660 9.6091557 2.0653315
vt 0.6873924 0.5469394
vn -0.2300794 -0.9538097 -0.1931596
v 12.4559727 8.5099430 2.4776471
vt 0.7830903 0.5563102
vn -0.2300794 -0.9538097 -0.1931596
f 1927/1927/1927 1928/1928/1928 1929/1929/1929
v 11.7332697 8.0802240 4.8600798
vt 0.7666652 0.6104564
vn -0.2094593 -0.9366246 -0.2808223
v 8.0031242 9.5130072 2.8635638
vt 0.6818892 0.5650810
vn -0.2094593 -0.9366246 -0.2808223
v 12.1531420 8.3381596 3.6866155
vt 0.7762078 0.5837867
vn -0.2094593 -0.9366246 -0.2808223
f 1930/1930/1930 1931/1931/1931 1932/1932/1932
v 11.2004004 8.3184748 5.9867387
vt 0.7545546 0.6360622
vn -0.3996141 -0.9166706 0.0048421
v 7.6839089 9.8390303 3.6342182
vt 0.6746343 0.5825959
vn -0.3996141 -0.9166706 0.0048421
v 11.7332697 8.0802240 4.8600798
vt 0.7666652 0.6104564
vn -0.3996141 -0.9166706 0.0048421
f 1933/1933/1933 1934/1934/1934 1935/1935/1935
v 10.5596638 8.5150156 7.0557418
vt 0.7399924 0.6603578
vn -0.3509330 -0.9356160 -0.0383244
v 7.2906933 9.8511667 4.3698735
vt 0.6656976 0.5993153
vn -0.3509330 -0.9356160 -0.0383244
v 11.2004004 8.3184748 5.9867387
vt 0.7545546 0.6360622
vn -0.3509330 -0.9356160 -0.0383244
f 1936/1936/1936 1937/1937/1937 1938/1938/1938
v 9.8172331 8.2261181 8.0567951
vt 0.7231189 0.6831090
vn -0.0780281 -0.9409530 -0.3294224
v 6.8272638 9.5220156 5.0634441
vt 0.6551651 0.6150783
vn -0.0780281 -0.9409530 -0.3294224
v 10.5596638 8.5150156 7.0557418
vt 0.7399924 0.6603578
vn -0.0780281 -0.9409530 -0.3294224
f 1939/1939/1939 1940/1940/1940 1941/1941/1941
v 8.9802561 8.1040230 8.9802561
vt 0.7040967 0.7040967
vn -0.1765263 -0.9422609 -0.2845750
v 6.2980847 9.5946980 5.7082510
vt 0.6431383 0.6297330
vn -0.1765263 -0.9422609 -0.2845750
v 9.8172331 8.2261181 8.0567951
vt 0.7231189 0.6831090
vn -0.1765263 -0.9422609 -0.2845750
f 1942/1942/1942 1943/1943/1943 1944/1944/1944
v 8.0567951 8.4243822 9.8172331
vt 0.6831090 0.7231189
vn -0.4108713 -0.9054198 -0.1067700
v 5.7082510 9.9051189 6.2980847
vt 0.6297330 0.6431383
vn -0.4108713 -0.9054198 -0.1067700
v 8.9802561 8.1040230 8.9802561
vt 0.7040967 0.7040967
vn -0.4108713 -0.9054198 -0.1067700
f 1945/1945/1945 1946/1946/1946 1947/1947/1947
v 7.0557418 8.4639254 10.5596638
vt 0.6603578 0.7399924
vn -0.2019834 -0.9540055 -0.2215315
v 5.0634441 9.7524452 6.8272638
vt 0.6150783 0.6551651
vn -0.2019834 -0.9540055 -0.2215315
v 8.0567951 8.4243822 9.8172331
vt 0.6831090 0.7231189
vn -0.2019834 -0.9540055 -0.2215315
f 1948/1948/1948 1949/1949/1949 1950/1950/1950
v 5.9867387 8.1333761 11.2004004
vt 0.6360622 0.7545546
vn 0.0766324 -0.9324154 -0.3531699
v 4.3698735 9.4813662 7.2906933
vt 0.5993153 0.6656976
vn 0.0766324 -0.9324154 -0.3531699
v 7.0557418 8.4639254 10.5596638
vt 0.6603578 0.7399924
vn 0.0766324 -0.9324154 -0.3531699
f 1951/1951/1951 1952/1952/1952 1953/1953/1953
v 4.8600798 8.1790123 11.7332697
vt 0.6104564 0.7666652
vn -0.1792515 -0.9373559 -0.2987187
v 3.6342182 9.7038946 7.6839089
vt 0.5825959 0.6746343
vn -0.1792515 -0.9373559 -0.2987187
v 5.9867387 8.1333761 11.2004004
vt 0.6360622 0.7545546
vn -0.1792515 -0.9373559 -0.2987187
f 1954/1954/1954 1955/1955/1955 1956/1956/1956
v 3.6866155 8.4978018 12.1531420
vt 0.5837867 0.7762078
vn -0.3348153 -0.9099028 -0.2448991
v 2.8635638 9.9176302 8.0031242
vt 0.5650810 0.6818892
vn -0.3348153 -0.9099028 -0.2448991
v 4.8600798 8.1790123 11.7332697
vt 0.6104564 0.7666652
vn -0.3348153 -0.9099028 -0.2448991
f 1957/1957/1957 1958/1958/1958 1959/1959/1959
v 2.4776471 8.3700161 12.4559727
vt 0.5563102 0.7830903
vn 0.0281388 -0.9562557 -0.2911755
v 2.0653315 9.6400242 8.2452660
vt 0.5469394 0.6873924
vn 0.0281388 -0.9562557 -0.2911755
v 3.6866155 8.4978018 12.1531420
vt 0.5837867 0.7762078
vn 0.0281388 -0.9562557 -0.2911755
f 1960/1960/1960 1961/1961/1961 1962/1962/1962
v 1.2448177 8.0841560 12.6388464
vt 0.5282913 0.7872465
vn 0.1704025 -0.9346126 -0.3121893
v 1.2472091 9.4978247 8.4080000
vt 0.5283457 0.6910909
vn 0.1704025 -0.9346126 -0.3121893
v 2.4776471 8.3700161 12.4559727
vt 0.5563102 0.7830903
vn 0.1704025 -0.9346126 -0.3121893
f 1963/1963/1963 1964/1964/1964 1965/1965/1965
v 0.0000000 8.2856045 12.6999998
vt 0.5000000 0.7886364
vn -0.1663703 -0.9216200 -0.3506247
v 0.4170752 9.8120737 8.4897614
vt 0.5094790 0.6929491
vn -0.1663703 -0.9216200 -0.3506247
v 1.2448177 8.0841560 12.6388464
vt 0.5282913 0.7872465
vn -0.1663703 -0.9216200 -0.3506247
f 1966/1966/1966 1967/1967/1967 1968/1968/1968
v -1.2448177 8.5195532 12.6388464
vt 0.4717087 0.7872465
vn -0.1581498 -0.9289760 -0.3346523
v -0.4170752 9.8732948 8.4897614
vt 0.4905210 0.6929491
vn -0.1581498 -0.9289760 -0.3346523
v 0.0000000 8.2856045 12.6999998
vt 0.5000000 0.7886364
vn -0.1581498 -0.9289760 -0.3346523
f 1969/1969/1969 1970/1970/1970 1971/1971/1971
v -2.4776471 8.2578192 12.4559727
vt 0.4436898 0.7830903
vn 0.2345190 -0.9448156 -0.2287449
v -1.2472091 9.5432701 8.4080000
vt 0.4716543 0.6910909
vn 0.2345190 -0.9448156 -0.2287449
v -1.2448177 8.5195532 12.6388464
vt 0.4717087 0.7872465
vn 0.2345190 -0.9448156 -0.2287449
f 1972/1972/1972 1973/1973/1973 1974/1974/1974
v -3.6866155 8.0913162 12.1531420
vt 0.4162133 0.7762078
vn 0.1980968 -0.9413122 -0.2732930
v -2.0653315 9.5670929 8.2452660
vt 0.4530606 0.6873924
vn 0.1980968 -0.9413122 -0.2732930
v -2.4776471 8.2578192 12.4559727
vt 0.4436898 0.7830903
vn 0.1980968 -0.9413122 -0.2732930
f 1975/1975/1975 1976/1976/1976 1977/1977/1977
v -4.8600798 8.3959560 11.7332697
vt 0.3895436 0.7666652
vn -0.0884857 -0.9073253 -0.4110122
v -2.8635638 9.8909788 8.0031242
vt 0.4349190 0.6818892
vn -0.0884857 -0.9073253 -0.4110122
v -3.6866155 8.0913162 12.1531420
vt 0.4162133 0.7762078
vn -0.0884857 -0.9073253 -0.4110122
f 1978/1978/1978 1979/1979/1979 1980/1980/1980
v -5.9867387 8.4839573 11.2004004
vt 0.3639378 0.7545546
vn 0.0697861 -0.9499733 -0.3044347
v -3.6342182 9.7836943 7.6839089
vt 0.4174041 0.6746343
vn 0.0697861 -0.9499733 -0.3044347
v -4.8600798 8.3959560 11.7332697
vt 0.3895436 0.7666652
vn 0.0697861 -0.9499733 -0.3044347
f 1981/1981/1981 1982/1982/1982 1983/1983/1983
v -7.0557418 8.1566401 10.5596638
vt 0.3396422 0.7399924
vn 0.3442539 -0.9338196 -0.0973149
v -4.3698735 9.4874544 7.2906933
vt 0.4006847 0.6656976
vn 0.3442539 -0.9338196 -0.0973149
v -5.9867387 8.4839573 11.2004004
vt 0.3639378 0.7545546
vn 0.3442539 -0.9338196 -0.0973149
f 1984/1984/1984 1985/1985/1985 1986/1986/1986
v -8.0567951 8.1529856 9.8172331
vt 0.3168910 0.7231189
vn 0.2051456 -0.9401823 -0.2719793
v -5.0634441 9.6710768 6.8272638
vt 0.3849217 0.6551651
vn 0.2051456 -0.9401823 -0.2719793
v -7.0557418 8.1566401 10.5596638
vt 0.3396422 0.7399924
vn 0.2051456 -0.9401823 -0.2719793
f 1987/1987/1987 1988/1988/1988 1989/1989/1989
v -8.9802561 8.4812441 8.9802561
vt 0.2959033 0.7040967
vn 0.0562919 -0.9068134 -0.4177566
v -5.7082510 9.9199991 6.2980847
vt 0.3702670 0.6431383
vn 0.0562919 -0.9068134 -0.4177566
v -8.0567951 8.1529856 9.8172331
vt 0.3168910 0.7231189
vn 0.0562919 -0.9068134 -0.4177566
f 1990/1990/1990 1991/1991/1991 1992/1992/1992
v -9.8172331 8.4003105 8.0567951
vt 0.2768811 0.6831090
vn 0.2505248 -0.9574684 -0.1431487
v -6.2980847 9.6722326 5.7082510
vt 0.3568617 0.6297330
vn 0.2505248 -0.9574684 -0.1431487
v -8.9802561 8.4812441 8.9802561
vt 0.2959033 0.7040967
vn 0.2505248 -0.9574684 -0.1431487
f 1993/1993/1993 1994/1994/1994 1995/1995/1995
v -10.5596638 8.0929070 7.0557418
vt 0.2600076 0.6603578
vn 0.3592504 -0.9330252 0.0200756
v -6.8272638 9.4871559 5.0634441
vt 0.3448349 0.6150783
vn 0.3592504 -0.9330252 0.0200756
v -9.8172331 8.4003105 8.0567951
vt 0.2768811 0.6831090
vn 0.3592504 -0.9330252 0.0200756
f 1996/1996/1996 1997/1997/1997 1998/1998/1998
v -11.2004004 8.2530556 5.9867387
vt 0.2454454 0.6360622
vn 0.2445194 -0.9266949 -0.2853888
v -7.2906933 9.7826147 4.3698735
vt 0.3343024 0.5993153
vn 0.2445194 -0.9266949 -0.2853888
v -10.5596638 8.0929070 7.0557418
vt 0.2600076 0.6603578
vn 0.2445194 -0.9266949 -0.2853888
f 1999/1999/1999 2000/2000/2000 2001/2001/2001
v -11.7332697 8.5191898 4.8600798
vt 0.2333348 0.6104564
vn 0.2157865 -0.9225252 -0.3199741
v -7.6839089 9.8915548 3.6342182
vt 0.3253657 0.5825959
vn 0.2157865 -0.9225252 -0.3199741
v -11.2004004 8.2530556 5.9867387
vt 0.2454454 0.6360622
vn 0.2157865 -0.9225252 -0.3199741
f 2002/2002/2002 2003/2003/2003 2004/2004/2004
v -12.1531420 8.2904615 3.6866155
vt 0.2237922 0.5837867
vn 0.3069625 -0.9487543 0.0750954
v -8.0031242 9.5680237 2.8635638
vt 0.3181108 0.5650810
vn 0.3069625 -0.9487543 0.0750954
v -11.7332697 8.5191898 4.8600798
vt 0.2333348 0.6104564
vn 0.3069625 -0.9487543 0.0750954
f 2005/2005/2005 2006/2006/2006 2007/2007/2007
v -12.4559727 8.0832682 2.4776471
vt 0.2169097 0.5563102
vn 0.3332241 -0.9396514 0.0775695
v -8.2452660 9.5424538 2.0653315
vt 0.3126076 0.5469394
vn 0.3332241 -0.9396514 0.0775695
v -12.1531420 8.2904615 3.6866155
vt 0.2237922 0.5837867
vn 0.3332241 -0.9396514 0.0775695
f 2008/2008/2008 2009/2009/2009 2010/2010/2010
v -12.6388464 8.3653879 1.2448177
vt 0.2127535 0.5282913
vn 0.3244833 -0.9104550 -0.2564806
v -8.4080000 9.8725748 1.2472091
vt 0.3089091 0.5283457
vn 0.3244833 -0.9104550 -0.2564806
v -12.4559727 8.0832682 2.4776471
vt 0.2169097 0.5563102
vn 0.3244833 -0.9104550 -0.2564806
f 2011/2011/2011 2012/2012/2012 2013/2013/2013
v -12.6999998 8.4998827 0.0000000
vt 0.2113636 0.5000000
vn 0.3062627 -0.9447153 -0.1171161
v -8.4897614 9.8130751 0.4170752
vt 0.3070509 0.5094790
vn 0.3062627 -0.9447153 -0.1171161
v -12.6388464 8.3653879 1.2448177
vt 0.2127535 0.5282913
vn 0.3062627 -0.9447153 -0.1171161
f 2014/2014/2014 2015/2015/2015 2016/2016/2016
v -12.6388464 8.1831045 -1.2448177
vt 0.2127535 0.4717087
vn 0.2468013 -0.9361677 0.2503582
v -8.4897614 9.4982872 -0.4170752
vt 0.3070509 0.4905210
vn 0.2468013 -0.9361677 0.2503582
v -12.6999998 8.4998827 0.0000000
vt 0.2113636 0.5000000
vn 0.2468013 -0.9361677 0.2503582
f 2017/2017/2017 2018/2018/2018 2019/2019/2019
v -12.4559727 8.1302404 -2.4776471
vt 0.2169097 0.4436898
vn 0.3241376 -0.9418641 0.0884689
v -8.4080000 9.6389036 -1.2472091
vt 0.3089091 0.4716543
vn 0.3241376 -0.9418641 0.0884689
v -12.6388464 8.1831045 -1.2448177
vt 0.2127535 0.4717087
vn 0.3241376 -0.9418641 0.0884689
f 2020/2020/2020 2021/2021/2021 2022/2022/2022
v -12.1531420 8.4606409 -3.6866155
vt 0.2237922 0.4162133
vn 0.3986389 -0.9051657 -0.1475200
v -8.2452660 9.9174566 -2.0653315
vt 0.3126076 0.4530606
vn 0.3986389 -0.9051657 -0.1475200
v -12.4559727 8.1302404 -2.4776471
vt 0.2169097 0.4436898
vn 0.3986389 -0.9051657 -0.1475200
f 2023/2023/2023 2024/2024/2024 2025/2025/2025
v -11.7332697 8.4283648 -4.8600798
vt 0.2333348 0.3895436
vn 0.2631331 -0.9572074 0.1204785
v -8.0031242 9.7050600 -2.8635638
vt 0.3181108 0.4349190
vn 0.2631331 -0.9572074 0.1204785
v -12.1531420 8.4606409 -3.6866155
vt 0.2237922 0.4162133
vn 0.2631331 -0.9572074 0.1204785
f 2026/2026/2026 2027/2027/2027 2028/2028/2028
v -11.2004004 8.1062813 -5.9867387
vt 0.2454454 0.3639378
vn 0.1414418 -0.9321265 0.3333685
v -7.6839089 9.4812393 -3.6342182
vt 0.3253657 0.4174041
vn 0.1414418 -0.9321265 0.3333685
v -11.7332697 8.4283648 -4.8600798
vt 0.2333348 0.3895436
vn 0.1414418 -0.9321265 0.3333685
f 2029/2029/2029 2030/2030/2030 2031/2031/2031
v -10.5596638 8.2215548 -7.0557418
vt 0.2600076 0.3396422
vn 0.3473749 -0.9315140 0.1077611
v -7.2906933 9.7513123 -4.3698735
vt 0.3343024 0.4006847
vn 0.3473749 -0.9315140 0.1077611
v -11.2004004 8.1062813 -5.9867387
vt 0.2454454 0.3639378
vn 0.3473749 -0.9315140 0.1077611
f 2032/2032/2032 2033/2033/2033 2034/2034/2034
v -9.8172331 8.5139332 -8.0567951
vt 0.2768811 0.3168910
vn 0.3986686 -0.9166694 0.0279400
v -6.8272638 9.9055376 -5.0634441
vt 0.3448349 0.3849217
vn 0.3986686 -0.9166694 0.0279400
v -10.5596638 8.2215548 -7.0557418
vt 0.2600076 0.3396422
vn 0.3986686 -0.9166694 0.0279400
f 2035/2035/2035 2036/2036/2036 2037/2037/2037
v -8.9802561 8.3233175 -8.9802561
vt 0.2959033 0.2959033
vn 0.1006745 -0.9523752 0.2878301
v -6.2980847 9.5957232 -5.7082510
vt 0.3568617 0.3702670
vn 0.1006745 -0.9523752 0.2878301
v -9.8172331 8.5139332 -8.0567951
vt 0.2768811 0.3168910
vn 0.1006745 -0.9523752 0.2878301
f 2038/2038/2038 2039/2039/2039 2040/2040/2040
v -8.0567951 8.0800581 -9.8172331
vt 0.3168910 0.2768811
vn 0.0629648 -0.9375973 0.3419747
v -5.7082510 9.5213327 -6.2980847
vt 0.3702670 0.3568617
vn 0.0629648 -0.9375973 0.3419747
v -8.9802561 8.3233175 -8.9802561
vt 0.2959033 0.2959033
vn 0.0629648 -0.9375973 0.3419747
f 2041/2041/2041 2042/2042/2042 2043/2043/2043
v -7.0557418 8.3333597 -10.5596638
vt 0.3396422 0.2600076
vn 0.3632760 -0.9145600 0.1777932
v -5.0634441 9.8503180 -6.8272638
vt 0.3849217 0.3448349
vn 0.3632760 -0.9145600 0.1777932
v -8.0567951 8.0800581 -9.8172331
vt 0.3168910 0.2768811
vn 0.3632760 -0.9145600 0.1777932
f 2044/2044/2044 2045/2045/2045 2046/2046/2046
v -5.9867387 8.5113459 -11.2004004
vt 0.3639378 0.2454454
vn 0.2784272 -0.9385853 0.2038034
v -4.3698735 9.8399315 -7.2906933
vt 0.4006847 0.3343024
vn 0.2784272 -0.9385853 0.2038034
v -7.0557418 8.3333597 -10.5596638
vt 0.3396422 0.2600076
vn 0.2784272 -0.9385853 0.2038034
f 2047/2047/2047 2048/2048/2048 2049/2049/2049
v -4.8600798 8.2121792 -11.7332697
vt 0.3895436 0.2333348
vn -0.0932807 -0.9393151 0.3301300
v -3.6342182 9.5136232 -7.6839089
vt 0.4174041 0.3253657
vn -0.0932807 -0.9393151 0.3301300
v -5.9867387 8.5113459 -11.2004004
vt 0.3639378 0.2454454
vn -0.0932807 -0.9393151 0.3301300
f 2050/2050/2050 2051/2051/2051 2052/2052/2052
v -3.6866155 8.1112852 -12.1531420
vt 0.4162133 0.2237922
vn 0.0379011 -0.9423843 0.3323783
v -2.8635638 9.6080952 -8.0031242
vt 0.4349190 0.3181108
vn 0.0379011 -0.9423843 0.3323783
v -4.8600798 8.2121792 -11.7332697
vt 0.3895436 0.2333348
vn 0.0379011 -0.9423843 0.3323783
f 2053/2053/2053 2054/2054/2054 2055/2055/2055
v -2.4776471 8.4364500 -12.4559727
vt 0.4436898 0.2169097
vn 0.3150193 -0.9050071 0.2858758
v -2.0653315 9.9100590 -8.2452660
vt 0.4530606 0.3126076
vn 0.3150193 -0.9050071 0.2858758
v -3.6866155 8.1112852 -12.1531420
vt 0.4162133 0.2237922
vn 0.3150193 -0.9050071 0.2858758
f 2056/2056/2056 2057/2057/2057 2058/2058/2058
v -1.2448177 8.4535532 -12.6388464
vt 0.4717087 0.2127535
vn 0.0562746 -0.9553644 0.2900210
v -1.2472091 9.7377748 -8.4080000
vt 0.4716543 0.3089091
vn 0.0562746 -0.9553644 0.2900210
v -2.4776471 8.4364500 -12.4559727
vt 0.4436898 0.2169097
vn 0.0562746 -0.9553644 0.2900210
f 2059/2059/2059 2060/2060/2060 2061/2061/2061
v -0.0000000 8.1239805 -12.6999998
vt 0.5000000 0.2113636
vn -0.2331643 -0.9321043 0.2771570
v -0.4170752 9.4802065 -8.4897614
vt 0.4905210 0.3070509
vn -0.2331643 -0.9321043 0.2771570
v -1.2448177 8.4535532 -12.6388464
vt 0.4717087 0.2127535
vn -0.2331643 -0.9321043 0.2771570
f 2062/2062/2062 2063/2063/2063 2064/2064/2064
v 1.2448177 8.1918049 -12.6388464
vt 0.5282913 0.2127535
vn 0.0337340 -0.9357227 0.3511199
v 0.4170752 9.7188635 -8.4897614
vt 0.5094790 0.3070509
vn 0.0337340 -0.9357227 0.3511199
v -0.0000000 8.1239805 -12.6999998
vt 0.5000000 0.2113636
vn 0.0337340 -0.9357227 0.3511199
f 2065/2065/2065 2066/2066/2066 2067/2067/2067
v 2.4776471 8.5039005 -12.4559727
vt 0.5563102 0.2169097
vn 0.1757461 -0.9117544 0.3712375
v 1.2472091 9.9149323 -8.4080000
vt 0.5283457 0.3089091
vn 0.1757461 -0.9117544 0.3712375
v 1.2448177 8.1918049 -12.6388464
vt 0.5282913 0.2127535
vn 0.1757461 -0.9117544 0.3712375
f 2068/2068/2068 2069/2069/2069 2070/2070/2070
v 3.6866155 8.3556519 -12.1531420
vt 0.5837867 0.2237922
vn -0.1765611 -0.9552756 0.2372231
v 2.0653315 9.6257505 -8.2452660
vt 0.5469394 0.3126076
vn -0.1765611 -0.9552756 0.2372231
v 2.4776471 8.5039005 -12.4559727
vt 0.5563102 0.2169097
vn -0.1765611 -0.9552756 0.2372231
f 2071/2071/2071 2072/2072/2072 2073/2073/2073
v 4.8600798 8.0817595 -11.7332697
vt 0.6104564 0.2333348
vn -0.2903811 -0.9354950 0.2013156
v 2.8635638 9.5042009 -8.0031242
vt 0.5650810 0.3181108
vn -0.2903811 -0.9354950 0.2013156
v 3.6866155 8.3556519 -12.1531420
vt 0.5837867 0.2237922
vn -0.2903811 -0.9354950 0.2013156
f 2074/2074/2074 2075/2075/2075 2076/2076/2076
v 5.9867387 8.3005857 -11.2004004
vt 0.6360622 0.2454454
vn -0.0075188 -0.9193262 0.3934247
v 3.6342182 9.8247051 -7.6839089
vt 0.5825959 0.3253657
vn -0.0075188 -0.9193262 0.3934247
v 4.8600798 8.0817595 -11.7332697
vt 0.6104564 0.2333348
vn -0.0075188 -0.9193262 0.3934247
f 2077/2077/2077 2078/2078/2078 2079/2079/2079
v 7.0557418 8.5180902 -10.5596638
vt 0.6603578 0.2600076
vn -0.0270091 -0.9320041 0.3614400
v 4.3698735 9.8636637 -7.2906933
vt 0.5993153 0.3343024
vn -0.0270091 -0.9320041 0.3614400
v 5.9867387 8.3005857 -11.2004004
vt 0.6360622 0.2454454
vn -0.0270091 -0.9320041 0.3614400
f 2080/2080/2080 2081/2081/2081 2082/2082/2082
v 8.0567951 8.2432146 -9.8172331
vt 0.6831090 0.2768811
vn -0.3217626 -0.9430239 0.0847046
v 5.0634441 9.5331211 -6.8272638
vt 0.6150783 0.3448349
vn -0.3217626 -0.9430239 0.0847046
v 7.0557418 8.5180902 -10.5596638
vt 0.6603578 0.2600076
vn -0.3217626 -0.9430239 0.0847046
f 2083/2083/2083 2084/2084/2084 2085/2085/2085
v 8.9802561 8.0965433 -8.9802561
vt 0.7040967 0.2959033
vn -0.2951639 -0.9418501 0.1606137
v 5.7082510 9.5793390 -6.2980847
vt 0.6297330 0.3568617
vn -0.2951639 -0.9418501 0.1606137
v 8.0567951 8.2432146 -9.8172331
vt 0.6831090 0.2768811
vn -0.2951639 -0.9418501 0.1606137
f 2086/2086/2086 2087/2087/2087 2088/2088/2088
v 9.8172331 8.4092140 -8.0567951
vt 0.7231189 0.3168910
vn -0.1112978 -0.9062930 0.4077324
v 6.2980847 9.8979721 -5.7082510
vt 0.6431383 0.3702670
vn -0.1112978 -0.9062930 0.4077324
v 8.9802561 8.0965433 -8.9802561
vt 0.7040967 0.2959033
vn -0.1112978 -0.9062930 0.4077324
f 2089/2089/2089 2090/2090/2090 2091/2091/2091
v 10.5596638 8.4753132 -7.0557418
vt 0.7399924 0.3396422
vn -0.2124661 -0.9519805 0.2204342
v 6.8272638 9.7696457 -5.0634441
vt 0.6551651 0.3849217
vn -0.2124661 -0.9519805 0.2204342
v 9.8172331 8.4092140 -8.0567951
vt 0.7231189 0.3168910
vn -0.2124661 -0.9519805 0.2204342
f 2092/2092/2092 2093/2093/2093 2094/2094/2094
v 11.2004004 8.1456099 -5.9867387
vt 0.7545546 0.3639378
vn -0.3513482 -0.9330580 -0.0771847
v 7.2906933 9.4840813 -4.3698735
vt 0.6656976 0.4006847
vn -0.3513482 -0.9330580 -0.0771847
v 10.5596638 8.4753132 -7.0557418
vt 0.7399924 0.3396422
vn -0.3513482 -0.9330580 -0.0771847
f 2095/2095/2095 2096/2096/2096 2097/2097/2097
v 11.7332697 8.1644707 -4.8600798
vt 0.7666652 0.3895436
vn -0.3044807 -0.9390306 0.1597283
v 7.6839089 9.6859941 -3.6342182
vt 0.6746343 0.4174041
vn -0.3044807 -0.9390306 0.1597283
v 11.2004004 8.1456099 -5.9867387
vt 0.7545546 0.3639378
vn -0.3044807 -0.9390306 0.1597283
f 2098/2098/2098 2099/2099/2099 2100/2100/2100
v 12.1531420 8.4893150 -3.6866155
vt 0.7762078 0.4162133
vn -0.2456540 -0.9080484 0.3392670
v 8.0031242 9.9195280 -2.8635638
vt 0.6818892 0.4349190
vn -0.2456540 -0.9080484 0.3392670
v 11.7332697 8.1644707 -4.8600798
vt 0.7666652 0.3895436
vn -0.2456540 -0.9080484 0.3392670
f 2101/2101/2101 2102/2102/2102 2103/2103/2103
v 12.4559727 8.3867445 -2.4776471
vt 0.7830903 0.4436898
vn -0.2896722 -0.9570869 -0.0086415
v 8.2452660 9.6574354 -2.0653315
vt 0.6873924 0.4530606
vn -0.2896722 -0.9570869 -0.0086415
v 12.1531420 8.4893150 -3.6866155
vt 0.7762078 0.4162133
vn -0.2896722 -0.9570869 -0.0086415
f 2104/2104/2104 2105/2105/2105 2106/2106/2106
v 12.6388464 8.0883322 -1.2448177
vt 0.7872465 0.4717087
vn -0.3095408 -0.9336776 -0.1800850
v 8.4080000 9.4914398 -1.2472091
vt 0.6910909 0.4716543
vn -0.3095408 -0.9336776 -0.1800850
v 12.4559727 8.3867445 -2.4776471
vt 0.7830903 0.4436898
vn -0.3095408 -0.9336776 -0.1800850
f 2107/2107/2107 2108/2108/2108 2109/2109/2109
v 12.6999998 8.1138315 0.0000000
vt 0.7886364 0.5000000
vn -0.3740125 -0.9266710 0.0373562
v 8.4897614 9.7963076 -0.4170752
vt 0.6929491 0.4905210
vn -0.3740125 -0.9266710 0.0373562
v 12.6388464 8.0883322 -1.2448177
vt 0.7872465 0.4717087
vn -0.3740125 -0.9266710 0.0373562
f 2110/2110/2110 2111/2111/2111 2112/2112/2112
v 8.4897614 9.7366257 0.4170752
vt 0.6929491 0.5094790
vn -0.1030371 -0.7778007 -0.6200077
v 4.1797757 10.3118868 0.4116720
vt 0.5949949 0.5093562
vn -0.1030371 -0.7778007 -0.6200077
v 4.1999998 10.6373634 0.0000000
vt 0.5954545 0.5000000
vn -0.1030371 -0.7778007 -0.6200077
f 2113/2113/2113 2114/2114/2114 2115/2115/2115
v 8.4080000 9.9104023 1.2472091
vt 0.6910909 0.5283457
vn -0.1344168 -0.9672180 0.2154561
v 4.1192980 10.4111118 0.8193793
vt 0.5936204 0.5186223
vn -0.1344168 -0.9672180 0.2154561
v 4.1797757 10.3118868 0.4116720
vt 0.5949949 0.5093562
vn -0.1344168 -0.9672180 0.2154561
f 2116/2116/2116 2117/2117/2117 2118/2118/2118
v 8.2452660 9.6091557 2.0653315
vt 0.6873924 0.5469394
vn -0.3114555 -0.7959757 0.5190549
v 4.0191493 10.7110186 1.2191956
vt 0.5913443 0.5277090
vn -0.3114555 -0.7959757 0.5190549
v 4.1192980 10.4111118 0.8193793
vt 0.5936204 0.5186223
vn -0.3114555 -0.7959757 0.5190549
f 2119/2119/2119 2120/2120/2120 2121/2121/2121
v 8.0031242 9.5130072 2.8635638
vt 0.6818892 0.5650810
vn -0.0880544 -0.8944845 -0.4383423
v 3.8802941 10.5345116 1.6072704
vt 0.5881885 0.5365289
vn -0.0880544 -0.8944845 -0.4383423
v 4.0191493 10.7110186 1.2191956
vt 0.5913443 0.5277090
vn -0.0880544 -0.8944845 -0.4383423
f 2122/2122/2122 2123/2123/2123 2124/2124/2124
v 7.6839089 9.8390303 3.6342182
vt 0.6746343 0.5825959
vn 0.1222716 -0.8456201 -0.5195925
v 3.7040694 10.2800884 1.9798663
vt 0.5841834 0.5449970
vn 0.1222716 -0.8456201 -0.5195925
v 3.8802941 10.5345116 1.6072704
vt 0.5881885 0.5365289
vn 0.1222716 -0.8456201 -0.5195925
f 2125/2125/2125 2126/2126/2126 2127/2127/2127
v 7.2906933 9.8511667 4.3698735
vt 0.6656976 0.5993153
vn -0.3527032 -0.8570997 0.3754738
v 3.4921725 10.5221577 2.3333950
vt 0.5793676 0.5530317
vn -0.3527032 -0.8570997 0.3754738
v 3.7040694 10.2800884 1.9798663
vt 0.5841834 0.5449970
vn -0.3527032 -0.8570997 0.3754738
f 2128/2128/2128 2129/2129/2129 2130/2130/2130
v 6.8272638 9.5220156 5.0634441
vt 0.6551651 0.6150783
vn -0.4257752 -0.8832182 0.1965736
v 3.2466440 10.7142019 2.6644518
vt 0.5737874 0.5605557
vn -0.4257752 -0.8832182 0.1965736
v 3.4921725 10.5221577 2.3333950
vt 0.5793676 0.5530317
vn -0.4257752 -0.8832182 0.1965736
f 2131/2131/2131 2132/2132/2132 2133/2133/2133
v 6.2980847 9.5946980 5.7082510
vt 0.6431383 0.6297330
vn 0.2468306 -0.8028215 -0.5427267
v 2.9698484 10.4226446 2.9698484
vt 0.5674966 0.5674966
vn 0.2468306 -0.8028215 -0.5427267
v 3.2466440 10.7142019 2.6644518
vt 0.5737874 0.5605557
vn 0.2468306 -0.8028215 -0.5427267
f 2134/2134/2134 2135/2135/2135 2136/2136/2136
v 5.7082510 9.9051189 6.2980847
vt 0.6297330 0.6431383
vn 0.1326065 -0.9570233 -0.2579186
v 2.6644518 10.3057318 3.2466440
vt 0.5605557 0.5737874
vn 0.1326065 -0.9570233 -0.2579186
v 2.9698484 10.4226446 2.9698484
vt 0.5674966 0.5674966
vn 0.1326065 -0.9570233 -0.2579186
f 2137/2137/2137 2138/2138/2138 2139/2139/2139
v 5.0634441 9.7524452 6.8272638
vt 0.6150783 0.6551651
vn -0.5672510 -0.7816688 0.2592690
v 2.3333950 10.6274157 3.4921725
vt 0.5530317 0.5793676
vn -0.5672510 -0.7816688 0.2592690
v 2.6644518 10.3057318 3.2466440
vt 0.5605557 0.5737874
vn -0.5672510 -0.7816688 0.2592690
f 2140/2140/2140 2141/2141/2141 2142/2142/2142
v 4.3698735 9.4813662 7.2906933
vt 0.5993153 0.6656976
vn -0.2017887 -0.9623399 -0.1821632
v 1.9798663 10.6614351 3.7040694
vt 0.5449970 0.5841834
vn -0.2017887 -0.9623399 -0.1821632
v 2.3333950 10.6274157 3.4921725
vt 0.5530317 0.5793676
vn -0.2017887 -0.9623399 -0.1821632
f 2143/2143/2143 2144/2144/2144 2145/2145/2145
v 3.6342182 9.7038946 7.6839089
vt 0.5825959 0.6746343
vn 0.4989538 -0.7722859 -0.3932169
v 1.6072704 10.3309841 3.8802941
vt 0.5365289 0.5881885
vn 0.4989538 -0.7722859 -0.3932169
v 1.9798663 10.6614351 3.7040694
vt 0.5449970 0.5841834
vn 0.4989538 -0.7722859 -0.3932169
f 2146/2146/2146 2147/2147/2147 2148/2148/2148
v 2.8635638 9.9176302 8.0031242
vt 0.5650810 0.6818892
vn -0.1492468 -0.9873509 -0.0535136
v 1.2191956 10.3821192 4.0191493
vt 0.5277090 0.5913443
vn -0.1492468 -0.9873509 -0.0535136
v 1.6072704 10.3309841 3.8802941
vt 0.5365289 0.5881885
vn -0.1492468 -0.9873509 -0.0535136
f 2149/2149/2149 2150/2150/2150 2151/2151/2151
v 2.0653315 9.6400242 8.2452660
vt 0.5469394 0.6873924
vn -0.6234708 -0.7817476 -0.0124440
v 0.8193793 10.6993923 4.1192980
vt 0.5186223 0.5936204
vn -0.6234708 -0.7817476 -0.0124440
v 1.2191956 10.3821192 4.0191493
vt 0.5277090 0.5913443
vn -0.6234708 -0.7817476 -0.0124440
f 2152/2152/2152 2153/2153/2153 2154/2154/2154
v 1.2472091 9.4978247 8.4080000
vt 0.5283457 0.6910909
vn 0.2587019 -0.9231288 -0.2844408
v 0.4116720 10.5664997 4.1797757
vt 0.5093562 0.5949949
vn 0.2587019 -0.9231288 -0.2844408
v 0.8193793 10.6993923 4.1192980
vt 0.5186223 0.5936204
vn 0.2587019 -0.9231288 -0.2844408
f 2155/2155/2155 2156/2156/2156 2157/2157/2157
v 0.4170752 9.8120737 8.4897614
vt 0.5094790 0.6929491
vn 0.5558152 -0.8187372 -0.1440097
v 0.0000000 10.2834711 4.1999998
vt 0.5000000 0.5954545
vn 0.5558152 -0.8187372 -0.1440097
v 0.4116720 10.5664997 4.1797757
vt 0.5093562 0.5949949
vn 0.5558152 -0.8187372 -0.1440097
f 2158/2158/2158 2159/2159/2159 2160/2160/2160
v -0.4170752 9.8732948 8.4897614
vt 0.4905210 0.6929491
vn -0.4385090 -0.8896086 -0.1276965
v -0.4116720 10.4892969 4.1797757
vt 0.4906438 0.5949949
vn -0.4385090 -0.8896086 -0.1276965
v 0.0000000 10.2834711 4.1999998
vt 0.5000000 0.5954545
vn -0.4385090 -0.8896086 -0.1276965
f 2161/2161/2161 2162/2162/2162 2163/2163/2163
v -1.2472091 9.5432701 8.4080000
vt 0.4716543 0.6910909
vn -0.4403371 -0.8537017 -0.2780228
v -0.8193793 10.7192869 4.1192980
vt 0.4813777 0.5936204
vn -0.4403371 -0.8537017 -0.2780228
v -0.4116720 10.4892969 4.1797757
vt 0.4906438 0.5949949
vn -0.4403371 -0.8537017 -0.2780228
f 2164/2164/2164 2165/2165/2165 2166/2166/2166
v -2.0653315 9.5670929 8.2452660
vt 0.4530606 0.6873924
vn 0.5620876 -0.8248542 -0.0606059
v -1.2191956 10.4541950 4.0191493
vt 0.4722910 0.5913443
vn 0.5620876 -0.8248542 -0.0606059
v -0.8193793 10.7192869 4.1192980
vt 0.4813777 0.5936204
vn 0.5620876 -0.8248542 -0.0606059
f 2167/2167/2167 2168/2168/2168 2169/2169/2169
v -2.8635638 9.8909788 8.0031242
vt 0.4349190 0.6818892
vn 0.3769226 -0.9259160 0.0246760
v -1.6072704 10.2925167 3.8802941
vt 0.4634711 0.5881885
vn 0.3769226 -0.9259160 0.0246760
v -1.2191956 10.4541950 4.0191493
vt 0.4722910 0.5913443
vn 0.3769226 -0.9259160 0.0246760
f 2170/2170/2170 2171/2171/2171 2172/2172/2172
v -3.6342182 9.7836943 7.6839089
vt 0.4174041 0.6746343
vn -0.4832960 -0.7961714 -0.3640552
v -1.9798663 10.5992718 3.7040694
vt 0.4550030 0.5841834
vn -0.4832960 -0.7961714 -0.3640552
v -1.6072704 10.2925167 3.8802941
vt 0.4634711 0.5881885
vn -0.4832960 -0.7961714 -0.3640552
f 2173/2173/2173 2174/2174/2174 2175/2175/2175
v -4.3698735 9.4874544 7.2906933
vt 0.4006847 0.6656976
vn -0.0324799 -0.9483308 -0.3156165
v -2.3333950 10.6819019 3.4921725
vt 0.4469683 0.5793676
vn -0.0324799 -0.9483308 -0.3156165
v -1.9798663 10.5992718 3.7040694
vt 0.4550030 0.5841834
vn -0.0324799 -0.9483308 -0.3156165
f 2176/2176/2176 2177/2177/2177 2178/2178/2178
v -5.0634441 9.6710768 6.8272638
vt 0.3849217 0.6551651
vn 0.5849822 -0.7733237 0.2444716
v -2.6644518 10.3538542 3.2466440
vt 0.4394443 0.5737874
vn 0.5849822 -0.7733237 0.2444716
v -2.3333950 10.6819019 3.4921725
vt 0.4469683 0.5793676
vn 0.5849822 -0.7733237 0.2444716
f 2179/2179/2179 2180/2180/2180 2181/2181/2181
v -5.7082510 9.9199991 6.2980847
vt 0.3702670 0.6431383
vn 0.0640782 -0.9949278 -0.0775415
v -2.9698484 10.3557577 2.9698484
vt 0.4325034 0.5674966
vn 0.0640782 -0.9949278 -0.0775415
v -2.6644518 10.3538542 3.2466440
vt 0.4394443 0.5737874
vn 0.0640782 -0.9949278 -0.0775415
f 2182/2182/2182 2183/2183/2183 2184/2184/2184
v -6.2980847 9.6722326 5.7082510
vt 0.3568617 0.6297330
vn -0.3001138 -0.7737508 -0.5578902
v -3.2466440 10.6833153 2.6644518
vt 0.4262126 0.5605557
vn -0.3001138 -0.7737508 -0.5578902
v -2.9698484 10.3557577 2.9698484
vt 0.4325034 0.5674966
vn -0.3001138 -0.7737508 -0.5578902
f 2185/2185/2185 2186/2186/2186 2187/2187/2187
v -6.8272638 9.4871559 5.0634441
vt 0.3448349 0.6150783
vn 0.3217761 -0.9467804 0.0081941
v -3.4921725 10.5970039 2.3333950
vt 0.4206324 0.5530317
vn 0.3217761 -0.9467804 0.0081941
v -3.2466440 10.6833153 2.6644518
vt 0.4262126 0.5605557
vn 0.3217761 -0.9467804 0.0081941
f 2188/2188/2188 2189/2189/2189 2190/2190/2190
v -7.2906933 9.7826147 4.3698735
vt 0.3343024 0.5993153
vn 0.4088467 -0.7974915 0.4436797
v -3.7040694 10.2916880 1.9798663
vt 0.4158166 0.5449970
vn 0.4088467 -0.7974915 0.4436797
v -3.4921725 10.5970039 2.3333950
vt 0.4206324 0.5530317
vn 0.4088467 -0.7974915 0.4436797
f 2191/2191/2191 2192/2192/2192 2193/2193/2193
v -7.6839089 9.8915548 3.6342182
vt 0.3253657 0.5825959
vn -0.0644560 -0.9233956 -0.3783993
v -3.8802941 10.4566755 1.6072704
vt 0.4118115 0.5365289
vn -0.0644560 -0.9233956 -0.3783993
v -3.7040694 10.2916880 1.9798663
vt 0.4158166 0.5449970
vn -0.0644560 -0.9233956 -0.3783993
f 2194/2194/2194 2195/2195/2195 2196/2196/2196
v -8.0031242 9.5680237 2.8635638
vt 0.3181108 0.5650810
vn 0.0068542 -0.8268471 -0.5623848
v -4.0191493 10.7194757 1.2191956
vt 0.4086557 0.5277090
vn 0.0068542 -0.8268471 -0.5623848
v -3.8802941 10.4566755 1.6072704
vt 0.4118115 0.5365289
vn 0.0068542 -0.8268471 -0.5623848
f 2197/2197/2197 2198/2198/2198 2199/2199/2199
v -8.2452660 9.5424538 2.0653315
vt 0.3126076 0.5469394
vn 0.3202863 -0.8514205 0.4153310
v -4.1192980 10.4867678 0.8193793
vt 0.4063796 0.5186223
vn 0.3202863 -0.8514205 0.4153310
v -4.0191493 10.7194757 1.2191956
vt 0.4086557 0.5277090
vn 0.3202863 -0.8514205 0.4153310
f 2200/2200/2200 2201/2201/2201 2202/2202/2202
v -8.4080000 9.8725748 1.2472091
vt 0.3089091 0.5283457
vn 0.1695362 -0.8921590 0.4187002
v -4.1797757 10.2839336 0.4116720
vt 0.4050051 0.5093562
vn 0.1695362 -0.8921590 0.4187002
v -4.1192980 10.4867678 0.8193793
vt 0.4063796 0.5186223
vn 0.1695362 -0.8921590 0.4187002
f 2203/2203/2203 2204/2204/2204 2205/2205/2205
v -8.4897614 9.8130751 0.4170752
vt 0.3070509 0.5094790
vn 0.0885357 -0.8169476 -0.5698755
v -4.1999998 10.5689106 0.0000000
vt 0.4045455 0.5000000
vn 0.0885357 -0.8169476 -0.5698755
v -4.1797757 10.2839336 0.4116720
vt 0.4050051 0.5093562
vn 0.0885357 -0.8169476 -0.5698755
f 2206/2206/2206 2207/2207/2207 2208/2208/2208
v -8.4897614 9.4982872 -0.4170752
vt 0.3070509 0.4905210
vn 0.2579640 -0.9252484 -0.2781548
v -4.1797757 10.6983089 -0.4116720
vt 0.4050051 0.4906438
vn 0.2579640 -0.9252484 -0.2781548
v -4.1999998 10.5689106 0.0000000
vt 0.4045455 0.5000000
vn 0.2579640 -0.9252484 -0.2781548
f 2209/2209/2209 2210/2210/2210 2211/2211/2211
v -8.4080000 9.6389036 -1.2472091
vt 0.3089091 0.4716543
vn 0.0730294 -0.7808238 0.6204683
v -4.1192980 10.3799877 -0.8193793
vt 0.4063796 0.4813777
vn 0.0730294 -0.7808238 0.6204683
v -4.1797757 10.6983089 -0.4116720
vt 0.4050051 0.4906438
vn 0.0730294 -0.7808238 0.6204683
f 2212/2212/2212 2213/2213/2213 2214/2214/2214
v -8.2452660 9.9174566 -2.0653315
vt 0.3126076 0.4530606
vn 0.0701336 -0.9884047 0.1346754
v -4.0191493 10.3326168 -1.2191956
vt 0.4086557 0.4722910
vn 0.0701336 -0.9884047 0.1346754
v -4.1192980 10.3799877 -0.8193793
vt 0.4063796 0.4813777
vn 0.0701336 -0.9884047 0.1346754
f 2215/2215/2215 2216/2216/2216 2217/2217/2217
v -8.0031242 9.7050600 -2.8635638
vt 0.3181108 0.4349190
vn 0.3425166 -0.7722068 -0.5351442
v -3.8802941 10.6631451 -1.6072704
vt 0.4118115 0.4634711
vn 0.3425166 -0.7722068 -0.5351442
v -4.0191493 10.3326168 -1.2191956
vt 0.4086557 0.4722910
vn 0.3425166 -0.7722068 -0.5351442
f 2218/2218/2218 2219/2219/2219 2220/2220/2220
v -7.6839089 9.4812393 -3.6342182
vt 0.3253657 0.4174041
vn 0.1971317 -0.9616309 0.1908011
v -3.7040694 10.6253424 -1.9798663
vt 0.4158166 0.4550030
vn 0.1971317 -0.9616309 0.1908011
v -3.8802941 10.6631451 -1.6072704
vt 0.4118115 0.4634711
vn 0.1971317 -0.9616309 0.1908011
f 2221/2221/2221 2222/2222/2222 2223/2223/2223
v -7.2906933 9.7513123 -4.3698735
vt 0.3343024 0.4006847
vn -0.2018336 -0.7824895 0.5890445
v -3.4921725 10.3045559 -2.3333950
vt 0.4206324 0.4469683
vn -0.2018336 -0.7824895 0.5890445
v -3.7040694 10.6253424 -1.9798663
vt 0.4158166 0.4550030
vn -0.2018336 -0.7824895 0.5890445
f 2224/2224/2224 2225/2225/2225 2226/2226/2226
v -6.8272638 9.9055376 -5.0634441
vt 0.3448349 0.3849217
vn 0.2480608 -0.9548512 -0.1634778
v -3.2466440 10.4250212 -2.6644518
vt 0.4262126 0.4394443
vn 0.2480608 -0.9548512 -0.1634778
v -3.4921725 10.3045559 -2.3333950
vt 0.4206324 0.4469683
vn 0.2480608 -0.9548512 -0.1634778
f 2227/2227/2227 2228/2228/2228 2229/2229/2229
v -6.2980847 9.5957232 -5.7082510
vt 0.3568617 0.3702670
vn 0.5146317 -0.8044193 -0.2967557
v -2.9698484 10.7147655 -2.9698484
vt 0.4325034 0.4325034
vn 0.5146317 -0.8044193 -0.2967557
v -3.2466440 10.4250212 -2.6644518
vt 0.4262126 0.4394443
vn 0.5146317 -0.8044193 -0.2967557
f 2230/2230/2230 2231/2231/2231 2232/2232/2232
v -5.7082510 9.5213327 -6.2980847
vt 0.3702670 0.3568617
vn -0.1584013 -0.8808179 0.4461713
v -2.6644518 10.5196362 -3.2466440
vt 0.4394443 0.4262126
vn -0.1584013 -0.8808179 0.4461713
v -2.9698484 10.7147655 -2.9698484
vt 0.4325034 0.4325034
vn -0.1584013 -0.8808179 0.4461713
f 2233/2233/2233 2234/2234/2234 2235/2235/2235
v -5.0634441 9.8503180 -6.8272638
vt 0.3849217 0.3448349
vn -0.3356989 -0.8594429 0.3855701
v -2.3333950 10.2801743 -3.4921725
vt 0.4469683 0.4206324
vn -0.3356989 -0.8594429 0.3855701
v -2.6644518 10.5196362 -3.2466440
vt 0.4394443 0.4262126
vn -0.3356989 -0.8594429 0.3855701
f 2236/2236/2236 2237/2237/2237 2238/2238/2238
v -4.3698735 9.8399315 -7.2906933
vt 0.4006847 0.3343024
vn 0.5080707 -0.8434252 -0.1746372
v -1.9798663 10.5370111 -3.7040694
vt 0.4550030 0.4158166
vn 0.5080707 -0.8434252 -0.1746372
v -2.3333950 10.2801743 -3.4921725
vt 0.4469683 0.4206324
vn 0.5080707 -0.8434252 -0.1746372
f 2239/2239/2239 2240/2240/2240 2241/2241/2241
v -3.6342182 9.5136232 -7.6839089
vt 0.4174041 0.3253657
vn 0.4397151 -0.8968623 0.0478397
v -1.6072704 10.7102880 -3.8802941
vt 0.4634711 0.4118115
vn 0.4397151 -0.8968623 0.0478397
v -1.9798663 10.5370111 -3.7040694
vt 0.4550030 0.4158166
vn 0.4397151 -0.8968623 0.0478397
f 2242/2242/2242 2243/2243/2243 2244/2244/2244
v -2.8635638 9.6080952 -8.0031242
vt 0.4349190 0.3181108
vn -0.4880740 -0.7945799 0.3611462
v -1.2191956 10.4088001 -4.0191493
vt 0.4722910 0.4086557
vn -0.4880740 -0.7945799 0.3611462
v -1.6072704 10.7102880 -3.8802941
vt 0.4634711 0.4118115
vn -0.4880740 -0.7945799 0.3611462
f 2245/2245/2245 2246/2246/2246 2247/2247/2247
v -2.0653315 9.9100590 -8.2452660
vt 0.4530606 0.3126076
vn -0.1933481 -0.9691145 0.1530805
v -0.8193793 10.3132133 -4.1192980
vt 0.4813777 0.4063796
vn -0.1933481 -0.9691145 0.1530805
v -1.2191956 10.4088001 -4.0191493
vt 0.4722910 0.4086557
vn -0.1933481 -0.9691145 0.1530805
f 2248/2248/2248 2249/2249/2249 2250/2250/2250
v -1.2472091 9.7377748 -8.4080000
vt 0.4716543 0.3089091
vn 0.6278591 -0.7772119 0.0416492
v -0.4116720 10.6393328 -4.1797757
vt 0.4906438 0.4050051
vn 0.6278591 -0.7772119 0.0416492
v -0.8193793 10.3132133 -4.1192980
vt 0.4813777 0.4063796
vn 0.6278591 -0.7772119 0.0416492
f 2251/2251/2251 2252/2252/2252 2253/2253/2253
v -0.4170752 9.4802065 -8.4897614
vt 0.4905210 0.3070509
vn 0.0398187 -0.9649330 0.2594589
v -0.0000000 10.6508827 -4.1999998
vt 0.5000000 0.4045455
vn 0.0398187 -0.9649330 0.2594589
v -0.4116720 10.6393328 -4.1797757
vt 0.4906438 0.4050051
vn 0.0398187 -0.9649330 0.2594589
f 2254/2254/2254 2255/2255/2255 2256/2256/2256
v 0.4170752 9.7188635 -8.4897614
vt 0.5094790 0.3070509
vn -0.6240140 -0.7739848 0.1074903
v 0.4116720 10.3217869 -4.1797757
vt 0.5093562 0.4050051
vn -0.6240140 -0.7739848 0.1074903
v -0.0000000 10.6508827 -4.1999998
vt 0.5000000 0.4045455
vn -0.6240140 -0.7739848 0.1074903
f 2257/2257/2257 2258/2258/2258 2259/2259/2259
v 1.2472091 9.9149323 -8.4080000
vt 0.5283457 0.3089091
vn 0.1574039 -0.9795454 0.1253598
v 0.8193793 10.3950415 -4.1192980
vt 0.5186223 0.4063796
vn 0.1574039 -0.9795454 0.1253598
v 0.4116720 10.3217869 -4.1797757
vt 0.5093562 0.4050051
vn 0.1574039 -0.9795454 0.1253598
f 2260/2260/2260 2261/2261/2261 2262/2262/2262
v 2.0653315 9.6257505 -8.2452660
vt 0.5469394 0.3126076
vn 0.5338474 -0.7874773 0.3080362
v 1.2191956 10.7052603 -4.0191493
vt 0.5277090 0.4086557
vn 0.5338474 -0.7874773 0.3080362
v 0.8193793 10.3950415 -4.1192980
vt 0.5186223 0.4063796
vn 0.5338474 -0.7874773 0.3080362
f 2263/2263/2263 2264/2264/2264 2265/2265/2265
v 2.8635638 9.5042009 -8.0031242
vt 0.5650810 0.3181108
vn -0.3987319 -0.9104582 0.1099034
v 1.6072704 10.5520658 -3.8802941
vt 0.5365289 0.4118115
vn -0.3987319 -0.9104582 0.1099034
v 1.2191956 10.7052603 -4.0191493
vt 0.5277090 0.4086557
vn -0.3987319 -0.9104582 0.1099034
f 2266/2266/2266 2267/2267/2267 2268/2268/2268
v 3.6342182 9.8247051 -7.6839089
vt 0.5825959 0.3253657
vn -0.5418813 -0.8303427 -0.1299833
v 1.9798663 10.2813234 -3.7040694
vt 0.5449970 0.4158166
vn -0.5418813 -0.8303427 -0.1299833
v 1.6072704 10.5520658 -3.8802941
vt 0.5365289 0.4118115
vn -0.5418813 -0.8303427 -0.1299833
f 2269/2269/2269 2270/2270/2270 2271/2271/2271
v 4.3698735 9.8636637 -7.2906933
vt 0.5993153 0.3343024
vn 0.3504815 -0.8744617 0.3353797
v 2.3333950 10.5042849 -3.4921725
vt 0.5530317 0.4206324
vn 0.3504815 -0.8744617 0.3353797
v 1.9798663 10.2813234 -3.7040694
vt 0.5449970 0.4158166
vn 0.3504815 -0.8744617 0.3353797
f 2272/2272/2272 2273/2273/2273 2274/2274/2274
v 5.0634441 9.5331211 -6.8272638
vt 0.6150783 0.3448349
vn 0.2310483 -0.8669590 0.4415868
v 2.6644518 10.7175732 -3.2466440
vt 0.5605557 0.4262126
vn 0.2310483 -0.8669590 0.4415868
v 2.3333950 10.5042849 -3.4921725
vt 0.5530317 0.4206324
vn 0.2310483 -0.8669590 0.4415868
f 2275/2275/2275 2276/2276/2276 2277/2277/2277
v 5.7082510 9.5793390 -6.2980847
vt 0.6297330 0.3568617
vn -0.5336949 -0.8141778 -0.2286576
v 2.9698484 10.4396486 -2.9698484
vt 0.5674966 0.4325034
vn -0.5336949 -0.8141778 -0.2286576
v 2.6644518 10.7175732 -3.2466440
vt 0.5605557 0.4262126
vn -0.5336949 -0.8141778 -0.2286576
f 2278/2278/2278 2279/2279/2279 2280/2280/2280
v 6.2980847 9.8979721 -5.7082510
vt 0.6431383 0.3702670
vn -0.2933632 -0.9406781 -0.1704785
v 3.2466440 10.2979794 -2.6644518
vt 0.5737874 0.4394443
vn -0.2933632 -0.9406781 -0.1704785
v 2.9698484 10.4396486 -2.9698484
vt 0.5674966 0.4325034
vn -0.2933632 -0.9406781 -0.1704785
f 2281/2281/2281 2282/2282/2282 2283/2283/2283
v 6.8272638 9.7696457 -5.0634441
vt 0.6551651 0.3849217
vn 0.2575598 -0.7887657 0.5581324
v 3.4921725 10.6124096 -2.3333950
vt 0.5793676 0.4469683
vn 0.2575598 -0.7887657 0.5581324
v 3.2466440 10.2979794 -2.6644518
vt 0.5737874 0.4394443
vn 0.2575598 -0.7887657 0.5581324
f 2284/2284/2284 2285/2285/2285 2286/2286/2286
v 7.2906933 9.4840813 -4.3698735
vt 0.6656976 0.4006847
vn -0.1483811 -0.9560372 0.2529343
v 3.7040694 10.6730537 -1.9798663
vt 0.5841834 0.4550030
vn -0.1483811 -0.9560372 0.2529343
v 3.4921725 10.6124096 -2.3333950
vt 0.5793676 0.4469683
vn -0.1483811 -0.9560372 0.2529343
f 2287/2287/2287 2288/2288/2288 2289/2289/2289
v 7.6839089 9.6859941 -3.6342182
vt 0.6746343 0.4174041
vn -0.3975953 -0.7720419 -0.4958523
v 3.8802941 10.3429956 -1.6072704
vt 0.5881885 0.4634711
vn -0.3975953 -0.7720419 -0.4958523
v 3.7040694 10.6730537 -1.9798663
vt 0.5841834 0.4550030
vn -0.3975953 -0.7720419 -0.4958523
f 2290/2290/2290 2291/2291/2291 2292/2292/2292
v 8.0031242 9.9195280 -2.8635638
vt 0.6818892 0.4349190
vn -0.0748213 -0.9931960 0.0892395
v 4.0191493 10.3674040 -1.2191956
vt 0.5913443 0.4722910
vn -0.0748213 -0.9931960 0.0892395
v 3.8802941 10.3429956 -1.6072704
vt 0.5881885 0.4634711
vn -0.0748213 -0.9931960 0.0892395
f 2293/2293/2293 2294/2294/2294 2295/2295/2295
v 8.2452660 9.6574354 -2.0653315
vt 0.6873924 0.4530606
vn -0.0043350 -0.7766037 0.6299745
v 4.1192980 10.6911726 -0.8193793
vt 0.5936204 0.4813777
vn -0.0043350 -0.7766037 0.6299745
v 4.0191493 10.3674040 -1.2191956
vt 0.5913443 0.4722910
vn -0.0043350 -0.7766037 0.6299745
f 2296/2296/2296 2297/2297/2297 2298/2298/2298
v 8.4080000 9.4914398 -1.2472091
vt 0.6910909 0.4716543
vn -0.2826225 -0.9368761 -0.2058829
v 4.1797757 10.5833330 -0.4116720
vt 0.5949949 0.4906438
vn -0.2826225 -0.9368761 -0.2058829
v 4.1192980 10.6911726 -0.8193793
vt 0.5936204 0.4813777
vn -0.2826225 -0.9368761 -0.2058829
f 2299/2299/2299 2300/2300/2300 2301/2301/2301
v 8.4897614 9.7963076 -0.4170752
vt 0.6929491 0.4905210
vn -0.1777842 -0.9745372 0.1366383
v 4.1999998 10.6373634 0.0000000
vt 0.5954545 0.5000000
vn -0.1777842 -0.9745372 0.1366383
v 4.1797757 10.5833330 -0.4116720
vt 0.5949949 0.4906438
vn -0.1777842 -0.9745372 0.1366383
f 2302/2302/2302 2303/2303/2303 2304/2304/2304
v 4.1999998 10.6373634 0.0000000
vt 0.5954545 0.5000000
vn -0.0303340 -0.7833582 -0.6208299
v 4.1797757 10.3118868 0.4116720
vt 0.5949949 0.5093562
vn -0.0303340 -0.7833582 -0.6208299
v 0.0000000 10.8000002 0.0000000
vt 0.5000000 0.5000000
vn -0.0303340 -0.7833582 -0.6208299
f 2305/2305/2305 2306/2306/2306 2307/2307/2307
v 4.1797757 10.3118868 0.4116720
vt 0.5949949 0.5093562
vn -0.1341790 -0.9672419 0.2154972
v 4.1192980 10.4111118 0.8193793
vt 0.5936204 0.5186223
vn -0.1341790 -0.9672419 0.2154972
v 0.0000000 10.8000002 0.0000000
vt 0.5000000 0.5000000
vn -0.1341790 -0.9672419 0.2154972
f 2308/2308/2308 2309/2309/2309 2310/2310/2310
v 4.1192980 10.4111118 0.8193793
vt 0.5936204 0.5186223
vn -0.1874373 -0.8077419 0.5589458
v 4.0191493 10.7110186 1.2191956
vt 0.5913443 0.5277090
vn -0.1874373 -0.8077419 0.5589458
v 0.0000000 10.8000002 0.0000000
vt 0.5000000 0.5000000
vn -0.1874373 -0.8077419 0.5589458
f 2311/2311/2311 2312/2312/2312 2313/2313/2313
v 4.0191493 10.7110186 1.2191956
vt 0.5913443 0.5277090
vn 0.0959804 -0.9185628 -0.3834451
v 3.8802941 10.5345116 1.6072704
vt 0.5881885 0.5365289
vn 0.0959804 -0.9185628 -0.3834451
v 0.0000000 10.8000002 0.0000000
vt 0.5000000 0.5000000
vn 0.0959804 -0.9185628 -0.3834451
f 2314/2314/2314 2315/2315/2315 2316/2316/2316
v 3.8802941 10.5345116 1.6072704
vt 0.5881885 0.5365289
vn 0.1520880 -0.8482507 -0.5072868
v 3.7040694 10.2800884 1.9798663
vt 0.5841834 0.5449970
vn 0.1520880 -0.8482507 -0.5072868
v 0.0000000 10.8000002 0.0000000
vt 0.5000000 0.5000000
vn 0.1520880 -0.8482507 -0.5072868
f 2317/2317/2317 2318/2318/2318 2319/2319/2319
v 3.7040694 10.2800884 1.9798663
vt 0.5841834 0.5449970
vn -0.3295742 -0.8594002 0.3909119
v 3.4921725 10.5221577 2.3333950
vt 0.5793676 0.5530317
vn -0.3295742 -0.8594002 0.3909119
v 0.0000000 10.8000002 0.0000000
vt 0.5000000 0.5000000
vn -0.3295742 -0.8594002 0.3909119
f 2320/2320/2320 2321/2321/2321 2322/2322/2322
v 3.4921725 10.5221577 2.3333950
vt 0.5793676 0.5530317
vn -0.2829264 -0.9057379 0.3155811
v 3.2466440 10.7142019 2.6644518
vt 0.5737874 0.5605557
vn -0.2829264 -0.9057379 0.3155811
v 0.0000000 10.8000002 0.0000000
vt 0.5000000 0.5000000
vn -0.2829264 -0.9057379 0.3155811
f 2323/2323/2323 2324/2324/2324 2325/2325/2325
v 3.2466440 10.7142019 2.6644518
vt 0.5737874 0.5605557
vn 0.3540698 -0.8155659 -0.4576975
v 2.9698484 10.4226446 2.9698484
vt 0.5674966 0.5674966
vn 0.3540698 -0.8155659 -0.4576975
v 0.0000000 10.8000002 0.0000000
vt 0.5000000 0.5000000
vn 0.3540698 -0.8155659 -0.4576975
f 2326/2326/2326 2327/2327/2327 2328/2328/2328
v 2.9698484 10.4226446 2.9698484
vt 0.5674966 0.5674966
vn 0.1344062 -0.9572767 -0.2560399
v 2.6644518 10.3057318 3.2466440
vt 0.5605557 0.5737874
vn 0.1344062 -0.9572767 -0.2560399
v 0.0000000 10.8000002 0.0000000
vt 0.5000000 0.5000000
vn 0.1344062 -0.9572767 -0.2560399
f 2329/2329/2329 2330/2330/2330 2331/2331/2331
v 2.6644518 10.3057318 3.2466440
vt 0.5605557 0.5737874
vn -0.5304672 -0.7867808 0.3155639
v 2.3333950 10.6274157 3.4921725
vt 0.5530317 0.5793676
vn -0.5304672 -0.7867808 0.3155639
v 0.0000000 10.8000002 0.0000000
vt 0.5000000 0.5000000
vn -0.5304672 -0.7867808 0.3155639
f 2332/2332/2332 2333/2333/2333 2334/2334/2334
v 2.3333950 10.6274157 3.4921725
vt 0.5530317 0.5793676
vn -0.0894955 -0.9959310 0.0105797
v 1.9798663 10.6614351 3.7040694
vt 0.5449970 0.5841834
vn -0.0894955 -0.9959310 0.0105797
v 0.0000000 10.8000002 0.0000000
vt 0.5000000 0.5000000
vn -0.0894955 -0.9959310 0.0105797
f 2335/2335/2335 2336/2336/2336 2337/2337/2337
v 1.9798663 10.6614351 3.7040694
vt 0.5449970 0.5841834
vn 0.5404453 -0.7789647 -0.3180142
v 1.6072704 10.3309841 3.8802941
vt 0.5365289 0.5881885
vn 0.5404453 -0.7789647 -0.3180142
v 0.0000000 10.8000002 0.0000000
vt 0.5000000 0.5000000
vn 0.5404453 -0.7789647 -0.3180142
f 2338/2338/2338 2339/2339/2339 2340/2340/2340
v 1.6072704 10.3309841 3.8802941
vt 0.5365289 0.5881885
vn -0.1504388 -0.9869757 -0.0569832
v 1.2191956 10.3821192 4.0191493
vt 0.5277090 0.5913443
vn -0.1504388 -0.9869757 -0.0569832
v 0.0000000 10.8000002 0.0000000
vt 0.5000000 0.5000000
vn -0.1504388 -0.9869757 -0.0569832
f 2341/2341/2341 2342/2342/2342 2343/2343/2343
v 1.2191956 10.3821192 4.0191493
vt 0.5277090 0.5913443
vn -0.6028733 -0.7914707 0.1005884
v 0.8193793 10.6993923 4.1192980
vt 0.5186223 0.5936204
vn -0.6028733 -0.7914707 0.1005884
v 0.0000000 10.8000002 0.0000000
vt 0.5000000 0.5000000
vn -0.6028733 -0.7914707 0.1005884
f 2344/2344/2344 2345/2345/2345 2346/2346/2346
v 0.8193793 10.6993923 4.1192980
vt 0.5186223 0.5936204
vn 0.2977705 -0.9510697 -0.0824587
v 0.4116720 10.5664997 4.1797757
vt 0.5093562 0.5949949
vn 0.2977705 -0.9510697 -0.0824587
v 0.0000000 10.8000002 0.0000000
vt 0.5000000 0.5000000
vn 0.2977705 -0.9510697 -0.0824587
f 2347/2347/2347 2348/2348/2348 2349/2349/2349
v 0.4116720 10.5664997 4.1797757
vt 0.5093562 0.5949949
vn 0.5602536 -0.8221272 -0.1011078
v 0.0000000 10.2834711 4.1999998
vt 0.5000000 0.5954545
vn 0.5602536 -0.8221272 -0.1011078
v 0.0000000 10.8000002 0.0000000
vt 0.5000000 0.5000000
vn 0.5602536 -0.8221272 -0.1011078
f 2350/2350/2350 2351/2351/2351 2352/2352/2352
v 0.0000000 10.2834711 4.1999998
vt 0.5000000 0.5954545
vn -0.4401891 -0.8911909 -0.1096014
v -0.4116720 10.4892969 4.1797757
vt 0.4906438 0.5949949
vn -0.4401891 -0.8911909 -0.1096014
v 0.0000000 10.8000002 0.0000000
vt 0.5000000 0.5000000
vn -0.4401891 -0.8911909 -0.1096014
f 2353/2353/2353 2354/2354/2354 2355/2355/2355
v -0.4116720 10.4892969 4.1797757
vt 0.4906438 0.5949949
vn -0.4756269 -0.8725258 -0.1117043
v -0.8193793 10.7192869 4.1192980
vt 0.4813777 0.5936204
vn -0.4756269 -0.8725258 -0.1117043
v 0.0000000 10.8000002 0.0000000
vt 0.5000000 0.5000000
vn -0.4756269 -0.8725258 -0.1117043
f 2356/2356/2356 2357/2357/2357 2358/2358/2358
v -0.8193793 10.7192869 4.1192980
vt 0.4813777 0.5936204
vn 0.5346296 -0.8402933 0.0898798
v -1.2191956 10.4541950 4.0191493
vt 0.4722910 0.5913443
vn 0.5346296 -0.8402933 0.0898798
v 0.0000000 10.8000002 0.0000000
vt 0.5000000 0.5000000
vn 0.5346296 -0.8402933 0.0898798
f 2359/2359/2359 2360/2360/2360 2361/2361/2361
v -1.2191956 10.4541950 4.0191493
vt 0.4722910 0.5913443
vn 0.3740506 -0.9267949 0.0337261
v -1.6072704 10.2925167 3.8802941
vt 0.4634711 0.5881885
vn 0.3740506 -0.9267949 0.0337261
v 0.0000000 10.8000002 0.0000000
vt 0.5000000 0.5000000
vn 0.3740506 -0.9267949 0.0337261
f 2362/2362/2362 2363/2363/2363 2364/2364/2364
v -1.6072704 10.2925167 3.8802941
vt 0.4634711 0.5881885
vn -0.5096000 -0.8003770 -0.3157604
v -1.9798663 10.5992718 3.7040694
vt 0.4550030 0.5841834
vn -0.5096000 -0.8003770 -0.3157604
v 0.0000000 10.8000002 0.0000000
vt 0.5000000 0.5000000
vn -0.5096000 -0.8003770 -0.3157604
f 2365/2365/2365 2366/2366/2366 2367/2367/2367
v -1.9798663 10.5992718 3.7040694
vt 0.4550030 0.5841834
vn -0.1493408 -0.9798108 -0.1329215
v -2.3333950 10.6819019 3.4921725
vt 0.4469683 0.5793676
vn -0.1493408 -0.9798108 -0.1329215
v 0.0000000 10.8000002 0.0000000
vt 0.5000000 0.5000000
vn -0.1493408 -0.9798108 -0.1329215
f 2368/2368/2368 2369/2369/2369 2370/2370/2370
v -2.3333950 10.6819019 3.4921725
vt 0.4469683 0.5793676
vn 0.5308014 -0.7813475 0.3282465
v -2.6644518 10.3538542 3.2466440
vt 0.4394443 0.5737874
vn 0.5308014 -0.7813475 0.3282465
v 0.0000000 10.8000002 0.0000000
vt 0.5000000 0.5000000
vn 0.5308014 -0.7813475 0.3282465
f 2371/2371/2371 2372/2372/2372 2373/2373/2373
v -2.6644518 10.3538542 3.2466440
vt 0.4394443 0.5737874
vn 0.0674687 -0.9944052 -0.0812787
v -2.9698484 10.3557577 2.9698484
vt 0.4325034 0.5674966
vn 0.0674687 -0.9944052 -0.0812787
v 0.0000000 10.8000002 0.0000000
vt 0.5000000 0.5000000
vn 0.0674687 -0.9944052 -0.0812787
f 2374/2374/2374 2375/2375/2375 2376/2376/2376
v -2.9698484 10.3557577 2.9698484
vt 0.4325034 0.5674966
vn -0.3785232 -0.7818118 -0.4954700
v -3.2466440 10.6833153 2.6644518
vt 0.4262126 0.5605557
vn -0.3785232 -0.7818118 -0.4954700
v 0.0000000 10.8000002 0.0000000
vt 0.5000000 0.5000000
vn -0.3785232 -0.7818118 -0.4954700
f 2377/2377/2377 2378/2378/2378 2379/2379/2379
v -3.2466440 10.6833153 2.6644518
vt 0.4262126 0.5605557
vn 0.1519452 -0.9780900 0.1423121
v -3.4921725 10.5970039 2.3333950
vt 0.4206324 0.5530317
vn 0.1519452 -0.9780900 0.1423121
v 0.0000000 10.8000002 0.0000000
vt 0.5000000 0.5000000
vn 0.1519452 -0.9780900 0.1423121
f 2380/2380/2380 2381/2381/2381 2382/2382/2382
v -3.4921725 10.5970039 2.3333950
vt 0.4206324 0.5530317
vn 0.3636032 -0.8016934 0.4744265
v -3.7040694 10.2916880 1.9798663
vt 0.4158166 0.5449970
vn 0.3636032 -0.8016934 0.4744265
v 0.0000000 10.8000002 0.0000000
vt 0.5000000 0.5000000
vn 0.3636032 -0.8016934 0.4744265
f 2383/2383/2383 2384/2384/2384 2385/2385/2385
v -3.7040694 10.2916880 1.9798663
vt 0.4158166 0.5449970
vn -0.0733745 -0.9242882 -0.3745764
v -3.8802941 10.4566755 1.6072704
vt 0.4118115 0.5365289
vn -0.0733745 -0.9242882 -0.3745764
v 0.0000000 10.8000002 0.0000000
vt 0.5000000 0.5000000
vn -0.0733745 -0.9242882 -0.3745764
f 2386/2386/2386 2387/2387/2387 2388/2388/2388
v -3.8802941 10.4566755 1.6072704
vt 0.4118115 0.5365289
vn -0.1408838 -0.8424235 -0.5200715
v -4.0191493 10.7194757 1.2191956
vt 0.4086557 0.5277090
vn -0.1408838 -0.8424235 -0.5200715
v 0.0000000 10.8000002 0.0000000
vt 0.5000000 0.5000000
vn -0.1408838 -0.8424235 -0.5200715
f 2389/2389/2389 2390/2390/2390 2391/2391/2391
v -4.0191493 10.7194757 1.2191956
vt 0.4086557 0.5277090
vn 0.1589712 -0.8700688 0.4665923
v -4.1192980 10.4867678 0.8193793
vt 0.4063796 0.5186223
vn 0.1589712 -0.8700688 0.4665923
v 0.0000000 10.8000002 0.0000000
vt 0.5000000 0.5000000
vn 0.1589712 -0.8700688 0.4665923
f 2392/2392/2392 2393/2393/2393 2394/2394/2394
v -4.1192980 10.4867678 0.8193793
vt 0.4063796 0.5186223
vn 0.1519196 -0.8937314 0.4220956
v -4.1797757 10.2839336 0.4116720
vt 0.4050051 0.5093562
vn 0.1519196 -0.8937314 0.4220956
v 0.0000000 10.8000002 0.0000000
vt 0.5000000 0.5000000
vn 0.1519196 -0.8937314 0.4220956
f 2395/2395/2395 2396/2396/2396 2397/2397/2397
v -4.1797757 10.2839336 0.4116720
vt 0.4050051 0.5093562
vn 0.0451362 -0.8203402 -0.5700920
v -4.1999998 10.5689106 0.0000000
vt 0.4045455 0.5000000
vn 0.0451362 -0.8203402 -0.5700920
v 0.0000000 10.8000002 0.0000000
vt 0.5000000 0.5000000
vn 0.0451362 -0.8203402 -0.5700920
f 2398/2398/2398 2399/2399/2399 2400/2400/2400
v -4.1999998 10.5689106 0.0000000
vt 0.4045455 0.5000000
vn 0.0524576 -0.9534041 -0.2971006
v -4.1797757 10.6983089 -0.4116720
vt 0.4050051 0.4906438
vn 0.0524576 -0.9534041 -0.2971006
v 0.0000000 10.8000002 0.0000000
vt 0.5000000 0.5000000
vn 0.0524576 -0.9534041 -0.2971006
f 2401/2401/2401 2402/2402/2402 2403/2403/2403
v -4.1797757 10.6983089 -0.4116720
vt 0.4050051 0.4906438
vn -0.0409566 -0.7904885 0.6111058
v -4.1192980 10.3799877 -0.8193793
vt 0.4063796 0.4813777
vn -0.0409566 -0.7904885 0.6111058
v 0.0000000 10.8000002 0.0000000
vt 0.5000000 0.5000000
vn -0.0409566 -0.7904885 0.6111058
f 2404/2404/2404 2405/2405/2405 2406/2406/2406
v -4.1192980 10.3799877 -0.8193793
vt 0.4063796 0.4813777
vn 0.0737795 -0.9880205 0.1355431
v -4.0191493 10.3326168 -1.2191956
vt 0.4086557 0.4722910
vn 0.0737795 -0.9880205 0.1355431
v 0.0000000 10.8000002 0.0000000
vt 0.5000000 0.5000000
vn 0.0737795 -0.9880205 0.1355431
f 2407/2407/2407 2408/2408/2408 2409/2409/2409
v -4.0191493 10.3326168 -1.2191956
vt 0.4086557 0.4722910
vn 0.2632476 -0.7789072 -0.5692139
v -3.8802941 10.6631451 -1.6072704
vt 0.4118115 0.4634711
vn 0.2632476 -0.7789072 -0.5692139
v 0.0000000 10.8000002 0.0000000
vt 0.5000000 0.5000000
vn 0.2632476 -0.7789072 -0.5692139
f 2410/2410/2410 2411/2411/2411 2412/2412/2412
v -3.8802941 10.6631451 -1.6072704
vt 0.4118115 0.4634711
vn -0.0056217 -0.9951404 0.0983057
v -3.7040694 10.6253424 -1.9798663
vt 0.4158166 0.4550030
vn -0.0056217 -0.9951404 0.0983057
v 0.0000000 10.8000002 0.0000000
vt 0.5000000 0.5000000
vn -0.0056217 -0.9951404 0.0983057
f 2413/2413/2413 2414/2414/2414 2415/2415/2415
v -3.7040694 10.6253424 -1.9798663
vt 0.4158166 0.4550030
vn -0.2611769 -0.7875935 0.5581068
v -3.4921725 10.3045559 -2.3333950
vt 0.4206324 0.4469683
vn -0.2611769 -0.7875935 0.5581068
v 0.0000000 10.8000002 0.0000000
vt 0.5000000 0.5000000
vn -0.2611769 -0.7875935 0.5581068
f 2416/2416/2416 2417/2417/2417 2418/2418/2418
v -3.4921725 10.3045559 -2.3333950
vt 0.4206324 0.4469683
vn 0.2458826 -0.9551197 -0.1651910
v -3.2466440 10.4250212 -2.6644518
vt 0.4262126 0.4394443
vn 0.2458826 -0.9551197 -0.1651910
v 0.0000000 10.8000002 0.0000000
vt 0.5000000 0.5000000
vn 0.2458826 -0.9551197 -0.1651910
f 2419/2419/2419 2420/2420/2420 2421/2421/2421
v -3.2466440 10.4250212 -2.6644518
vt 0.4262126 0.4394443
vn 0.4190385 -0.8172643 -0.3955831
v -2.9698484 10.7147655 -2.9698484
vt 0.4325034 0.4325034
vn 0.4190385 -0.8172643 -0.3955831
v 0.0000000 10.8000002 0.0000000
vt 0.5000000 0.5000000
vn 0.4190385 -0.8172643 -0.3955831
f 2422/2422/2422 2423/2423/2423 2424/2424/2424
v -2.9698484 10.7147655 -2.9698484
vt 0.4325034 0.4325034
vn -0.2903726 -0.9031295 0.3162924
v -2.6644518 10.5196362 -3.2466440
vt 0.4394443 0.4262126
vn -0.2903726 -0.9031295 0.3162924
v 0.0000000 10.8000002 0.0000000
vt 0.5000000 0.5000000
vn -0.2903726 -0.9031295 0.3162924
f 2425/2425/2425 2426/2426/2426 2427/2427/2427
v -2.6644518 10.5196362 -3.2466440
vt 0.4394443 0.4262126
vn -0.3531684 -0.8617376 0.3642532
v -2.3333950 10.2801743 -3.4921725
vt 0.4469683 0.4206324
vn -0.3531684 -0.8617376 0.3642532
v 0.0000000 10.8000002 0.0000000
vt 0.5000000 0.5000000
vn -0.3531684 -0.8617376 0.3642532
f 2428/2428/2428 2429/2429/2429 2430/2430/2430
v -2.3333950 10.2801743 -3.4921725
vt 0.4469683 0.4206324
vn 0.4927873 -0.8460602 -0.2033300
v -1.9798663 10.5370111 -3.7040694
vt 0.4550030 0.4158166
vn 0.4927873 -0.8460602 -0.2033300
v 0.0000000 10.8000002 0.0000000
vt 0.5000000 0.5000000
vn 0.4927873 -0.8460602 -0.2033300
f 2431/2431/2431 2432/2432/2432 2433/2433/2433
v -1.9798663 10.5370111 -3.7040694
vt 0.4550030 0.4158166
vn 0.3666336 -0.9211580 -0.1305675
v -1.6072704 10.7102880 -3.8802941
vt 0.4634711 0.4118115
vn 0.3666336 -0.9211580 -0.1305675
v 0.0000000 10.8000002 0.0000000
vt 0.5000000 0.5000000
vn 0.3666336 -0.9211580 -0.1305675
f 2434/2434/2434 2435/2435/2435 2436/2436/2436
v -1.6072704 10.7102880 -3.8802941
vt 0.4634711 0.4118115
vn -0.5397093 -0.8062600 0.2421956
v -1.2191956 10.4088001 -4.0191493
vt 0.4722910 0.4086557
vn -0.5397093 -0.8062600 0.2421956
v 0.0000000 10.8000002 0.0000000
vt 0.5000000 0.5000000
vn -0.5397093 -0.8062600 0.2421956
f 2437/2437/2437 2438/2438/2438 2439/2439/2439
v -1.2191956 10.4088001 -4.0191493
vt 0.4722910 0.4086557
vn -0.1933736 -0.9691240 0.1529880
v -0.8193793 10.3132133 -4.1192980
vt 0.4813777 0.4063796
vn -0.1933736 -0.9691240 0.1529880
v 0.0000000 10.8000002 0.0000000
vt 0.5000000 0.5000000
vn -0.1933736 -0.9691240 0.1529880
f 2440/2440/2440 2441/2441/2441 2442/2442/2442
v -0.8193793 10.3132133 -4.1192980
vt 0.4813777 0.4063796
vn 0.6215186 -0.7827809 -0.0311247
v -0.4116720 10.6393328 -4.1797757
vt 0.4906438 0.4050051
vn 0.6215186 -0.7827809 -0.0311247
v 0.0000000 10.8000002 0.0000000
vt 0.5000000 0.5000000
vn 0.6215186 -0.7827809 -0.0311247
f 2443/2443/2443 2444/2444/2444 2445/2445/2445
v -0.4116720 10.6393328 -4.1797757
vt 0.4906438 0.4050051
vn 0.0297684 -0.9989275 0.0354661
v -0.0000000 10.6508827 -4.1999998
vt 0.5000000 0.4045455
vn 0.0297684 -0.9989275 0.0354661
v 0.0000000 10.8000002 0.0000000
vt 0.5000000 0.5000000
vn 0.0297684 -0.9989275 0.0354661
f 2446/2446/2446 2447/2447/2447 2448/2448/2448
v -0.0000000 10.6508827 -4.1999998
vt 0.5000000 0.4045455
vn -0.6250056 -0.7801288 0.0276978
v 0.4116720 10.3217869 -4.1797757
vt 0.5093562 0.4050051
vn -0.6250056 -0.7801288 0.0276978
v 0.0000000 10.8000002 0.0000000
vt 0.5000000 0.5000000
vn -0.6250056 -0.7801288 0.0276978
f 2449/2449/2449 2450/2450/2450 2451/2451/2451
v 0.4116720 10.3217869 -4.1797757
vt 0.5093562 0.4050051
vn 0.1570448 -0.9793249 0.1275133
v 0.8193793 10.3950415 -4.1192980
vt 0.5186223 0.4063796
vn 0.1570448 -0.9793249 0.1275133
v 0.0000000 10.8000002 0.0000000
vt 0.5000000 0.5000000
vn 0.1570448 -0.9793249 0.1275133
f 2452/2452/2452 2453/2453/2453 2454/2454/2454
v 0.8193793 10.3950415 -4.1192980
vt 0.5186223 0.4063796
vn 0.5711237 -0.7980792 0.1920609
v 1.2191956 10.7052603 -4.0191493
vt 0.5277090 0.4086557
vn 0.5711237 -0.7980792 0.1920609
v 0.0000000 10.8000002 0.0000000
vt 0.5000000 0.5000000
vn 0.5711237 -0.7980792 0.1920609
f 2455/2455/2455 2456/2456/2456 2457/2457/2457
v 1.2191956 10.7052603 -4.0191493
vt 0.5277090 0.4086557
vn -0.3406755 -0.9366624 -0.0812637
v 1.6072704 10.5520658 -3.8802941
vt 0.5365289 0.4118115
vn -0.3406755 -0.9366624 -0.0812637
v 0.0000000 10.8000002 0.0000000
vt 0.5000000 0.5000000
vn -0.3406755 -0.9366624 -0.0812637
f 2458/2458/2458 2459/2459/2459 2460/2460/2460
v 1.6072704 10.5520658 -3.8802941
vt 0.5365289 0.4118115
vn -0.5274253 -0.8333821 -0.1652171
v 1.9798663 10.2813234 -3.7040694
vt 0.5449970 0.4158166
vn -0.5274253 -0.8333821 -0.1652171
v 0.0000000 10.8000002 0.0000000
vt 0.5000000 0.5000000
vn -0.5274253 -0.8333821 -0.1652171
f 2461/2461/2461 2462/2462/2462 2463/2463/2463
v 1.9798663 10.2813234 -3.7040694
vt 0.5449970 0.4158166
vn 0.3628892 -0.8763686 0.3166852
v 2.3333950 10.5042849 -3.4921725
vt 0.5530317 0.4206324
vn 0.3628892 -0.8763686 0.3166852
v 0.0000000 10.8000002 0.0000000
vt 0.5000000 0.5000000
vn 0.3628892 -0.8763686 0.3166852
f 2464/2464/2464 2465/2465/2465 2466/2466/2466
v 2.3333950 10.5042849 -3.4921725
vt 0.5530317 0.4206324
vn 0.3450237 -0.8874210 0.3056838
v 2.6644518 10.7175732 -3.2466440
vt 0.5605557 0.4262126
vn 0.3450237 -0.8874210 0.3056838
v 0.0000000 10.8000002 0.0000000
vt 0.5000000 0.5000000
vn 0.3450237 -0.8874210 0.3056838
f 2467/2467/2467 2468/2468/2468 2469/2469/2469
v 2.6644518 10.7175732 -3.2466440
vt 0.5605557 0.4262126
vn -0.4432072 -0.8283258 -0.3427009
v 2.9698484 10.4396486 -2.9698484
vt 0.5674966 0.4325034
vn -0.4432072 -0.8283258 -0.3427009
v 0.0000000 10.8000002 0.0000000
vt 0.5000000 0.5000000
vn -0.4432072 -0.8283258 -0.3427009
f 2470/2470/2470 2471/2471/2471 2472/2472/2472
v 2.9698484 10.4396486 -2.9698484
vt 0.5674966 0.4325034
vn -0.2889540 -0.9412597 -0.1747446
v 3.2466440 10.2979794 -2.6644518
vt 0.5737874 0.4394443
vn -0.2889540 -0.9412597 -0.1747446
v 0.0000000 10.8000002 0.0000000
vt 0.5000000 0.5000000
vn -0.2889540 -0.9412597 -0.1747446
f 2473/2473/2473 2474/2474/2474 2475/2475/2475
v 3.2466440 10.2979794 -2.6644518
vt 0.5737874 0.4394443
vn 0.3081607 -0.7933700 0.5249771
v 3.4921725 10.6124096 -2.3333950
vt 0.5793676 0.4469683
vn 0.3081607 -0.7933700 0.5249771
v 0.0000000 10.8000002 0.0000000
vt 0.5000000 0.5000000
vn 0.3081607 -0.7933700 0.5249771
f 2476/2476/2476 2477/2477/2477 2478/2478/2478
v 3.4921725 10.6124096 -2.3333950
vt 0.5793676 0.4469683
vn 0.0429931 -0.9886686 0.1438266
v 3.7040694 10.6730537 -1.9798663
vt 0.5841834 0.4550030
vn 0.0429931 -0.9886686 0.1438266
v 0.0000000 10.8000002 0.0000000
vt 0.5000000 0.5000000
vn 0.0429931 -0.9886686 0.1438266
f 2479/2479/2479 2480/2480/2480 2481/2481/2481
v 3.7040694 10.6730537 -1.9798663
vt 0.5841834 0.4550030
vn -0.3158982 -0.7794206 -0.5410285
v 3.8802941 10.3429956 -1.6072704
vt 0.5881885 0.4634711
vn -0.3158982 -0.7794206 -0.5410285
v 0.0000000 10.8000002 0.0000000
vt 0.5000000 0.5000000
vn -0.3158982 -0.7794206 -0.5410285
f 2482/2482/2482 2483/2483/2483 2484/2484/2484
v 3.8802941 10.3429956 -1.6072704
vt 0.5881885 0.4634711
vn -0.0793013 -0.9927058 0.0908116
v 4.0191493 10.3674040 -1.2191956
vt 0.5913443 0.4722910
vn -0.0793013 -0.9927058 0.0908116
v 0.0000000 10.8000002 0.0000000
vt 0.5000000 0.5000000
vn -0.0793013 -0.9927058 0.0908116
f 2485/2485/2485 2486/2486/2486 2487/2487/2487
v 4.0191493 10.3674040 -1.2191956
vt 0.5913443 0.4722910
vn 0.1007392 -0.7853801 0.6107618
v 4.1192980 10.6911726 -0.8193793
vt 0.5936204 0.4813777
vn 0.1007392 -0.7853801 0.6107618
v 0.0000000 10.8000002 0.0000000
vt 0.5000000 0.5000000
vn 0.1007392 -0.7853801 0.6107618
f 2488/2488/2488 2489/2489/2489 2490/2490/2490
v 4.1192980 10.6911726 -0.8193793
vt 0.5936204 0.4813777
vn -0.0742145 -0.9667544 -0.2447002
v 4.1797757 10.5833330 -0.4116720
vt 0.5949949 0.4906438
vn -0.0742145 -0.9667544 -0.2447002
v 0.0000000 10.8000002 0.0000000
vt 0.5000000 0.5000000
vn -0.0742145 -0.9667544 -0.2447002
f 2491/2491/2491 2492/2492/2492 2493/2493/2493
v 4.1797757 10.5833330 -0.4116720
vt 0.5949949 0.4906438
vn -0.0383560 -0.9905225 0.1318867
v 4.1999998 10.6373634 0.0000000
vt 0.5954545 0.5000000
vn -0.0383560 -0.9905225 0.1318867
v 0.0000000 10.8000002 0.0000000
vt 0.5000000 0.5000000
vn -0.0383560 -0.9905225 0.1318867
f 2494/2494/2494 2495/2495/2495 2496/2496/2496
v 4.3947001 11.8640547 0.2158978
vt 0.5998795 0.5049068
vn 0.0822003 0.7860126 0.6127214
v 4.3523765 11.5335035 0.6456141
vt 0.5989176 0.5146730
vn 0.0822003 0.7860126 0.6127214
v 8.7576256 10.9036989 0.8625509
vt 0.6990369 0.5196034
vn 0.0822003 0.7860126 0.6127214
f 2497/2497/2497 2498/2498/2498 2499/2499/2499
v 4.3523765 11.5335035 0.6456141
vt 0.5989176 0.5146730
vn 0.1169006 0.9896930 -0.0827165
v 4.2681375 11.5788488 1.0691128
vt 0.5970031 0.5242980
vn 0.1169006 0.9896930 -0.0827165
v 8.6309109 11.1176586 1.7167948
vt 0.6961571 0.5390181
vn 0.1169006 0.9896930 -0.0827165
f 2500/2500/2500 2501/2501/2501 2502/2502/2502
v 4.2681375 11.5788488 1.0691128
vt 0.5970031 0.5242980
vn 0.3250316 0.7938277 -0.5139962
v 4.1427937 11.8977156 1.4823153
vt 0.5941544 0.5336890
vn 0.3250316 0.7938277 -0.5139962
v 8.4210749 10.8402128 2.5545051
vt 0.6913881 0.5580569
vn 0.3250316 0.7938277 -0.5139962
f 2503/2503/2503 2504/2504/2504 2505/2505/2505
v 4.1427937 11.8977156 1.4823153
vt 0.5941544 0.5336890
vn 0.1166310 0.9309959 0.3458956
v 3.9775529 11.7702017 1.8812424
vt 0.5903989 0.5427555
vn 0.1166310 0.9309959 0.3458956
v 8.1301403 10.6977482 3.3676143
vt 0.6847759 0.5765367
vn 0.1166310 0.9309959 0.3458956
f 2506/2506/2506 2507/2507/2507 2508/2508/2508
v 3.9775529 11.7702017 1.8812424
vt 0.5903989 0.5427555
vn -0.1565613 0.8281051 0.5382662
v 3.7740059 11.4841938 2.2620521
vt 0.5857729 0.5514103
vn -0.1565613 0.8281051 0.5382662
v 7.7609072 11.0119057 4.1482911
vt 0.6763843 0.5942793
vn -0.1565613 0.8281051 0.5382662
f 2509/2509/2509 2510/2510/2510 2511/2511/2511
v 3.7740059 11.4841938 2.2620521
vt 0.5857729 0.5514103
vn 0.3203849 0.9014390 -0.2911378
v 3.5341132 11.6854095 2.6210768
vt 0.5803208 0.5595699
vn 0.3203849 0.9014390 -0.2911378
v 7.3169327 11.0734158 4.8890181
vt 0.6662939 0.6111140
vn 0.3203849 0.9014390 -0.2911378
f 2512/2512/2512 2513/2513/2513 2514/2514/2514
v 3.5341132 11.6854095 2.6210768
vt 0.5803208 0.5595699
vn 0.4557172 0.8600672 -0.2293607
v 3.2601850 11.9195662 2.9548595
vt 0.5740951 0.5671559
vn 0.4557172 0.8600672 -0.2293607
v 6.8024921 10.7434072 5.5826607
vt 0.6546021 0.6268787
vn 0.4557172 0.8600672 -0.2293607
f 2515/2515/2515 2516/2516/2516 2517/2517/2517
v 3.2601850 11.9195662 2.9548595
vt 0.5740951 0.5671559
vn -0.2217399 0.8389678 0.4969552
v 2.9548595 11.6580114 3.2601850
vt 0.5671559 0.5740951
vn -0.2217399 0.8389678 0.4969552
v 6.2225399 10.7669373 6.2225399
vt 0.6414214 0.6414214
vn -0.2217399 0.8389678 0.4969552
f 2518/2518/2518 2519/2519/2519 2520/2520/2520
v 2.9548595 11.6580114 3.2601850
vt 0.5671559 0.5740951
vn -0.2123899 0.9279947 0.3061316
v 2.6210768 11.4912539 3.5341132
vt 0.5595699 0.5803208
vn -0.2123899 0.9279947 0.3061316
v 5.5826607 11.0908813 6.8024921
vt 0.6268787 0.6546021
vn -0.2123899 0.9279947 0.3061316
f 2521/2521/2521 2522/2522/2522 2523/2523/2523
v 2.6210768 11.4912539 3.5341132
vt 0.5595699 0.5803208
vn 0.5431429 0.8111584 -0.2168360
v 2.2620521 11.7957802 3.7740059
vt 0.5514103 0.5857729
vn 0.5431429 0.8111584 -0.2168360
v 4.8890181 10.9838753 7.3169327
vt 0.6111140 0.6662939
vn 0.5431429 0.8111584 -0.2168360
f 2524/2524/2524 2525/2525/2525 2526/2526/2526
v 2.2620521 11.7957802 3.7740059
vt 0.5514103 0.5857729
vn 0.2881651 0.9490567 0.1274844
v 1.8812424 11.8840647 3.9775529
vt 0.5427555 0.5903989
vn 0.2881651 0.9490567 0.1274844
v 4.1482911 10.6875048 7.7609072
vt 0.5942793 0.6763843
vn 0.2881651 0.9490567 0.1274844
f 2527/2527/2527 2528/2528/2528 2529/2529/2529
v 1.8812424 11.8840647 3.9775529
vt 0.5427555 0.5903989
vn -0.4934556 0.7877028 0.3688169
v 1.4823153 11.5567884 4.1427937
vt 0.5336890 0.5941544
vn -0.4934556 0.7877028 0.3688169
v 3.3676143 10.8708830 8.1301403
vt 0.5765367 0.6847759
vn -0.4934556 0.7877028 0.3688169
f 2530/2530/2530 2531/2531/2531 2532/2532/2532
v 1.4823153 11.5567884 4.1427937
vt 0.5336890 0.5941544
vn 0.0198049 0.9951230 0.0966334
v 1.0691128 11.5528402 4.2681375
vt 0.5242980 0.5970031
vn 0.0198049 0.9951230 0.0966334
v 2.5545051 11.1199989 8.4210749
vt 0.5580569 0.6913881
vn 0.0198049 0.9951230 0.0966334
f 2533/2533/2533 2534/2534/2534 2535/2535/2535
v 1.0691128 11.5528402 4.2681375
vt 0.5242980 0.5970031
vn 0.6162422 0.7869368 0.0312448
v 0.6456141 11.8811331 4.3523765
vt 0.5146730 0.5989176
vn 0.6162422 0.7869368 0.0312448
v 1.7167948 10.8724260 8.6309109
vt 0.5390181 0.6961571
vn 0.6162422 0.7869368 0.0312448
f 2536/2536/2536 2537/2537/2537 2538/2538/2538
v 0.6456141 11.8811331 4.3523765
vt 0.5146730 0.5989176
vn -0.1525115 0.9519616 0.2655360
v 0.2158978 11.8004837 4.3947001
vt 0.5049068 0.5998795
vn -0.1525115 0.9519616 0.2655360
v 0.8625509 10.6871071 8.7576256
vt 0.5196034 0.6990369
vn -0.1525115 0.9519616 0.2655360
f 2539/2539/2539 2540/2540/2540 2541/2541/2541
v 0.2158978 11.8004837 4.3947001
vt 0.5049068 0.5998795
vn -0.5757676 0.8084732 0.1219132
v -0.2158978 11.4929733 4.3947001
vt 0.4950932 0.5998795
vn -0.5757676 0.8084732 0.1219132
v 0.0000000 10.9824343 8.8000002
vt 0.5000000 0.7000000
vn -0.5757676 0.8084732 0.1219132
f 2542/2542/2542 2543/2543/2543 2544/2544/2544
v -0.2158978 11.4929733 4.3947001
vt 0.4950932 0.5998795
vn 0.3337900 0.9328893 0.1352844
v -0.6456141 11.6528645 4.3523765
vt 0.4853270 0.5989176
vn 0.3337900 0.9328893 0.1352844
v -0.8625509 11.0916510 8.7576256
vt 0.4803966 0.6990369
vn 0.3337900 0.9328893 0.1352844
f 2545/2545/2545 2546/2546/2546 2547/2547/2547
v -0.6456141 11.6528645 4.3523765
vt 0.4853270 0.5989176
vn 0.4675319 0.8351445 0.2897372
v -1.0691128 11.9191732 4.2681375
vt 0.4757020 0.5970031
vn 0.4675319 0.8351445 0.2897372
v -1.7167948 10.7681799 8.6309109
vt 0.4609819 0.6961571
vn 0.4675319 0.8351445 0.2897372
f 2548/2548/2548 2549/2549/2549 2550/2550/2550
v -1.0691128 11.9191732 4.2681375
vt 0.4757020 0.5970031
vn -0.4983051 0.8644300 0.0667311
v -1.4823153 11.6906567 4.1427937
vt 0.4663110 0.5941544
vn -0.4983051 0.8644300 0.0667311
v -2.5545051 10.7423182 8.4210749
vt 0.4419431 0.6913881
vn -0.4983051 0.8644300 0.0667311
f 2551/2551/2551 2552/2552/2552 2553/2553/2553
v -1.4823153 11.6906567 4.1427937
vt 0.4663110 0.5941544
vn -0.4379092 0.8964387 -0.0680674
v -1.8812424 11.4832344 3.9775529
vt 0.4572445 0.5903989
vn -0.4379092 0.8964387 -0.0680674
v -3.3676143 11.0724535 8.1301403
vt 0.4234633 0.6847759
vn -0.4379092 0.8964387 -0.0680674
f 2554/2554/2554 2555/2555/2555 2556/2556/2556
v -1.8812424 11.4832344 3.9775529
vt 0.4572445 0.5903989
vn 0.4246036 0.8317018 0.3577487
v -2.2620521 11.7652006 3.7740059
vt 0.4485897 0.5857729
vn 0.4246036 0.8317018 0.3577487
v -4.1482911 11.0132427 7.7609072
vt 0.4057207 0.6763843
vn 0.4246036 0.8317018 0.3577487
f 2557/2557/2557 2558/2558/2558 2559/2559/2559
v -2.2620521 11.7652006 3.7740059
vt 0.4485897 0.5857729
vn 0.1079600 0.9270011 0.3591847
v -2.6210768 11.8999643 3.5341132
vt 0.4404301 0.5803208
vn 0.1079600 0.9270011 0.3591847
v -4.8890181 10.6983652 7.3169327
vt 0.3888860 0.6662939
vn 0.1079600 0.9270011 0.3591847
f 2560/2560/2560 2561/2561/2561 2562/2562/2562
v -2.6210768 11.8999643 3.5341132
vt 0.4404301 0.5803208
vn -0.5544966 0.7955735 -0.2441233
v -2.9548595 11.5832701 3.2601850
vt 0.4328441 0.5740951
vn -0.5544966 0.7955735 -0.2441233
v -5.5826607 10.8387165 6.8024921
vt 0.3731213 0.6546021
vn -0.5544966 0.7955735 -0.2441233
f 2563/2563/2563 2564/2564/2564 2565/2565/2565
v -2.9548595 11.5832701 3.2601850
vt 0.4328441 0.5740951
vn -0.1556121 0.9876832 -0.0163333
v -3.2601850 11.5301161 2.9548595
vt 0.4259049 0.5671559
vn -0.1556121 0.9876832 -0.0163333
v -6.2225399 11.1174269 6.2225399
vt 0.3585786 0.6414214
vn -0.1556121 0.9876832 -0.0163333
f 2566/2566/2566 2567/2567/2567 2568/2568/2568
v -3.2601850 11.5301161 2.9548595
vt 0.4259049 0.5671559
vn 0.2726529 0.7862503 0.5545006
v -3.5341132 11.8605070 2.6210768
vt 0.4196792 0.5595699
vn 0.2726529 0.7862503 0.5545006
v -6.8024921 10.9052553 5.5826607
vt 0.3453979 0.6268787
vn 0.2726529 0.7862503 0.5545006
f 2569/2569/2569 2570/2570/2570 2571/2571/2571
v -3.5341132 11.8605070 2.6210768
vt 0.4196792 0.5595699
vn -0.2514308 0.9643878 0.0820892
v -3.7740059 11.8285236 2.2620521
vt 0.4142271 0.5514103
vn -0.2514308 0.9643878 0.0820892
v -7.3169327 10.6812191 4.8890181
vt 0.3337061 0.6111140
vn -0.2514308 0.9643878 0.0820892
f 2572/2572/2572 2573/2573/2573 2574/2574/2574
v -3.7740059 11.8285236 2.2620521
vt 0.4142271 0.5514103
vn -0.3934995 0.7947881 -0.4620281
v -3.9775529 11.5063744 1.8812424
vt 0.4096011 0.5427555
vn -0.3934995 0.7947881 -0.4620281
v -7.7609072 10.9511223 4.1482911
vt 0.3236157 0.5942793
vn -0.3934995 0.7947881 -0.4620281
f 2575/2575/2575 2576/2576/2576 2577/2577/2577
v -3.9775529 11.5063744 1.8812424
vt 0.4096011 0.5427555
vn 0.0055866 0.9614716 0.2748474
v -4.1427937 11.6213722 1.4823153
vt 0.4058456 0.5336890
vn 0.0055866 0.9614716 0.2748474
v -8.1301403 11.1056070 3.3676143
vt 0.3152241 0.5765367
vn 0.0055866 0.9614716 0.2748474
f 2578/2578/2578 2579/2579/2579 2580/2580/2580
v -4.1427937 11.6213722 1.4823153
vt 0.4058456 0.5336890
vn -0.0117564 0.8144416 0.5801266
v -4.2681375 11.9138870 1.0691128
vt 0.4029969 0.5242980
vn -0.0117564 0.8144416 0.5801266
v -8.4210749 10.7958946 2.5545051
vt 0.3086119 0.5580569
vn -0.0117564 0.8144416 0.5801266
f 2581/2581/2581 2582/2582/2582 2583/2583/2583
v -4.2681375 11.9138870 1.0691128
vt 0.4029969 0.5242980
vn -0.2947183 0.8921283 -0.3424153
v -4.3523765 11.7235117 0.6456141
vt 0.4010824 0.5146730
vn -0.2947183 0.8921283 -0.3424153
v -8.6309109 10.7212191 1.7167948
vt 0.3038429 0.5390181
vn -0.2947183 0.8921283 -0.3424153
f 2584/2584/2584 2585/2585/2585 2586/2586/2586
v -4.3523765 11.7235117 0.6456141
vt 0.4010824 0.5146730
vn -0.1557631 0.8659456 -0.4752641
v -4.3947001 11.4800539 0.2158978
vt 0.4001205 0.5049068
vn -0.1557631 0.8659456 -0.4752641
v -8.7576256 11.0501747 0.8625509
vt 0.3009631 0.5196034
vn -0.1557631 0.8659456 -0.4752641
f 2587/2587/2587 2588/2588/2588 2589/2589/2589
v -4.3947001 11.4800539 0.2158978
vt 0.4001205 0.5049068
vn -0.1102687 0.8574455 0.5026212
v -4.3947001 11.7331657 -0.2158978
vt 0.4001205 0.4950932
vn -0.1102687 0.8574455 0.5026212
v -8.8000002 11.0400820 0.0000000
vt 0.3000000 0.5000000
vn -0.1102687 0.8574455 0.5026212
f 2590/2590/2590 2591/2591/2591 2592/2592/2592
v -4.3947001 11.7331657 -0.2158978
vt 0.4001205 0.4950932
vn -0.2618912 0.9003145 0.3476306
v -4.3523765 11.9113998 -0.6456141
vt 0.4010824 0.4853270
vn -0.2618912 0.9003145 0.3476306
v -8.7576256 10.7137270 -0.8625509
vt 0.3009631 0.4803966
vn -0.2618912 0.9003145 0.3476306
f 2593/2593/2593 2594/2594/2594 2595/2595/2595
v -4.3523765 11.9113998 -0.6456141
vt 0.4010824 0.4853270
vn -0.0625459 0.8093720 -0.5839565
v -4.2681375 11.6123581 -1.0691128
vt 0.4029969 0.4757020
vn -0.0625459 0.8093720 -0.5839565
v -8.6309109 10.8079176 -1.7167948
vt 0.3038429 0.4609819
vn -0.0625459 0.8093720 -0.5839565
f 2596/2596/2596 2597/2597/2597 2598/2598/2598
v -4.2681375 11.6123581 -1.0691128
vt 0.4029969 0.4757020
vn -0.0291803 0.9688134 -0.2460675
v -4.1427937 11.5111847 -1.4823153
vt 0.4058456 0.4663110
vn -0.0291803 0.9688134 -0.2460675
v -8.4210749 11.1100006 -2.5545051
vt 0.3086119 0.4419431
vn -0.0291803 0.9688134 -0.2460675
f 2599/2599/2599 2600/2600/2600 2601/2601/2601
v -4.1427937 11.5111847 -1.4823153
vt 0.4058456 0.4663110
vn -0.3503498 0.7918569 0.5002177
v -3.9775529 11.8362970 -1.8812424
vt 0.4096011 0.4572445
vn -0.3503498 0.7918569 0.5002177
v -8.1301403 10.9379673 -3.3676143
vt 0.3152241 0.4234633
vn -0.3503498 0.7918569 0.5002177
f 2602/2602/2602 2603/2603/2603 2604/2604/2604
v -3.9775529 11.8362970 -1.8812424
vt 0.4096011 0.4572445
vn -0.2436125 0.9660448 -0.0860832
v -3.7740059 11.8536930 -2.2620521
vt 0.4142271 0.4485897
vn -0.2436125 0.9660448 -0.0860832
v -7.7609072 10.6802149 -4.1482911
vt 0.3236157 0.4057207
vn -0.2436125 0.9660448 -0.0860832
f 2605/2605/2605 2606/2606/2606 2607/2607/2607
v -3.7740059 11.8536930 -2.2620521
vt 0.4142271 0.4485897
vn 0.2194270 0.7873240 -0.5761707
v -3.5341132 11.5240974 -2.6210768
vt 0.4196792 0.4404301
vn 0.2194270 0.7873240 -0.5761707
v -7.3169327 10.9186687 -4.8890181
vt 0.3337061 0.3888860
vn 0.2194270 0.7873240 -0.5761707
f 2608/2608/2608 2609/2609/2609 2610/2610/2610
v -3.5341132 11.5240974 -2.6210768
vt 0.4196792 0.4404301
vn -0.1739597 0.9831498 0.0561648
v -3.2601850 11.5916348 -2.9548595
vt 0.4259049 0.4328441
vn -0.1739597 0.9831498 0.0561648
v -6.8024921 11.1149740 -5.5826607
vt 0.3453979 0.3731213
vn -0.1739597 0.9831498 0.0561648
f 2611/2611/2611 2612/2612/2612 2613/2613/2613
v -3.2601850 11.5916348 -2.9548595
vt 0.4259049 0.4328441
vn -0.5266855 0.7989713 0.2902538
v -2.9548595 11.9038267 -3.2601850
vt 0.4328441 0.4259049
vn -0.5266855 0.7989713 0.2902538
v -6.2225399 10.8259344 -6.2225399
vt 0.3585786 0.3585786
vn -0.5266855 0.7989713 0.2902538
f 2614/2614/2614 2615/2615/2615 2616/2616/2616
v -2.9548595 11.9038267 -3.2601850
vt 0.4328441 0.4259049
vn 0.0945388 0.9195009 -0.3815502
v -2.6210768 11.7558413 -3.5341132
vt 0.4404301 0.4196792
vn 0.0945388 0.9195009 -0.3815502
v -5.5826607 10.7041121 -6.8024921
vt 0.3731213 0.3453979
vn 0.0945388 0.9195009 -0.3815502
f 2617/2617/2617 2618/2618/2618 2619/2619/2619
v -2.6210768 11.7558413 -3.5341132
vt 0.4404301 0.4196792
vn 0.3798282 0.8388765 -0.3898934
v -2.2620521 11.4817839 -3.7740059
vt 0.4485897 0.4142271
vn 0.3798282 0.8388765 -0.3898934
v -4.8890181 11.0245438 -7.3169327
vt 0.3888860 0.3337061
vn 0.3798282 0.8388765 -0.3898934
f 2620/2620/2620 2621/2621/2621 2622/2622/2622
v -2.2620521 11.4817839 -3.7740059
vt 0.4485897 0.4142271
vn -0.4461550 0.8871328 0.1180723
v -1.8812424 11.7003908 -3.9775529
vt 0.4572445 0.4096011
vn -0.4461550 0.8871328 0.1180723
v -4.1482911 11.0637941 -7.7609072
vt 0.4057207 0.3236157
vn -0.4461550 0.8871328 0.1180723
f 2623/2623/2623 2624/2624/2624 2625/2625/2625
v -1.8812424 11.7003908 -3.9775529
vt 0.4572445 0.4096011
vn -0.4879530 0.8724037 -0.0285265
v -1.4823153 11.9181156 -4.1427937
vt 0.4663110 0.4058456
vn -0.4879530 0.8724037 -0.0285265
v -3.3676143 10.7332487 -8.1301403
vt 0.4234633 0.3152241
vn -0.4879530 0.8724037 -0.0285265
f 2626/2626/2626 2627/2627/2627 2628/2628/2628
v -1.4823153 11.9181156 -4.1427937
vt 0.4663110 0.4058456
vn 0.4497842 0.8286126 -0.3333100
v -1.0691128 11.6434031 -4.2681375
vt 0.4757020 0.4029969
vn 0.4497842 0.8286126 -0.3333100
v -2.5545051 10.7791758 -8.4210749
vt 0.4419431 0.3086119
vn 0.4497842 0.8286126 -0.3333100
f 2629/2629/2629 2630/2630/2630 2631/2631/2631
v -1.0691128 11.6434031 -4.2681375
vt 0.4757020 0.4029969
vn 0.2946540 0.9418562 -0.1615119
v -0.6456141 11.4964685 -4.3523765
vt 0.4853270 0.4010824
vn 0.2946540 0.9418562 -0.1615119
v -1.7167948 11.0978870 -8.6309109
vt 0.4609819 0.3038429
vn 0.2946540 0.9418562 -0.1615119
f 2632/2632/2632 2633/2633/2633 2634/2634/2634
v -0.6456141 11.4964685 -4.3523765
vt 0.4853270 0.4010824
vn -0.5912244 0.8037220 -0.0669682
v -0.2158978 11.8090448 -4.3947001
vt 0.4950932 0.4001205
vn -0.5912244 0.8037220 -0.0669682
v -0.8625509 10.9698315 -8.7576256
vt 0.4803966 0.3009631
vn -0.5912244 0.8037220 -0.0669682
f 2635/2635/2635 2636/2636/2636 2637/2637/2637
v -0.2158978 11.8090448 -4.3947001
vt 0.4950932 0.4001205
vn -0.1470773 0.9566202 -0.2514882
v 0.2158978 11.8754320 -4.3947001
vt 0.5049068 0.4001205
vn -0.1470773 0.9566202 -0.2514882
v -0.0000000 10.6841183 -8.8000002
vt 0.5000000 0.3000000
vn -0.1470773 0.9566202 -0.2514882
f 2638/2638/2638 2639/2639/2639 2640/2640/2640
v 0.2158978 11.8754320 -4.3947001
vt 0.5049068 0.4001205
vn 0.6117809 0.7861565 -0.0876467
v 0.6456141 11.5457487 -4.3523765
vt 0.5146730 0.4010824
vn 0.6117809 0.7861565 -0.0876467
v 0.8625509 10.8857994 -8.7576256
vt 0.5196034 0.3009631
vn 0.6117809 0.7861565 -0.0876467
f 2641/2641/2641 2642/2642/2642 2643/2643/2643
v 0.6456141 11.5457487 -4.3523765
vt 0.5146730 0.4010824
vn -0.0227601 0.9942392 -0.1047397
v 1.0691128 11.5643177 -4.2681375
vt 0.5242980 0.4029969
vn -0.0227601 0.9942392 -0.1047397
v 1.7167948 11.1195412 -8.6309109
vt 0.5390181 0.3038429
vn -0.0227601 0.9942392 -0.1047397
f 2644/2644/2644 2645/2645/2645 2646/2646/2646
v 1.0691128 11.5643177 -4.2681375
vt 0.5242980 0.4029969
vn -0.5231302 0.7893170 -0.3214245
v 1.4823153 11.8892155 -4.1427937
vt 0.5336890 0.4058456
vn -0.5231302 0.7893170 -0.3214245
v 2.5545051 10.8576279 -8.4210749
vt 0.5580569 0.3086119
vn -0.5231302 0.7893170 -0.3214245
f 2647/2647/2647 2648/2648/2648 2649/2649/2649
v 1.4823153 11.8892155 -4.1427937
vt 0.5336890 0.4058456
vn 0.3004124 0.9432806 -0.1413296
v 1.8812424 11.7869244 -3.9775529
vt 0.5427555 0.4096011
vn 0.3004124 0.9432806 -0.1413296
v 3.3676143 10.6913776 -8.1301403
vt 0.5765367 0.3152241
vn 0.3004124 0.9432806 -0.1413296
f 2650/2650/2650 2651/2651/2651 2652/2652/2652
v 1.8812424 11.7869244 -3.9775529
vt 0.5427555 0.4096011
vn 0.5540532 0.8167070 0.1612907
v 2.2620521 11.4883852 -3.7740059
vt 0.5514103 0.4142271
vn 0.5540532 0.8167070 0.1612907
v 4.1482911 10.9961319 -7.7609072
vt 0.5942793 0.3236157
vn 0.5540532 0.8167070 0.1612907
f 2653/2653/2653 2654/2654/2654 2655/2655/2655
v 2.2620521 11.4883852 -3.7740059
vt 0.5514103 0.4142271
vn -0.2597963 0.9186857 -0.2975271
v 2.6210768 11.6676064 -3.5341132
vt 0.5595699 0.4196792
vn -0.2597963 0.9186857 -0.2975271
v 4.8890181 11.0838499 -7.3169327
vt 0.6111140 0.3337061
vn -0.2597963 0.9186857 -0.2975271
f 2656/2656/2656 2657/2657/2657 2658/2658/2658
v 2.6210768 11.6676064 -3.5341132
vt 0.5595699 0.4196792
vn -0.2558447 0.8460597 -0.4676823
v 2.9548595 11.9199619 -3.2601850
vt 0.5671559 0.4259049
vn -0.2558447 0.8460597 -0.4676823
v 5.5826607 10.7564917 -6.8024921
vt 0.6268787 0.3453979
vn -0.2558447 0.8460597 -0.4676823
f 2659/2659/2659 2660/2660/2660 2661/2661/2661
v 2.9548595 11.9199619 -3.2601850
vt 0.5671559 0.4259049
vn 0.4838991 0.8524272 0.1980144
v 3.2601850 11.6757116 -2.9548595
vt 0.5740951 0.4328441
vn 0.4838991 0.8524272 0.1980144
v 6.2225399 10.7531309 -6.2225399
vt 0.6414214 0.3585786
vn 0.4838991 0.8524272 0.1980144
f 2662/2662/2662 2663/2663/2663 2664/2664/2664
v 3.2601850 11.6757116 -2.9548595
vt 0.5740951 0.4328441
vn 0.3333425 0.9108641 0.2433302
v 3.5341132 11.4862967 -2.6210768
vt 0.5803208 0.4404301
vn 0.3333425 0.9108641 0.2433302
v 6.8024921 11.0813551 -5.5826607
vt 0.6546021 0.3731213
vn 0.3333425 0.9108641 0.2433302
f 2665/2665/2665 2666/2666/2666 2667/2667/2667
v 3.5341132 11.4862967 -2.6210768
vt 0.5803208 0.4404301
vn -0.2116979 0.8216437 -0.5292313
v 3.7740059 11.7793579 -2.2620521
vt 0.5857729 0.4485897
vn -0.2116979 0.8216437 -0.5292313
v 7.3169327 11.0001364 -4.8890181
vt 0.6662939 0.3888860
vn -0.2116979 0.8216437 -0.5292313
f 2668/2668/2668 2669/2669/2669 2670/2670/2670
v 3.7740059 11.7793579 -2.2620521
vt 0.5857729 0.4485897
vn 0.0980750 0.9378414 -0.3329189
v 3.9775529 11.8932533 -1.8812424
vt 0.5903989 0.4572445
vn 0.0980750 0.9378414 -0.3329189
v 7.7609072 10.6928415 -4.1482911
vt 0.6763843 0.4057207
vn 0.0980750 0.9378414 -0.3329189
f 2671/2671/2671 2672/2672/2672 2673/2673/2673
v 3.9775529 11.8932533 -1.8812424
vt 0.5903989 0.4572445
vn 0.3719126 0.7912337 0.4854176
v 4.1427937 11.5708437 -1.4823153
vt 0.5941544 0.4663110
vn 0.3719126 0.7912337 0.4854176
v 8.1301403 10.8532467 -3.3676143
vt 0.6847759 0.4234633
vn 0.3719126 0.7912337 0.4854176
f 2674/2674/2674 2675/2675/2675 2676/2676/2676
v 4.1427937 11.5708437 -1.4823153
vt 0.5941544 0.4663110
vn 0.1146254 0.9926329 0.0392556
v 4.2681375 11.5400286 -1.0691128
vt 0.5970031 0.4757020
vn 0.1146254 0.9926329 0.0392556
v 8.4210749 11.1192064 -2.5545051
vt 0.6913881 0.4419431
vn 0.1146254 0.9926329 0.0392556
f 2677/2677/2677 2678/2678/2678 2679/2679/2679
v 4.2681375 11.5400286 -1.0691128
vt 0.5970031 0.4757020
vn 0.0252860 0.7857850 -0.6179826
v 4.3523765 11.8703794 -0.6456141
vt 0.5989176 0.4853270
vn 0.0252860 0.7857850 -0.6179826
v 8.6309109 10.8902664 -1.7167948
vt 0.6961571 0.4609819
vn 0.0252860 0.7857850 -0.6179826
f 2680/2680/2680 2681/2681/2681 2682/2682/2682
v 4.3523765 11.8703794 -0.6456141
vt 0.5989176 0.4853270
vn 0.2633782 0.9599648 0.0953912
v 4.3947001 11.8160667 -0.2158978
vt 0.5998795 0.4950932
vn 0.2633782 0.9599648 0.0953912
v 8.7576256 10.6833019 -0.8625509
vt 0.6990369 0.4803966
vn 0.2633782 0.9599648 0.0953912
f 2683/2683/2683 2684/2684/2684 2685/2685/2685
v 4.3947001 11.8160667 -0.2158978
vt 0.5998795 0.4950932
vn 0.2529101 0.9615698 -0.1068648
v 4.3947001 11.8640547 0.2158978
vt 0.5998795 0.5049068
vn 0.2529101 0.9615698 -0.1068648
v 8.8000002 10.6813879 0.0000000
vt 0.7000000 0.5000000
vn 0.2529101 0.9615698 -0.1068648
f 2686/2686/2686 2687/2687/2687 2688/2688/2688
v 8.7576256 10.9036989 0.8625509
vt 0.6990369 0.5196034
vn 0.2971003 0.9548386 0.0038491
v 13.0571299 9.5615673 1.9368423
vt 0.7967530 0.5440191
vn 0.2971003 0.9548386 0.0038491
v 13.1841002 9.5272570 0.6476933
vt 0.7996386 0.5147203
vn 0.2971003 0.9548386 0.0038491
f 2689/2689/2689 2690/2690/2690 2691/2691/2691
v 8.6309109 11.1176586 1.7167948
vt 0.6961571 0.5390181
vn 0.3036756 0.9056416 0.2959640
v 12.8044128 9.2311087 3.2073383
vt 0.7910094 0.5728941
vn 0.3036756 0.9056416 0.2959640
v 13.0571299 9.5615673 1.9368423
vt 0.7967530 0.5440191
vn 0.3036756 0.9056416 0.2959640
f 2692/2692/2692 2693/2693/2693 2694/2694/2694
v 8.4210749 10.8402128 2.5545051
vt 0.6913881 0.5580569
vn 0.3356041 0.9398772 0.0632534
v 12.4283819 9.2819538 4.4469461
vt 0.7824632 0.6010670
vn 0.3356041 0.9398772 0.0632534
v 12.8044128 9.2311087 3.2073383
vt 0.7910094 0.5728941
vn 0.3356041 0.9398772 0.0632534
f 2695/2695/2695 2696/2696/2696 2697/2697/2697
v 8.1301403 10.6977482 3.3676143
vt 0.6847759 0.5765367
vn 0.3355961 0.9356662 -0.1091064
v 11.9326582 9.5993099 5.6437273
vt 0.7711968 0.6282665
vn 0.3355961 0.9356662 -0.1091064
v 12.4283819 9.2819538 4.4469461
vt 0.7824632 0.6010670
vn 0.3355961 0.9356662 -0.1091064
f 2698/2698/2698 2699/2699/2699 2700/2700/2700
v 7.7609072 11.0119057 4.1482911
vt 0.6763843 0.5942793
vn 0.2350614 0.9431124 0.2351280
v 11.3220177 9.4666862 6.7861562
vt 0.7573186 0.6542308
vn 0.2350614 0.9431124 0.2351280
v 11.9326582 9.5993099 5.6437273
vt 0.7711968 0.6282665
vn 0.2350614 0.9431124 0.2351280
f 2701/2701/2701 2702/2702/2702 2703/2703/2703
v 7.3169327 11.0734158 4.8890181
vt 0.6662939 0.6111140
vn 0.1912765 0.9102880 0.3671362
v 10.6023397 9.1835060 7.8632307
vt 0.7409623 0.6787098
vn 0.1912765 0.9102880 0.3671362
v 11.3220177 9.4666862 6.7861562
vt 0.7573186 0.6542308
vn 0.1912765 0.9102880 0.3671362
f 2704/2704/2704 2705/2705/2705 2706/2706/2706
v 6.8024921 10.7434072 5.5826607
vt 0.6546021 0.6268787
vn 0.3355685 0.9383763 0.0827273
v 9.7805548 9.3891020 8.8645782
vt 0.7222853 0.7014677
vn 0.3355685 0.9383763 0.0827273
v 10.6023397 9.1835060 7.8632307
vt 0.7409623 0.6787098
vn 0.3355685 0.9383763 0.0827273
f 2707/2707/2707 2708/2708/2708 2709/2709/2709
v 6.2225399 10.7669373 6.2225399
vt 0.6414214 0.6414214
vn 0.3119432 0.9472232 0.0738896
v 8.8645782 9.6193027 9.7805548
vt 0.7014677 0.7222853
vn 0.3119432 0.9472232 0.0738896
v 9.7805548 9.3891020 8.8645782
vt 0.7222853 0.7014677
vn 0.3119432 0.9472232 0.0738896
f 2710/2710/2710 2711/2711/2711 2712/2712/2712
v 5.5826607 11.0908813 6.8024921
vt 0.6268787 0.6546021
vn 0.0682684 0.9222611 0.3804918
v 7.8632307 9.3543863 10.6023397
vt 0.6787098 0.7409623
vn 0.0682684 0.9222611 0.3804918
v 8.8645782 9.6193027 9.7805548
vt 0.7014677 0.7222853
vn 0.0682684 0.9222611 0.3804918
f 2713/2713/2713 2714/2714/2714 2715/2715/2715
v 4.8890181 10.9838753 7.3169327
vt 0.6111140 0.6662939
vn 0.1043933 0.9253532 0.3644495
v 6.7861562 9.1924515 11.3220177
vt 0.6542308 0.7573186
vn 0.1043933 0.9253532 0.3644495
v 7.8632307 9.3543863 10.6023397
vt 0.6787098 0.7409623
vn 0.1043933 0.9253532 0.3644495
f 2716/2716/2716 2717/2717/2717 2718/2718/2718
v 4.1482911 10.6875048 7.7609072
vt 0.5942793 0.6763843
vn 0.3292524 0.9326264 0.1476513
v 5.6437273 9.4990969 11.9326582
vt 0.6282665 0.7711968
vn 0.3292524 0.9326264 0.1476513
v 6.7861562 9.1924515 11.3220177
vt 0.6542308 0.7573186
vn 0.3292524 0.9326264 0.1476513
f 2719/2719/2719 2720/2720/2720 2721/2721/2721
v 3.3676143 10.8708830 8.1301403
vt 0.5765367 0.6847759
vn 0.1673941 0.9551245 0.2443693
v 4.4469461 9.5820122 12.4283819
vt 0.6010670 0.7824632
vn 0.1673941 0.9551245 0.2443693
v 5.6437273 9.4990969 11.9326582
vt 0.6282665 0.7711968
vn 0.1673941 0.9551245 0.2443693
f 2722/2722/2722 2723/2723/2723 2724/2724/2724
v 2.5545051 11.1199989 8.4210749
vt 0.5580569 0.6913881
vn -0.1175996 0.9072811 0.4037466
v 3.2073383 9.2540007 12.8044128
vt 0.5728941 0.7910094
vn -0.1175996 0.9072811 0.4037466
v 4.4469461 9.5820122 12.4283819
vt 0.6010670 0.7824632
vn -0.1175996 0.9072811 0.4037466
f 2725/2725/2725 2726/2726/2726 2727/2727/2727
v 1.7167948 10.8724260 8.6309109
vt 0.5390181 0.6961571
vn 0.0686763 0.9381739 0.3392833
v 1.9368423 9.2556105 13.0571299
vt 0.5440191 0.7967530
vn 0.0686763 0.9381739 0.3392833
v 3.2073383 9.2540007 12.8044128
vt 0.5728941 0.7910094
vn 0.0686763 0.9381739 0.3392833
f 2728/2728/2728 2729/2729/2729 2730/2730/2730
v 0.8625509 10.6871071 8.7576256
vt 0.5196034 0.6990369
vn 0.2613961 0.9334922 0.2454877
v 0.6476933 9.5832071 13.1841002
vt 0.5147203 0.7996386
vn 0.2613961 0.9334922 0.2454877
v 1.9368423 9.2556105 13.0571299
vt 0.5440191 0.7967530
vn 0.2613961 0.9334922 0.2454877
f 2731/2731/2731 2732/2732/2732 2733/2733/2733
v 0.0000000 10.9824343 8.8000002
vt 0.5000000 0.7000000
vn -0.0629601 0.9480346 0.3118757
v -0.6476933 9.4971790 13.1841002
vt 0.4852797 0.7996386
vn -0.0629601 0.9480346 0.3118757
v 0.6476933 9.5832071 13.1841002
vt 0.5147203 0.7996386
vn -0.0629601 0.9480346 0.3118757
f 2734/2734/2734 2735/2735/2735 2736/2736/2736
v -0.8625509 11.0916510 8.7576256
vt 0.4803966 0.6990369
vn -0.2483734 0.9074360 0.3389257
v -1.9368423 9.1917505 13.0571299
vt 0.4559809 0.7967530
vn -0.2483734 0.9074360 0.3389257
v -0.6476933 9.4971790 13.1841002
vt 0.4852797 0.7996386
vn -0.2483734 0.9074360 0.3389257
f 2737/2737/2737 2738/2738/2738 2739/2739/2739
v -1.7167948 10.7681799 8.6309109
vt 0.4609819 0.6961571
vn 0.0547328 0.9397605 0.3374234
v -3.2073383 9.3564844 12.8044128
vt 0.4271059 0.7910094
vn 0.0547328 0.9397605 0.3374234
v -1.9368423 9.1917505 13.0571299
vt 0.4559809 0.7967530
vn 0.0547328 0.9397605 0.3374234
f 2740/2740/2740 2741/2741/2741 2742/2742/2742
v -2.5545051 10.7423182 8.4210749
vt 0.4419431 0.6913881
vn 0.1049454 0.9436172 0.3139635
v -4.4469461 9.6194630 12.4283819
vt 0.3989330 0.7824632
vn 0.1049454 0.9436172 0.3139635
v -3.2073383 9.3564844 12.8044128
vt 0.4271059 0.7910094
vn 0.1049454 0.9436172 0.3139635
f 2743/2743/2743 2744/2744/2744 2745/2745/2745
v -3.3676143 11.0724535 8.1301403
vt 0.4234633 0.6847759
vn -0.2811007 0.9283429 0.2432326
v -5.6437273 9.3869629 11.9326582
vt 0.3717335 0.7711968
vn -0.2811007 0.9283429 0.2432326
v -4.4469461 9.6194630 12.4283819
vt 0.3989330 0.7824632
vn -0.2811007 0.9283429 0.2432326
f 2746/2746/2746 2747/2747/2747 2748/2748/2748
v -4.1482911 11.0132427 7.7609072
vt 0.4057207 0.6763843
vn -0.2983091 0.9206153 0.2519508
v -6.7861562 9.1838970 11.3220177
vt 0.3457692 0.7573186
vn -0.2983091 0.9206153 0.2519508
v -5.6437273 9.3869629 11.9326582
vt 0.3717335 0.7711968
vn -0.2983091 0.9206153 0.2519508
f 2749/2749/2749 2750/2750/2750 2751/2751/2751
v -4.8890181 10.6983652 7.3169327
vt 0.3888860 0.6662939
vn 0.0083600 0.9340120 0.3571439
v -7.8632307 9.4687252 10.6023397
vt 0.3212902 0.7409623
vn 0.0083600 0.9340120 0.3571439
v -6.7861562 9.1838970 11.3220177
vt 0.3457692 0.7573186
vn 0.0083600 0.9340120 0.3571439
f 2752/2752/2752 2753/2753/2753 2754/2754/2754
v -5.5826607 10.8387165 6.8024921
vt 0.3731213 0.6546021
vn -0.1063595 0.9540496 0.2801374
v -8.8645782 9.5983934 9.7805548
vt 0.2985323 0.7222853
vn -0.1063595 0.9540496 0.2801374
v -7.8632307 9.4687252 10.6023397
vt 0.3212902 0.7409623
vn -0.1063595 0.9540496 0.2801374
f 2755/2755/2755 2756/2756/2756 2757/2757/2757
v -6.2225399 11.1174269 6.2225399
vt 0.3585786 0.6414214
vn -0.4045087 0.9102661 0.0882507
v -9.7805548 9.2801514 8.8645782
vt 0.2777147 0.7014677
vn -0.4045087 0.9102661 0.0882507
v -8.8645782 9.5983934 9.7805548
vt 0.2985323 0.7222853
vn -0.4045087 0.9102661 0.0882507
f 2758/2758/2758 2759/2759/2759 2760/2760/2760
v -6.8024921 10.9052553 5.5826607
vt 0.3453979 0.6268787
vn -0.2938032 0.9354305 0.1965947
v -10.6023397 9.2324905 7.8632307
vt 0.2590377 0.6787098
vn -0.2938032 0.9354305 0.1965947
v -9.7805548 9.2801514 8.8645782
vt 0.2777147 0.7014677
vn -0.2938032 0.9354305 0.1965947
f 2761/2761/2761 2762/2762/2762 2763/2763/2763
v -7.3169327 10.6812191 4.8890181
vt 0.3337061 0.6111140
vn -0.0947657 0.9321770 0.3493790
v -11.3220177 9.5630140 6.7861562
vt 0.2426814 0.6542308
vn -0.0947657 0.9321770 0.3493790
v -10.6023397 9.2324905 7.8632307
vt 0.2590377 0.6787098
vn -0.0947657 0.9321770 0.3493790
f 2764/2764/2764 2765/2765/2765 2766/2766/2766
v -7.7609072 10.9511223 4.1482911
vt 0.3236157 0.5942793
vn -0.2823650 0.9518129 0.1196750
v -11.9326582 9.5255032 5.6437273
vt 0.2288032 0.6282665
vn -0.2823650 0.9518129 0.1196750
v -11.3220177 9.5630140 6.7861562
vt 0.2426814 0.6542308
vn -0.2823650 0.9518129 0.1196750
f 2767/2767/2767 2768/2768/2768 2769/2769/2769
v -8.1301403 11.1056070 3.3676143
vt 0.3152241 0.5765367
vn -0.4180695 0.9057403 -0.0696594
v -12.4283819 9.2046452 4.4469461
vt 0.2175368 0.6010670
vn -0.4180695 0.9057403 -0.0696594
v -11.9326582 9.5255032 5.6437273
vt 0.2288032 0.6282665
vn -0.4180695 0.9057403 -0.0696594
f 2770/2770/2770 2771/2771/2771 2772/2772/2772
v -8.4210749 10.7958946 2.5545051
vt 0.3086119 0.5580569
vn -0.2889886 0.9404773 0.1788525
v -12.8044128 9.3248377 3.2073383
vt 0.2089906 0.5728941
vn -0.2889886 0.9404773 0.1788525
v -12.4283819 9.2046452 4.4469461
vt 0.2175368 0.6010670
vn -0.2889886 0.9404773 0.1788525
f 2773/2773/2773 2774/2774/2774 2775/2775/2775
v -8.6309109 10.7212191 1.7167948
vt 0.3038429 0.5390181
vn -0.2221453 0.9400721 0.2586810
v -13.0571299 9.6147232 1.9368423
vt 0.2032470 0.5440191
vn -0.2221453 0.9400721 0.2586810
v -12.8044128 9.3248377 3.2073383
vt 0.2089906 0.5728941
vn -0.2221453 0.9400721 0.2586810
f 2776/2776/2776 2777/2777/2777 2778/2778/2778
v -8.7576256 11.0501747 0.8625509
vt 0.3009631 0.5196034
vn -0.3389851 0.9345834 -0.1079026
v -13.1841002 9.4198303 0.6476933
vt 0.2003614 0.5147203
vn -0.3389851 0.9345834 -0.1079026
v -13.0571299 9.6147232 1.9368423
vt 0.2032470 0.5440191
vn -0.3389851 0.9345834 -0.1079026
f 2779/2779/2779 2780/2780/2780 2781/2781/2781
v -8.8000002 11.0400820 0.0000000
vt 0.3000000 0.5000000
vn -0.3635752 0.9160193 -0.1694753
v -13.1841002 9.1801672 -0.6476933
vt 0.2003614 0.4852797
vn -0.3635752 0.9160193 -0.1694753
v -13.1841002 9.4198303 0.6476933
vt 0.2003614 0.5147203
vn -0.3635752 0.9160193 -0.1694753
f 2782/2782/2782 2783/2783/2783 2784/2784/2784
v -8.7576256 10.7137270 -0.8625509
vt 0.3009631 0.4803966
vn -0.3166696 0.9357680 0.1551086
v -13.0571299 9.4368181 -1.9368423
vt 0.2032470 0.4559809
vn -0.3166696 0.9357680 0.1551086
v -13.1841002 9.1801672 -0.6476933
vt 0.2003614 0.4852797
vn -0.3166696 0.9357680 0.1551086
f 2785/2785/2785 2786/2786/2786 2787/2787/2787
v -8.6309109 10.8079176 -1.7167948
vt 0.3038429 0.4609819
vn -0.2983602 0.9518344 0.0706566
v -12.8044128 9.6103458 -3.2073383
vt 0.2089906 0.4271059
vn -0.2983602 0.9518344 0.0706566
v -13.0571299 9.4368181 -1.9368423
vt 0.2032470 0.4559809
vn -0.2983602 0.9518344 0.0706566
f 2788/2788/2788 2789/2789/2789 2790/2790/2790
v -8.4210749 11.1100006 -2.5545051
vt 0.3086119 0.4419431
vn -0.2676575 0.9144614 -0.3035127
v -12.4283819 9.3089781 -4.4469461
vt 0.2175368 0.3989330
vn -0.2676575 0.9144614 -0.3035127
v -12.8044128 9.6103458 -3.2073383
vt 0.2089906 0.4271059
vn -0.2676575 0.9144614 -0.3035127
f 2791/2791/2791 2792/2792/2792 2793/2793/2793
v -8.1301403 10.9379673 -3.3676143
vt 0.3152241 0.4234633
vn -0.3028885 0.9317823 -0.2001011
v -11.9326582 9.2131100 -5.6437273
vt 0.2288032 0.3717335
vn -0.3028885 0.9317823 -0.2001011
v -12.4283819 9.3089781 -4.4469461
vt 0.2175368 0.3989330
vn -0.3028885 0.9317823 -0.2001011
f 2794/2794/2794 2795/2795/2795 2796/2796/2796
v -7.7609072 10.6802149 -4.1482911
vt 0.3236157 0.4057207
vn -0.3549912 0.9317594 0.0761959
v -11.3220177 9.5391817 -6.7861562
vt 0.2426814 0.3457692
vn -0.3549912 0.9317594 0.0761959
v -11.9326582 9.2131100 -5.6437273
vt 0.2288032 0.3717335
vn -0.3549912 0.9317594 0.0761959
f 2797/2797/2797 2798/2798/2798 2799/2799/2799
v -7.3169327 10.9186687 -4.8890181
vt 0.3337061 0.3888860
vn -0.2534265 0.9542244 -0.1588421
v -10.6023397 9.5510244 -7.8632307
vt 0.2590377 0.3212902
vn -0.2534265 0.9542244 -0.1588421
v -11.3220177 9.5391817 -6.7861562
vt 0.2426814 0.3457692
vn -0.2534265 0.9542244 -0.1588421
f 2800/2800/2800 2801/2801/2801 2802/2802/2802
v -6.8024921 11.1149740 -5.5826607
vt 0.3453979 0.3731213
vn -0.1300010 0.9053572 -0.4042625
v -9.7805548 9.2219009 -8.8645782
vt 0.2777147 0.2985323
vn -0.1300010 0.9053572 -0.4042625
v -10.6023397 9.5510244 -7.8632307
vt 0.2590377 0.3212902
vn -0.1300010 0.9053572 -0.4042625
f 2803/2803/2803 2804/2804/2804 2805/2805/2805
v -6.2225399 10.8259344 -6.2225399
vt 0.3585786 0.3585786
vn -0.2751869 0.9402977 -0.2002809
v -8.8645782 9.2948694 -9.7805548
vt 0.2985323 0.2777147
vn -0.2751869 0.9402977 -0.2002809
v -9.7805548 9.2219009 -8.8645782
vt 0.2777147 0.2985323
vn -0.2751869 0.9402977 -0.2002809
f 2806/2806/2806 2807/2807/2807 2808/2808/2808
v -5.5826607 10.7041121 -6.8024921
vt 0.3731213 0.3453979
vn -0.3435185 0.9369088 -0.0647846
v -7.8632307 9.6051903 -10.6023397
vt 0.3212902 0.2590377
vn -0.3435185 0.9369088 -0.0647846
v -8.8645782 9.2948694 -9.7805548
vt 0.2985323 0.2777147
vn -0.3435185 0.9369088 -0.0647846
f 2809/2809/2809 2810/2810/2810 2811/2811/2811
v -4.8890181 11.0245438 -7.3169327
vt 0.3888860 0.3337061
vn -0.0859609 0.9405750 -0.3285263
v -6.7861562 9.4522552 -11.3220177
vt 0.3457692 0.2426814
vn -0.0859609 0.9405750 -0.3285263
v -7.8632307 9.6051903 -10.6023397
vt 0.3212902 0.2590377
vn -0.0859609 0.9405750 -0.3285263
f 2812/2812/2812 2813/2813/2813 2814/2814/2814
v -4.1482911 11.0637941 -7.7609072
vt 0.4057207 0.3236157
vn -0.0031033 0.9119111 -0.4103760
v -5.6437273 9.1813440 -11.9326582
vt 0.3717335 0.2288032
vn -0.0031033 0.9119111 -0.4103760
v -6.7861562 9.4522552 -11.3220177
vt 0.3457692 0.2426814
vn -0.0031033 0.9119111 -0.4103760
f 2815/2815/2815 2816/2816/2816 2817/2817/2817
v -3.3676143 10.7332487 -8.1301403
vt 0.4234633 0.3152241
vn -0.2668474 0.9376007 -0.2229291
v -4.4469461 9.4040899 -12.4283819
vt 0.3989330 0.2175368
vn -0.2668474 0.9376007 -0.2229291
v -5.6437273 9.1813440 -11.9326582
vt 0.3717335 0.2288032
vn -0.2668474 0.9376007 -0.2229291
f 2818/2818/2818 2819/2819/2819 2820/2820/2820
v -2.5545051 10.7791758 -8.4210749
vt 0.4419431 0.3086119
vn -0.2293292 0.9487894 -0.2172718
v -3.2073383 9.6176014 -12.8044128
vt 0.4271059 0.2089906
vn -0.2293292 0.9487894 -0.2172718
v -4.4469461 9.4040899 -12.4283819
vt 0.3989330 0.2175368
vn -0.2293292 0.9487894 -0.2172718
f 2821/2821/2821 2822/2822/2822 2823/2823/2823
v -1.7167948 11.0978870 -8.6309109
vt 0.4609819 0.3038429
vn 0.1271445 0.9196472 -0.3715956
v -1.9368423 9.3398371 -13.0571299
vt 0.4559809 0.2032470
vn 0.1271445 0.9196472 -0.3715956
v -3.2073383 9.6176014 -12.8044128
vt 0.4271059 0.2089906
vn 0.1271445 0.9196472 -0.3715956
f 2824/2824/2824 2825/2825/2825 2826/2826/2826
v -0.8625509 10.9698315 -8.7576256
vt 0.4803966 0.3009631
vn 0.0658620 0.9274629 -0.3680690
v -0.6476933 9.1979017 -13.1841002
vt 0.4852797 0.2003614
vn 0.0658620 0.9274629 -0.3680690
v -1.9368423 9.3398371 -13.0571299
vt 0.4559809 0.2032470
vn 0.0658620 0.9274629 -0.3680690
f 2827/2827/2827 2828/2828/2828 2829/2829/2829
v -0.0000000 10.6841183 -8.8000002
vt 0.5000000 0.3000000
vn -0.2262052 0.9321867 -0.2825938
v 0.6476933 9.5122414 -13.1841002
vt 0.5147203 0.2003614
vn -0.2262052 0.9321867 -0.2825938
v -0.6476933 9.1979017 -13.1841002
vt 0.4852797 0.2003614
vn -0.2262052 0.9321867 -0.2825938
f 2830/2830/2830 2831/2831/2831 2832/2832/2832
v 0.8625509 10.8857994 -8.7576256
vt 0.5196034 0.3009631
vn -0.0160316 0.9551722 -0.2956167
v 1.9368423 9.5731745 -13.0571299
vt 0.5440191 0.2032470
vn -0.0160316 0.9551722 -0.2956167
v 0.6476933 9.5122414 -13.1841002
vt 0.5147203 0.2003614
vn -0.0160316 0.9551722 -0.2956167
f 2833/2833/2833 2834/2834/2834 2835/2835/2835
v 1.7167948 11.1195412 -8.6309109
vt 0.5390181 0.3038429
vn 0.2955129 0.9063621 -0.3019601
v 3.2073383 9.2431326 -12.8044128
vt 0.5728941 0.2089906
vn 0.2955129 0.9063621 -0.3019601
v 1.9368423 9.5731745 -13.0571299
vt 0.5440191 0.2032470
vn 0.2955129 0.9063621 -0.3019601
f 2836/2836/2836 2837/2837/2837 2838/2838/2838
v 2.5545051 10.8576279 -8.4210749
vt 0.5580569 0.3086119
vn 0.0829092 0.9390832 -0.3335402
v 4.4469461 9.2672482 -12.4283819
vt 0.6010670 0.2175368
vn 0.0829092 0.9390832 -0.3335402
v 3.2073383 9.2431326 -12.8044128
vt 0.5728941 0.2089906
vn 0.0829092 0.9390832 -0.3335402
f 2839/2839/2839 2840/2840/2840 2841/2841/2841
v 3.3676143 10.6913776 -8.1301403
vt 0.5765367 0.3152241
vn -0.1128535 0.9343822 -0.3379260
v 5.6437273 9.5910759 -11.9326582
vt 0.6282665 0.2288032
vn -0.1128535 0.9343822 -0.3379260
v 4.4469461 9.2672482 -12.4283819
vt 0.6010670 0.2175368
vn -0.1128535 0.9343822 -0.3379260
f 2842/2842/2842 2843/2843/2843 2844/2844/2844
v 4.1482911 10.9961319 -7.7609072
vt 0.5942793 0.3236157
vn 0.2176461 0.9459161 -0.2405679
v 6.7861562 9.4835138 -11.3220177
vt 0.6542308 0.2426814
vn 0.2176461 0.9459161 -0.2405679
v 5.6437273 9.5910759 -11.9326582
vt 0.6282665 0.2288032
vn 0.2176461 0.9459161 -0.2405679
f 2845/2845/2845 2846/2846/2846 2847/2847/2847
v 4.8890181 11.0838499 -7.3169327
vt 0.6111140 0.3337061
vn 0.3740062 0.9086043 -0.1858964
v 7.8632307 9.1874037 -10.6023397
vt 0.6787098 0.2590377
vn 0.3740062 0.9086043 -0.1858964
v 6.7861562 9.4835138 -11.3220177
vt 0.6542308 0.2426814
vn 0.3740062 0.9086043 -0.1858964
f 2848/2848/2848 2849/2849/2849 2850/2850/2850
v 5.5826607 10.7564917 -6.8024921
vt 0.6268787 0.3453979
vn 0.0977031 0.9391963 -0.3291877
v 8.8645782 9.3712702 -9.7805548
vt 0.7014677 0.2777147
vn 0.0977031 0.9391963 -0.3291877
v 7.8632307 9.1874037 -10.6023397
vt 0.6787098 0.2590377
vn 0.0977031 0.9391963 -0.3291877
f 2851/2851/2851 2852/2852/2852 2853/2853/2853
v 6.2225399 10.7531309 -6.2225399
vt 0.6414214 0.3585786
vn 0.0633780 0.9452739 -0.3200633
v 9.7805548 9.6199999 -8.8645782
vt 0.7222853 0.2985323
vn 0.0633780 0.9452739 -0.3200633
v 8.8645782 9.3712702 -9.7805548
vt 0.7014677 0.2777147
vn 0.0633780 0.9452739 -0.3200633
f 2854/2854/2854 2855/2855/2855 2856/2856/2856
v 6.8024921 11.0813551 -5.5826607
vt 0.6546021 0.3731213
vn 0.3711026 0.9255281 -0.0753701
v 10.6023397 9.3720388 -7.8632307
vt 0.7409623 0.3212902
vn 0.3711026 0.9255281 -0.0753701
v 9.7805548 9.6199999 -8.8645782
vt 0.7222853 0.2985323
vn 0.3711026 0.9255281 -0.0753701
f 2857/2857/2857 2858/2858/2858 2859/2859/2859
v 7.3169327 11.0001364 -4.8890181
vt 0.6662939 0.3888860
vn 0.3742580 0.9227780 -0.0917159
v 11.3220177 9.1872053 -6.7861562
vt 0.7573186 0.3457692
vn 0.3742580 0.9227780 -0.0917159
v 10.6023397 9.3720388 -7.8632307
vt 0.7409623 0.3212902
vn 0.3742580 0.9227780 -0.0917159
f 2860/2860/2860 2861/2861/2861 2862/2862/2862
v 7.7609072 10.6928415 -4.1482911
vt 0.6763843 0.4057207
vn 0.1545399 0.9333185 -0.3240895
v 11.9326582 9.4827967 -5.6437273
vt 0.7711968 0.3717335
vn 0.1545399 0.9333185 -0.3240895
v 11.3220177 9.1872053 -6.7861562
vt 0.7573186 0.3457692
vn 0.1545399 0.9333185 -0.3240895
f 2863/2863/2863 2864/2864/2864 2865/2865/2865
v 8.1301403 10.8532467 -3.3676143
vt 0.6847759 0.4234633
vn 0.2341397 0.9546967 -0.1836656
v 12.4283819 9.5914583 -4.4469461
vt 0.7824632 0.3989330
vn 0.2341397 0.9546967 -0.1836656
v 11.9326582 9.4827967 -5.6437273
vt 0.7711968 0.3717335
vn 0.2341397 0.9546967 -0.1836656
f 2866/2866/2866 2867/2867/2867 2868/2868/2868
v 8.4210749 11.1192064 -2.5545051
vt 0.6913881 0.4419431
vn 0.4010290 0.9087459 0.1155711
v 12.8044128 9.2678671 -3.2073383
vt 0.7910094 0.4271059
vn 0.4010290 0.9087459 0.1155711
v 12.4283819 9.5914583 -4.4469461
vt 0.7824632 0.3989330
vn 0.4010290 0.9087459 0.1155711
f 2869/2869/2869 2870/2870/2870 2871/2871/2871
v 8.6309109 10.8902664 -1.7167948
vt 0.6961571 0.4609819
vn 0.3462311 0.9368035 -0.0502321
v 13.0571299 9.2425909 -1.9368423
vt 0.7967530 0.4559809
vn 0.3462311 0.9368035 -0.0502321
v 12.8044128 9.2678671 -3.2073383
vt 0.7910094 0.4271059
vn 0.3462311 0.9368035 -0.0502321
f 2872/2872/2872 2873/2873/2873 2874/2874/2874
v 8.7576256 10.6833019 -0.8625509
vt 0.6990369 0.4803966
vn 0.2467785 0.9326651 -0.2631277
v 13.1841002 9.5726957 -0.6476933
vt 0.7996386 0.4852797
vn 0.2467785 0.9326651 -0.2631277
v 13.0571299 9.2425909 -1.9368423
vt 0.7967530 0.4559809
vn 0.2467785 0.9326651 -0.2631277
f 2875/2875/2875 2876/2876/2876 2877/2877/2877
v 8.8000002 10.6813879 0.0000000
vt 0.7000000 0.5000000
vn 0.2497404 0.9677177 0.0339450
v 13.1841002 9.5272570 0.6476933
vt 0.7996386 0.5147203
vn 0.2497404 0.9677177 0.0339450
v 13.1841002 9.5726957 -0.6476933
vt 0.7996386 0.4852797
vn 0.2497404 0.9677177 0.0339450
f 2878/2878/2878 2879/2879/2879 2880/2880/2880
v 13.1841002 9.5272570 0.6476933
vt 0.7996386 0.5147203
vn 0.5281838 0.8486198 0.0294359
v 13.0571299 9.5615673 1.9368423
vt 0.7967530 0.5440191
vn 0.5281838 0.8486198 0.0294359
v 17.2166958 6.9810042 1.6956965
vt 0.8912885 0.5385386
vn 0.5281838 0.8486198 0.0294359
f 2881/2881/2881 2882/2882/2882 2883/2883/2883
v 13.0571299 9.5615673 1.9368423
vt 0.7967530 0.5440191
vn 0.4064077 0.8613279 0.3048725
v 12.8044128 9.2311087 3.2073383
vt 0.7910094 0.5728941
vn 0.4064077 0.8613279 0.3048725
v 16.9675846 7.2073970 3.3750625
vt 0.8856269 0.5767060
vn 0.4064077 0.8613279 0.3048725
f 2884/2884/2884 2885/2885/2885 2886/2886/2886
v 12.8044128 9.2311087 3.2073383
vt 0.7910094 0.5728941
vn 0.4005943 0.9123882 0.0840954
v 12.4283819 9.2819538 4.4469461
vt 0.7824632 0.6010670
vn 0.4005943 0.9123882 0.0840954
v 16.5550671 7.4170899 5.0219250
vt 0.8762515 0.6141347
vn 0.4005943 0.9123882 0.0840954
f 2887/2887/2887 2888/2888/2888 2889/2889/2889
v 12.4283819 9.2819538 4.4469461
vt 0.7824632 0.6010670
vn 0.5213011 0.8533101 -0.0103460
v 11.9326582 9.5993099 5.6437273
vt 0.7711968 0.6282665
vn 0.5213011 0.8533101 -0.0103460
v 15.9831161 7.1366611 6.6204233
vt 0.8632526 0.6504642
vn 0.5213011 0.8533101 -0.0103460
f 2890/2890/2890 2891/2891/2891 2892/2892/2892
v 11.9326582 9.5993099 5.6437273
vt 0.7711968 0.6282665
vn 0.4196417 0.8483566 0.3227880
v 11.3220177 9.4666862 6.7861562
vt 0.7573186 0.6542308
vn 0.4196417 0.8483566 0.3227880
v 15.2572374 6.9992318 8.1551638
vt 0.8467554 0.6853446
vn 0.4196417 0.8483566 0.3227880
f 2893/2893/2893 2894/2894/2894 2895/2895/2895
v 11.3220177 9.4666862 6.7861562
vt 0.7573186 0.6542308
vn 0.2509395 0.8817232 0.3994916
v 10.6023397 9.1835060 7.8632307
vt 0.7409623 0.6787098
vn 0.2509395 0.8817232 0.3994916
v 14.3844242 7.3150744 9.6113653
vt 0.8269187 0.7184401
vn 0.2509395 0.8817232 0.3994916
f 2896/2896/2896 2897/2897/2897 2898/2898/2898
v 10.6023397 9.1835060 7.8632307
vt 0.7409623 0.6787098
vn 0.4131492 0.8974087 0.1548076
v 9.7805548 9.3891020 8.8645782
vt 0.7222853 0.7014677
vn 0.4131492 0.8974087 0.1548076
v 13.3730812 7.3711147 10.9750042
vt 0.8039337 0.7494319
vn 0.4131492 0.8974087 0.1548076
f 2899/2899/2899 2900/2900/2900 2901/2901/2901
v 9.7805548 9.3891020 8.8645782
vt 0.7222853 0.7014677
vn 0.4655757 0.8482549 0.2523945
v 8.8645782 9.6193027 9.7805548
vt 0.7014677 0.7222853
vn 0.4655757 0.8482549 0.2523945
v 12.2329473 7.0408311 12.2329473
vt 0.7780215 0.7780215
vn 0.4655757 0.8482549 0.2523945
f 2902/2902/2902 2903/2903/2903 2904/2904/2904
v 8.8645782 9.6193027 9.7805548
vt 0.7014677 0.7222853
vn 0.1821073 0.8492123 0.4956564
v 7.8632307 9.3543863 10.6023397
vt 0.6787098 0.7409623
vn 0.1821073 0.8492123 0.4956564
v 10.9750042 7.0699015 13.3730812
vt 0.7494319 0.8039337
vn 0.1821073 0.8492123 0.4956564
f 2905/2905/2905 2906/2906/2906 2907/2907/2907
v 7.8632307 9.3543863 10.6023397
vt 0.6787098 0.7409623
vn 0.1354875 0.9037209 0.4061179
v 6.7861562 9.1924515 11.3220177
vt 0.6542308 0.7573186
vn 0.1354875 0.9037209 0.4061179
v 9.6113653 7.3926940 14.3844242
vt 0.7184401 0.8269187
vn 0.1354875 0.9037209 0.4061179
f 2908/2908/2908 2909/2909/2909 2910/2910/2910
v 6.7861562 9.1924515 11.3220177
vt 0.6542308 0.7573186
vn 0.3893939 0.8744275 0.2893940
v 5.6437273 9.4990969 11.9326582
vt 0.6282665 0.7711968
vn 0.3893939 0.8744275 0.2893940
v 8.1551638 7.2804437 15.2572374
vt 0.6853446 0.8467554
vn 0.3893939 0.8744275 0.2893940
f 2911/2911/2911 2912/2912/2912 2913/2913/2913
v 5.6437273 9.4990969 11.9326582
vt 0.6282665 0.7711968
vn 0.2516485 0.8484527 0.4656191
v 4.4469461 9.5820122 12.4283819
vt 0.6010670 0.7824632
vn 0.2516485 0.8484527 0.4656191
v 6.6204233 6.9865766 15.9831161
vt 0.6504642 0.8632526
vn 0.2516485 0.8484527 0.4656191
f 2914/2914/2914 2915/2915/2915 2916/2916/2916
v 4.4469461 9.5820122 12.4283819
vt 0.6010670 0.7824632
vn -0.0720711 0.8571089 0.5100689
v 3.2073383 9.2540007 12.8044128
vt 0.5728941 0.7910094
vn -0.0720711 0.8571089 0.5100689
v 5.0219250 7.1745534 16.5550671
vt 0.6141347 0.8762515
vn -0.0720711 0.8571089 0.5100689
f 2917/2917/2917 2918/2918/2918 2919/2919/2919
v 3.2073383 9.2540007 12.8044128
vt 0.5728941 0.7910094
vn 0.0805469 0.9133544 0.3991189
v 1.9368423 9.2556105 13.0571299
vt 0.5440191 0.7967530
vn 0.0805469 0.9133544 0.3991189
v 3.3750625 7.4199805 16.9675846
vt 0.5767060 0.8856269
vn 0.0805469 0.9133544 0.3991189
f 2920/2920/2920 2921/2921/2921 2922/2922/2922
v 1.9368423 9.2556105 13.0571299
vt 0.5440191 0.7967530
vn 0.2614860 0.8565595 0.4448944
v 0.6476933 9.5832071 13.1841002
vt 0.5147203 0.7996386
vn 0.2614860 0.8565595 0.4448944
v 1.6956965 7.1687603 17.2166958
vt 0.5385386 0.8912885
vn 0.2614860 0.8565595 0.4448944
f 2923/2923/2923 2924/2924/2924 2925/2925/2925
v 0.6476933 9.5832071 13.1841002
vt 0.5147203 0.7996386
vn -0.0563517 0.8485276 0.5261420
v -0.6476933 9.4971790 13.1841002
vt 0.4852797 0.7996386
vn -0.0563517 0.8485276 0.5261420
v 0.0000000 6.9880695 17.2999992
vt 0.5000000 0.8931818
vn -0.0563517 0.8485276 0.5261420
f 2926/2926/2926 2927/2927/2927 2928/2928/2928
v -0.6476933 9.4971790 13.1841002
vt 0.4852797 0.7996386
vn -0.2482469 0.8751234 0.4153703
v -1.9368423 9.1917505 13.0571299
vt 0.4559809 0.7967530
vn -0.2482469 0.8751234 0.4153703
v -1.6956965 7.2858520 17.2166958
vt 0.4614614 0.8912885
vn -0.2482469 0.8751234 0.4153703
f 2929/2929/2929 2930/2930/2930 2931/2931/2931
v -1.9368423 9.1917505 13.0571299
vt 0.4559809 0.7967530
vn 0.0319846 0.9032261 0.4279715
v -3.2073383 9.3564844 12.8044128
vt 0.4271059 0.7910094
vn 0.0319846 0.9032261 0.4279715
v -3.3750625 7.3898072 16.9675846
vt 0.4232940 0.8856269
vn 0.0319846 0.9032261 0.4279715
f 2932/2932/2932 2933/2933/2933 2934/2934/2934
v -3.2073383 9.3564844 12.8044128
vt 0.4271059 0.7910094
vn 0.0198641 0.8488923 0.5281926
v -4.4469461 9.6194630 12.4283819
vt 0.3989330 0.7824632
vn 0.0198641 0.8488923 0.5281926
v -5.0219250 7.0652366 16.5550671
vt 0.3858653 0.8762515
vn 0.0198641 0.8488923 0.5281926
f 2935/2935/2935 2936/2936/2936 2937/2937/2937
v -4.4469461 9.6194630 12.4283819
vt 0.3989330 0.7824632
vn -0.3346407 0.8485117 0.4099312
v -5.6437273 9.3869629 11.9326582
vt 0.3717335 0.7711968
vn -0.3346407 0.8485117 0.4099312
v -6.6204233 7.0449195 15.9831161
vt 0.3495358 0.8632526
vn -0.3346407 0.8485117 0.4099312
f 2938/2938/2938 2939/2939/2939 2940/2940/2940
v -5.6437273 9.3869629 11.9326582
vt 0.3717335 0.7711968
vn -0.3206615 0.8979980 0.3012905
v -6.7861562 9.1838970 11.3220177
vt 0.3457692 0.7573186
vn -0.3206615 0.8979980 0.3012905
v -8.1551638 7.3747258 15.2572374
vt 0.3146554 0.8467554
vn -0.3206615 0.8979980 0.3012905
f 2941/2941/2941 2942/2942/2942 2943/2943/2943
v -6.7861562 9.1838970 11.3220177
vt 0.3457692 0.7573186
vn -0.0787059 0.8810250 0.4664765
v -7.8632307 9.4687252 10.6023397
vt 0.3212902 0.7409623
vn -0.0787059 0.8810250 0.4664765
v -9.6113653 7.3100553 14.3844242
vt 0.2815599 0.8269187
vn -0.0787059 0.8810250 0.4664765
f 2944/2944/2944 2945/2945/2945 2946/2946/2946
v -7.8632307 9.4687252 10.6023397
vt 0.3212902 0.7409623
vn -0.2660070 0.8482345 0.4579720
v -8.8645782 9.5983934 9.7805548
vt 0.2985323 0.7222853
vn -0.2660070 0.8482345 0.4579720
v -10.9750042 6.9969144 13.3730812
vt 0.2505681 0.8039337
vn -0.2660070 0.8482345 0.4579720
f 2947/2947/2947 2948/2948/2948 2949/2949/2949
v -8.8645782 9.5983934 9.7805548
vt 0.2985323 0.7222853
vn -0.4852443 0.8537949 0.1886064
v -9.7805548 9.2801514 8.8645782
vt 0.2777147 0.7014677
vn -0.4852443 0.8537949 0.1886064
v -12.2329473 7.1422777 12.2329473
vt 0.2219785 0.7780215
vn -0.4852443 0.8537949 0.1886064
f 2950/2950/2950 2951/2951/2951 2952/2952/2952
v -9.7805548 9.2801514 8.8645782
vt 0.2777147 0.7014677
vn -0.3363698 0.9125484 0.2326174
v -10.6023397 9.2324905 7.8632307
vt 0.2590377 0.6787098
vn -0.3363698 0.9125484 0.2326174
v -13.3730812 7.4179602 10.9750042
vt 0.1960663 0.7494319
vn -0.3363698 0.9125484 0.2326174
f 2953/2953/2953 2954/2954/2954 2955/2955/2955
v -10.6023397 9.2324905 7.8632307
vt 0.2590377 0.6787098
vn -0.2598568 0.8607203 0.4377613
v -11.3220177 9.5630140 6.7861562
vt 0.2426814 0.6542308
vn -0.2598568 0.8607203 0.4377613
v -14.3844242 7.2015567 9.6113653
vt 0.1730813 0.7184401
vn -0.2598568 0.8607203 0.4377613
f 2956/2956/2956 2957/2957/2957 2958/2958/2958
v -11.3220177 9.5630140 6.7861562
vt 0.2426814 0.6542308
vn -0.4775762 0.8486508 0.2274048
v -11.9326582 9.5255032 5.6437273
vt 0.2288032 0.6282665
vn -0.4775762 0.8486508 0.2274048
v -15.2572374 6.9816384 8.1551638
vt 0.1532446 0.6853446
vn -0.4775762 0.8486508 0.2274048
f 2959/2959/2959 2960/2960/2960 2961/2961/2961
v -11.9326582 9.5255032 5.6437273
vt 0.2288032 0.6282665
vn -0.4940148 0.8689913 -0.0283494
v -12.4283819 9.2046452 4.4469461
vt 0.2175368 0.6010670
vn -0.4940148 0.8689913 -0.0283494
v -15.9831161 7.2547126 6.6204233
vt 0.1367474 0.6504642
vn -0.4940148 0.8689913 -0.0283494
f 2962/2962/2962 2963/2963/2963 2964/2964/2964
v -12.4283819 9.2046452 4.4469461
vt 0.2175368 0.6010670
vn -0.3683034 0.9079910 0.1997625
v -12.8044128 9.3248377 3.2073383
vt 0.2089906 0.5728941
vn -0.3683034 0.9079910 0.1997625
v -16.5550671 7.4042625 5.0219250
vt 0.1237485 0.6141347
vn -0.3683034 0.9079910 0.1997625
f 2965/2965/2965 2966/2966/2966 2967/2967/2967
v -12.8044128 9.3248377 3.2073383
vt 0.2089906 0.5728941
vn -0.4444449 0.8501359 0.2823786
v -13.0571299 9.6147232 1.9368423
vt 0.2032470 0.5440191
vn -0.4444449 0.8501359 0.2823786
v -16.9675846 7.0926509 3.3750625
vt 0.1143731 0.5767060
vn -0.4444449 0.8501359 0.2823786
f 2968/2968/2968 2969/2969/2969 2970/2970/2970
v -13.0571299 9.6147232 1.9368423
vt 0.2032470 0.5440191
vn -0.5240060 0.8482603 -0.0766294
v -13.1841002 9.4198303 0.6476933
vt 0.2003614 0.5147203
vn -0.5240060 0.8482603 -0.0766294
v -17.2166958 7.0234003 1.6956965
vt 0.1087115 0.5385386
vn -0.5240060 0.8482603 -0.0766294
f 2971/2971/2971 2972/2972/2972 2973/2973/2973
v -13.1841002 9.4198303 0.6476933
vt 0.2003614 0.5147203
vn -0.4217810 0.8915672 -0.1649514
v -13.1841002 9.1801672 -0.6476933
vt 0.2003614 0.4852797
vn -0.4217810 0.8915672 -0.1649514
v -17.2999992 7.3528566 0.0000000
vt 0.1068182 0.5000000
vn -0.4217810 0.8915672 -0.1649514
f 2974/2974/2974 2975/2975/2975 2976/2976/2976
v -13.1841002 9.1801672 -0.6476933
vt 0.2003614 0.4852797
vn -0.4404150 0.8878318 0.1333773
v -13.0571299 9.4368181 -1.9368423
vt 0.2032470 0.4559809
vn -0.4404150 0.8878318 0.1333773
v -17.2166958 7.3372102 -1.6956965
vt 0.1087115 0.4614614
vn -0.4404150 0.8878318 0.1333773
f 2977/2977/2977 2978/2978/2978 2979/2979/2979
v -13.0571299 9.4368181 -1.9368423
vt 0.2032470 0.4559809
vn -0.5297716 0.8480760 0.0104545
v -12.8044128 9.6103458 -3.2073383
vt 0.2089906 0.4271059
vn -0.5297716 0.8480760 0.0104545
v -16.9675846 7.0117855 -3.3750625
vt 0.1143731 0.4232940
vn -0.5297716 0.8480760 0.0104545
f 2980/2980/2980 2981/2981/2981 2982/2982/2982
v -12.8044128 9.6103458 -3.2073383
vt 0.2089906 0.4271059
vn -0.4073409 0.8513601 -0.3305442
v -12.4283819 9.3089781 -4.4469461
vt 0.2175368 0.3989330
vn -0.4073409 0.8513601 -0.3305442
v -16.5550671 7.1112905 -5.0219250
vt 0.1237485 0.3858653
vn -0.4073409 0.8513601 -0.3305442
f 2983/2983/2983 2984/2984/2984 2985/2985/2985
v -12.4283819 9.3089781 -4.4469461
vt 0.2175368 0.3989330
vn -0.3521221 0.9100316 -0.2187520
v -11.9326582 9.2131100 -5.6437273
vt 0.2288032 0.3717335
vn -0.3521221 0.9100316 -0.2187520
v -15.9831161 7.4110737 -6.6204233
vt 0.1367474 0.3495358
vn -0.3521221 0.9100316 -0.2187520
f 2986/2986/2986 2987/2987/2987 2988/2988/2988
v -11.9326582 9.2131100 -5.6437273
vt 0.2288032 0.3717335
vn -0.5000553 0.8657583 -0.0201805
v -11.3220177 9.5391817 -6.7861562
vt 0.2426814 0.3457692
vn -0.5000553 0.8657583 -0.0201805
v -15.2572374 7.2343183 -8.1551638
vt 0.1532446 0.3146554
vn -0.5000553 0.8657583 -0.0201805
f 2989/2989/2989 2990/2990/2990 2991/2991/2991
v -11.3220177 9.5391817 -6.7861562
vt 0.2426814 0.3457692
vn -0.4440605 0.8486594 -0.2873804
v -10.6023397 9.5510244 -7.8632307
vt 0.2590377 0.3212902
vn -0.4440605 0.8486594 -0.2873804
v -14.3844242 6.9800825 -9.6113653
vt 0.1730813 0.2815599
vn -0.4440605 0.8486594 -0.2873804
f 2992/2992/2992 2993/2993/2993 2994/2994/2994
v -10.6023397 9.5510244 -7.8632307
vt 0.2590377 0.3212902
vn -0.2117931 0.8635426 -0.4576438
v -9.7805548 9.2219009 -8.8645782
vt 0.2777147 0.2985323
vn -0.2117931 0.8635426 -0.4576438
v -13.3730812 7.2223520 -10.9750042
vt 0.1960663 0.2505681
vn -0.2117931 0.8635426 -0.4576438
f 2995/2995/2995 2996/2996/2996 2997/2997/2997
v -9.7805548 9.2219009 -8.8645782
vt 0.2777147 0.2985323
vn -0.3250574 0.9113747 -0.2524555
v -8.8645782 9.2948694 -9.7805548
vt 0.2985323 0.2777147
vn -0.3250574 0.9113747 -0.2524555
v -12.2329473 7.4141574 -12.2329473
vt 0.2219785 0.2219785
vn -0.3250574 0.9113747 -0.2524555
f 2998/2998/2998 2999/2999/2999 3000/3000/3000
v -8.8645782 9.2948694 -9.7805548
vt 0.2985323 0.2777147
vn -0.4635008 0.8521259 -0.2429990
v -7.8632307 9.6051903 -10.6023397
vt 0.3212902 0.2590377
vn -0.4635008 0.8521259 -0.2429990
v -10.9750042 7.1224618 -13.3730812
vt 0.2505681 0.1960663
vn -0.4635008 0.8521259 -0.2429990
f 3001/3001/3001 3002/3002/3002 3003/3003/3003
v -7.8632307 9.6051903 -10.6023397
vt 0.3212902 0.2590377
vn -0.2056091 0.8482915 -0.4879819
v -6.7861562 9.4522552 -11.3220177
vt 0.3457692 0.2426814
vn -0.2056091 0.8482915 -0.4879819
v -9.6113653 7.0058231 -14.3844242
vt 0.2815599 0.1730813
vn -0.2056091 0.8482915 -0.4879819
f 3004/3004/3004 3005/3005/3005 3006/3006/3006
v -6.7861562 9.4522552 -11.3220177
vt 0.3457692 0.2426814
vn -0.0383884 0.8848106 -0.4643668
v -5.6437273 9.1813440 -11.9326582
vt 0.3717335 0.2288032
vn -0.0383884 0.8848106 -0.4643668
v -8.1551638 7.3275752 -15.2572374
vt 0.3146554 0.1532446
vn -0.0383884 0.8848106 -0.4643668
f 3007/3007/3007 3008/3008/3008 3009/3009/3009
v -5.6437273 9.1813440 -11.9326582
vt 0.3717335 0.2288032
vn -0.3027388 0.8945094 -0.3289409
v -4.4469461 9.4040899 -12.4283819
vt 0.3989330 0.2175368
vn -0.3027388 0.8945094 -0.3289409
v -6.6204233 7.3613019 -15.9831161
vt 0.3495358 0.1367474
vn -0.3027388 0.8945094 -0.3289409
f 3010/3010/3010 3011/3011/3011 3012/3012/3012
v -4.4469461 9.4040899 -12.4283819
vt 0.3989330 0.2175368
vn -0.2821149 0.8481220 -0.4484421
v -3.2073383 9.6176014 -12.8044128
vt 0.4271059 0.2089906
vn -0.2821149 0.8481220 -0.4484421
v -5.0219250 7.0308590 -16.5550671
vt 0.3858653 0.1237485
vn -0.2821149 0.8481220 -0.4484421
f 3013/3013/3013 3014/3014/3014 3015/3015/3015
v -3.2073383 9.6176014 -12.8044128
vt 0.4271059 0.2089906
vn 0.0821826 0.8497247 -0.5207822
v -1.9368423 9.3398371 -13.0571299
vt 0.4559809 0.2032470
vn 0.0821826 0.8497247 -0.5207822
v -3.3750625 7.0822840 -16.9675846
vt 0.4232940 0.1143731
vn 0.0821826 0.8497247 -0.5207822
f 3016/3016/3016 3017/3017/3017 3018/3018/3018
v -1.9368423 9.3398371 -13.0571299
vt 0.4559809 0.2032470
vn 0.0584581 0.9059916 -0.4192396
v -0.6476933 9.1979017 -13.1841002
vt 0.4852797 0.2003614
vn 0.0584581 0.9059916 -0.4192396
v -1.6956965 7.3994751 -17.2166958
vt 0.4614614 0.1087115
vn 0.0584581 0.9059916 -0.4192396
f 3019/3019/3019 3020/3020/3020 3021/3021/3021
v -0.6476933 9.1979017 -13.1841002
vt 0.4852797 0.2003614
vn -0.2114957 0.8715692 -0.4423085
v 0.6476933 9.5122414 -13.1841002
vt 0.5147203 0.2003614
vn -0.2114957 0.8715692 -0.4423085
v -0.0000000 7.2663136 -17.2999992
vt 0.5000000 0.1068182
vn -0.2114957 0.8715692 -0.4423085
f 3022/3022/3022 3023/3023/3023 3024/3024/3024
v 0.6476933 9.5122414 -13.1841002
vt 0.5147203 0.2003614
vn 0.0119943 0.8485402 -0.5289949
v 1.9368423 9.5731745 -13.0571299
vt 0.5440191 0.2032470
vn 0.0119943 0.8485402 -0.5289949
v 1.6956965 6.9834366 -17.2166958
vt 0.5385386 0.1087115
vn 0.0119943 0.8485402 -0.5289949
f 3025/3025/3025 3026/3026/3026 3027/3027/3027
v 1.9368423 9.5731745 -13.0571299
vt 0.5440191 0.2032470
vn 0.3049591 0.8589198 -0.4114082
v 3.2073383 9.2431326 -12.8044128
vt 0.5728941 0.2089906
vn 0.3049591 0.8589198 -0.4114082
v 3.3750625 7.1894927 -16.9675846
vt 0.5767060 0.1143731
vn 0.3049591 0.8589198 -0.4114082
f 3028/3028/3028 3029/3029/3029 3030/3030/3030
v 3.2073383 9.2431326 -12.8044128
vt 0.5728941 0.2089906
vn 0.1019679 0.9131328 -0.3947040
v 4.4469461 9.2672482 -12.4283819
vt 0.6010670 0.2175368
vn 0.1019679 0.9131328 -0.3947040
v 5.0219250 7.4192710 -16.5550671
vt 0.6141347 0.1237485
vn 0.1019679 0.9131328 -0.3947040
f 3031/3031/3031 3032/3032/3032 3033/3033/3033
v 4.4469461 9.2672482 -12.4283819
vt 0.6010670 0.2175368
vn -0.0166026 0.8549662 -0.5184180
v 5.6437273 9.5910759 -11.9326582
vt 0.6282665 0.2288032
vn -0.0166026 0.8549662 -0.5184180
v 6.6204233 7.1540036 -15.9831161
vt 0.6504642 0.1367474
vn -0.0166026 0.8549662 -0.5184180
f 3034/3034/3034 3035/3035/3035 3036/3036/3036
v 5.6437273 9.5910759 -11.9326582
vt 0.6282665 0.2288032
vn 0.3094107 0.8484498 -0.4294158
v 6.7861562 9.4835138 -11.3220177
vt 0.6542308 0.2426814
vn 0.3094107 0.8484498 -0.4294158
v 8.1551638 6.9925818 -15.2572374
vt 0.6853446 0.1532446
vn 0.3094107 0.8484498 -0.4294158
f 3037/3037/3037 3038/3038/3038 3039/3039/3039
v 6.7861562 9.4835138 -11.3220177
vt 0.6542308 0.2426814
vn 0.4082129 0.8780884 -0.2496462
v 7.8632307 9.1874037 -10.6023397
vt 0.6787098 0.2590377
vn 0.4082129 0.8780884 -0.2496462
v 9.6113653 7.2994456 -14.3844242
vt 0.7184401 0.1730813
vn 0.4082129 0.8780884 -0.2496462
f 3040/3040/3040 3041/3041/3041 3042/3042/3042
v 7.8632307 9.1874037 -10.6023397
vt 0.6787098 0.2590377
vn 0.1646021 0.9006841 -0.4020875
v 8.8645782 9.3712702 -9.7805548
vt 0.7014677 0.2777147
vn 0.1646021 0.9006841 -0.4020875
v 10.9750042 7.3817925 -13.3730812
vt 0.7494319 0.1960663
vn 0.1646021 0.9006841 -0.4020875
f 3043/3043/3043 3044/3044/3044 3045/3045/3045
v 8.8645782 9.3712702 -9.7805548
vt 0.7014677 0.2777147
vn 0.2407697 0.8485361 -0.4711862
v 9.7805548 9.6199999 -8.8645782
vt 0.7222853 0.2985323
vn 0.2407697 0.8485361 -0.4711862
v 12.2329473 7.0537086 -12.2329473
vt 0.7780215 0.2219785
vn 0.2407697 0.8485361 -0.4711862
f 3046/3046/3046 3047/3047/3047 3048/3048/3048
v 9.7805548 9.6199999 -8.8645782
vt 0.7222853 0.2985323
vn 0.4920414 0.8487654 -0.1936306
v 10.6023397 9.3720388 -7.8632307
vt 0.7409623 0.3212902
vn 0.4920414 0.8487654 -0.1936306
v 13.3730812 7.0559053 -10.9750042
vt 0.8039337 0.2505681
vn 0.4920414 0.8487654 -0.1936306
f 3049/3049/3049 3050/3050/3050 3051/3051/3051
v 10.6023397 9.3720388 -7.8632307
vt 0.7409623 0.3212902
vn 0.4164292 0.9007165 -0.1236797
v 11.3220177 9.1872053 -6.7861562
vt 0.7573186 0.3457692
vn 0.4164292 0.9007165 -0.1236797
v 14.3844242 7.3834233 -9.6113653
vt 0.8269187 0.2815599
vn 0.4164292 0.9007165 -0.1236797
f 3052/3052/3052 3053/3053/3053 3054/3054/3054
v 11.3220177 9.1872053 -6.7861562
vt 0.7573186 0.3457692
vn 0.2889906 0.8779744 -0.3816351
v 11.9326582 9.4827967 -5.6437273
vt 0.7711968 0.3717335
vn 0.2889906 0.8779744 -0.3816351
v 15.2572374 7.2968283 -8.1551638
vt 0.8467554 0.3146554
vn 0.2889906 0.8779744 -0.3816351
f 3055/3055/3055 3056/3056/3056 3057/3057/3057
v 11.9326582 9.4827967 -5.6437273
vt 0.7711968 0.3717335
vn 0.4574876 0.8483342 -0.2665223
v 12.4283819 9.5914583 -4.4469461
vt 0.7824632 0.3989330
vn 0.4574876 0.8483342 -0.2665223
v 15.9831161 6.9916253 -6.6204233
vt 0.8632526 0.3495358
vn 0.4574876 0.8483342 -0.2665223
f 3058/3058/3058 3059/3059/3059 3060/3060/3060
v 12.4283819 9.5914583 -4.4469461
vt 0.7824632 0.3989330
vn 0.5139157 0.8551930 0.0673477
v 12.8044128 9.2678671 -3.2073383
vt 0.7910094 0.4271059
vn 0.5139157 0.8551930 0.0673477
v 16.5550671 7.1568675 -5.0219250
vt 0.8762515 0.3858653
vn 0.5139157 0.8551930 0.0673477
f 3061/3061/3061 3062/3062/3062 3063/3063/3063
v 12.8044128 9.2678671 -3.2073383
vt 0.7910094 0.4271059
vn 0.4029192 0.9131346 -0.0619789
v 13.0571299 9.2425909 -1.9368423
vt 0.7967530 0.4559809
vn 0.4029192 0.9131346 -0.0619789
v 16.9675846 7.4194894 -3.3750625
vt 0.8856269 0.4232940
vn 0.4029192 0.9131346 -0.0619789
f 3064/3064/3064 3065/3065/3065 3066/3066/3066
v 13.0571299 9.2425909 -1.9368423
vt 0.7967530 0.4559809
vn 0.4397083 0.8587120 -0.2631929
v 13.1841002 9.5726957 -0.6476933
vt 0.7996386 0.4852797
vn 0.4397083 0.8587120 -0.2631929
v 17.2166958 7.1865726 -1.6956965
vt 0.8912885 0.4614614
vn 0.4397083 0.8587120 -0.2631929
f 3067/3067/3067 3068/3068/3068 3069/3069/3069
v 13.1841002 9.5726957 -0.6476933
vt 0.7996386 0.4852797
vn 0.4877349 0.8724553 0.0306034
v 13.1841002 9.5272570 0.6476933
vt 0.7996386 0.5147203
vn 0.4877349 0.8724553 0.0306034
v 17.2999992 7.2490358 0.0000000
vt 0.8931818 0.5000000
vn 0.4877349 0.8724553 0.0306034
f 3070/3070/3070 3071/3071/3071 3072/3072/3072
v 17.2166958 6.9810042 1.6956965
vt 0.8912885 0.5385386
vn 0.6772975 0.7338127 -0.0527922
v 20.0802822 4.4302564 2.9786286
vt 0.9563701 0.5676961
vn 0.6772975 0.7338127 -0.0527922
v 20.2755470 4.1074004 0.9960738
vt 0.9608079 0.5226380
vn 0.6772975 0.7338127 -0.0527922
f 3073/3073/3073 3074/3074/3074 3075/3075/3075
v 16.9675846 7.2073970 3.3750625
vt 0.8856269 0.5767060
vn 0.6693709 0.7327840 0.1223528
v 19.6916351 4.4590340 4.9324975
vt 0.9475372 0.6121022
vn 0.6693709 0.7327840 0.1223528
v 20.0802822 4.4302564 2.9786286
vt 0.9563701 0.5676961
vn 0.6693709 0.7327840 0.1223528
f 3076/3076/3076 3077/3077/3077 3078/3078/3078
v 16.5550671 7.4170899 5.0219250
vt 0.8762515 0.6141347
vn 0.6553694 0.6853198 0.3175337
v 19.1133442 4.1287627 6.8388638
vt 0.9343942 0.6554287
vn 0.6553694 0.6853198 0.3175337
v 19.6916351 4.4590340 4.9324975
vt 0.9475372 0.6121022
vn 0.6553694 0.6853198 0.3175337
f 3079/3079/3079 3080/3080/3080 3081/3081/3081
v 15.9831161 7.1366611 6.6204233
vt 0.8632526 0.6504642
vn 0.6612546 0.7064685 0.2522788
v 18.3509827 4.1850920 8.6793680
vt 0.9170678 0.6972584
vn 0.6612546 0.7064685 0.2522788
v 19.1133442 4.1287627 6.8388638
vt 0.9343942 0.6554287
vn 0.6612546 0.7064685 0.2522788
f 3082/3082/3082 3083/3083/3083 3084/3084/3084
v 15.2572374 6.9992318 8.1551638
vt 0.8467554 0.6853446
vn 0.6386044 0.7408363 0.2081971
v 17.4118900 4.5008478 10.4362860
vt 0.8957248 0.7371883
vn 0.6386044 0.7408363 0.2081971
v 18.3509827 4.1850920 8.6793680
vt 0.9170678 0.6972584
vn 0.6386044 0.7408363 0.2081971
f 3085/3085/3085 3086/3086/3086 3087/3087/3087
v 14.3844242 7.3150744 9.6113653
vt 0.8269187 0.7184401
vn 0.5503296 0.7172952 0.4273465
v 16.3051128 4.3631516 12.0926962
vt 0.8705707 0.7748340
vn 0.5503296 0.7172952 0.4273465
v 17.4118900 4.5008478 10.4362860
vt 0.8957248 0.7371883
vn 0.5503296 0.7172952 0.4273465
f 3088/3088/3088 3089/3089/3089 3090/3090/3090
v 13.3730812 7.3711147 10.9750042
vt 0.8039337 0.7494319
vn 0.4981511 0.6837239 0.5332609
v 15.0413074 4.0828786 13.6326466
vt 0.8418479 0.8098329
vn 0.4981511 0.6837239 0.5332609
v 16.3051128 4.3631516 12.0926962
vt 0.8705707 0.7748340
vn 0.4981511 0.6837239 0.5332609
f 3091/3091/3091 3092/3092/3092 3093/3093/3093
v 12.2329473 7.0408311 12.2329473
vt 0.7780215 0.7780215
vn 0.5415968 0.7197364 0.4343413
v 13.6326466 4.2927980 15.0413074
vt 0.8098329 0.8418479
vn 0.5415968 0.7197364 0.4343413
v 15.0413074 4.0828786 13.6326466
vt 0.8418479 0.8098329
vn 0.5415968 0.7197364 0.4343413
f 3094/3094/3094 3095/3095/3095 3096/3096/3096
v 10.9750042 7.0699015 13.3730812
vt 0.7494319 0.8039337
vn 0.4868073 0.7423808 0.4603145
v 12.0926962 4.5189772 16.3051128
vt 0.7748340 0.8705707
vn 0.4868073 0.7423808 0.4603145
v 13.6326466 4.2927980 15.0413074
vt 0.8098329 0.8418479
vn 0.4868073 0.7423808 0.4603145
f 3097/3097/3097 3098/3098/3098 3099/3099/3099
v 9.6113653 7.3926940 14.3844242
vt 0.7184401 0.8269187
vn 0.3148262 0.7001514 0.6408373
v 10.4362860 4.2507739 17.4118900
vt 0.7371883 0.8957248
vn 0.3148262 0.7001514 0.6408373
v 12.0926962 4.5189772 16.3051128
vt 0.7748340 0.8705707
vn 0.3148262 0.7001514 0.6408373
f 3100/3100/3100 3101/3101/3101 3102/3102/3102
v 8.1551638 7.2804437 15.2572374
vt 0.6853446 0.8467554
vn 0.2919979 0.6904986 0.6617771
v 8.6793680 4.0937080 18.3509827
vt 0.6972584 0.9170678
vn 0.2919979 0.6904986 0.6617771
v 10.4362860 4.2507739 17.4118900
vt 0.7371883 0.8957248
vn 0.2919979 0.6904986 0.6617771
f 3103/3103/3103 3104/3104/3104 3105/3105/3105
v 6.6204233 6.9865766 15.9831161
vt 0.6504642 0.8632526
vn 0.3621370 0.7310685 0.5782695
v 6.8388638 4.4023852 19.1133442
vt 0.6554287 0.9343942
vn 0.3621370 0.7310685 0.5782695
v 8.6793680 4.0937080 18.3509827
vt 0.6972584 0.9170678
vn 0.3621370 0.7310685 0.5782695
f 3106/3106/3106 3107/3107/3107 3108/3108/3108
v 5.0219250 7.1745534 16.5550671
vt 0.6141347 0.8762515
vn 0.2237121 0.7361340 0.6387956
v 4.9324975 4.4799085 19.6916351
vt 0.6121022 0.9475372
vn 0.2237121 0.7361340 0.6387956
v 6.8388638 4.4023852 19.1133442
vt 0.6554287 0.9343942
vn 0.2237121 0.7361340 0.6387956
f 3109/3109/3109 3110/3110/3110 3111/3111/3111
v 3.3750625 7.4199805 16.9675846
vt 0.5767060 0.8856269
vn 0.0286912 0.6875007 0.7256168
v 2.9786286 4.1512542 20.0802822
vt 0.5676961 0.9563701
vn 0.0286912 0.6875007 0.7256168
v 4.9324975 4.4799085 19.6916351
vt 0.6121022 0.9475372
vn 0.0286912 0.6875007 0.7256168
f 3112/3112/3112 3113/3113/3113 3114/3114/3114
v 1.6956965 7.1687603 17.2166958
vt 0.5385386 0.8912885
vn 0.0722666 0.7025596 0.7079461
v 0.9960738 4.1584215 20.2755470
vt 0.5226380 0.9608079
vn 0.0722666 0.7025596 0.7079461
v 2.9786286 4.1512542 20.0802822
vt 0.5676961 0.9563701
vn 0.0722666 0.7025596 0.7079461
f 3115/3115/3115 3116/3116/3116 3117/3117/3117
v 0.0000000 6.9880695 17.2999992
vt 0.5000000 0.8931818
vn 0.1212736 0.7392576 0.6624129
v -0.9960738 4.4852290 20.2755470
vt 0.4773620 0.9608079
vn 0.1212736 0.7392576 0.6624129
v 0.9960738 4.1584215 20.2755470
vt 0.5226380 0.9608079
vn 0.1212736 0.7392576 0.6624129
f 3118/3118/3118 3119/3119/3119 3120/3120/3120
v -1.6956965 7.2858520 17.2166958
vt 0.4614614 0.8912885
vn -0.1006862 0.7222284 0.6842868
v -2.9786286 4.3938470 20.0802822
vt 0.4323039 0.9563701
vn -0.1006862 0.7222284 0.6842868
v -0.9960738 4.4852290 20.2755470
vt 0.4773620 0.9608079
vn -0.1006862 0.7222284 0.6842868
f 3121/3121/3121 3122/3122/3122 3123/3123/3123
v -3.3750625 7.3898072 16.9675846
vt 0.4232940 0.8856269
vn -0.2430100 0.6832423 0.6885681
v -4.9324975 4.0905876 19.6916351
vt 0.3878978 0.9475372
vn -0.2430100 0.6832423 0.6885681
v -2.9786286 4.3938470 20.0802822
vt 0.4323039 0.9563701
vn -0.2430100 0.6832423 0.6885681
f 3124/3124/3124 3125/3125/3125 3126/3126/3126
v -5.0219250 7.0652366 16.5550671
vt 0.3858653 0.8762515
vn -0.1435585 0.7160246 0.6831543
v -6.8388638 4.2601166 19.1133442
vt 0.3445713 0.9343942
vn -0.1435585 0.7160246 0.6831543
v -4.9324975 4.0905876 19.6916351
vt 0.3878978 0.9475372
vn -0.1435585 0.7160246 0.6831543
f 3127/3127/3127 3128/3128/3128 3129/3129/3129
v -6.6204233 7.0449195 15.9831161
vt 0.3495358 0.8632526
vn -0.1641853 0.7426506 0.6492406
v -8.6793680 4.5196900 18.3509827
vt 0.3027416 0.9170678
vn -0.1641853 0.7426506 0.6492406
v -6.8388638 4.2601166 19.1133442
vt 0.3445713 0.9343942
vn -0.1641853 0.7426506 0.6492406
f 3130/3130/3130 3131/3131/3131 3132/3132/3132
v -8.1551638 7.3747258 15.2572374
vt 0.3146554 0.8467554
vn -0.4058074 0.7049010 0.5817518
v -10.4362860 4.2832718 17.4118900
vt 0.2628117 0.8957248
vn -0.4058074 0.7049010 0.5817518
v -8.6793680 4.5196900 18.3509827
vt 0.3027416 0.9170678
vn -0.4058074 0.7049010 0.5817518
f 3133/3133/3133 3134/3134/3134 3135/3135/3135
v -9.6113653 7.3100553 14.3844242
vt 0.2815599 0.8269187
vn -0.4584997 0.6878251 0.5627386
v -12.0926962 4.0846205 16.3051128
vt 0.2251660 0.8705707
vn -0.4584997 0.6878251 0.5627386
v -10.4362860 4.2832718 17.4118900
vt 0.2628117 0.8957248
vn -0.4584997 0.6878251 0.5627386
f 3136/3136/3136 3137/3137/3137 3138/3138/3138
v -10.9750042 6.9969144 13.3730812
vt 0.2505681 0.8039337
vn -0.3484868 0.7280650 0.5903205
v -13.6326466 4.3722291 15.0413074
vt 0.1901671 0.8418479
vn -0.3484868 0.7280650 0.5903205
v -12.0926962 4.0846205 16.3051128
vt 0.2251660 0.8705707
vn -0.3484868 0.7280650 0.5903205
f 3139/3139/3139 3140/3140/3140 3141/3141/3141
v -12.2329473 7.1422777 12.2329473
vt 0.2219785 0.7780215
vn -0.4427484 0.7388121 0.5080655
v -15.0413074 4.4967666 13.6326466
vt 0.1581521 0.8098329
vn -0.4427484 0.7388121 0.5080655
v -13.6326466 4.3722291 15.0413074
vt 0.1901671 0.8418479
vn -0.4427484 0.7388121 0.5080655
f 3142/3142/3142 3143/3143/3143 3144/3144/3144
v -13.3730812 7.4179602 10.9750042
vt 0.1960663 0.7494319
vn -0.6229028 0.6904076 0.3678718
v -16.3051128 4.1770663 12.0926962
vt 0.1294293 0.7748340
vn -0.6229028 0.6904076 0.3678718
v -15.0413074 4.4967666 13.6326466
vt 0.1581521 0.8098329
vn -0.6229028 0.6904076 0.3678718
f 3145/3145/3145 3146/3146/3146 3147/3147/3147
v -14.3844242 7.2015567 9.6113653
vt 0.1730813 0.7184401
vn -0.6028845 0.6987602 0.3850514
v -17.4118900 4.1349120 10.4362860
vt 0.1042752 0.7371883
vn -0.6028845 0.6987602 0.3850514
v -16.3051128 4.1770663 12.0926962
vt 0.1294293 0.7748340
vn -0.6028845 0.6987602 0.3850514
f 3148/3148/3148 3149/3149/3149 3150/3150/3150
v -15.2572374 6.9816384 8.1551638
vt 0.1532446 0.6853446
vn -0.5282884 0.7372853 0.4210960
v -18.3509827 4.4654751 8.6793680
vt 0.0829322 0.6972584
vn -0.5282884 0.7372853 0.4210960
v -17.4118900 4.1349120 10.4362860
vt 0.1042752 0.7371883
vn -0.5282884 0.7372853 0.4210960
f 3151/3151/3151 3152/3152/3152 3153/3153/3153
v -15.9831161 7.2547126 6.6204233
vt 0.1367474 0.6504642
vn -0.6403483 0.7268611 0.2482481
v -19.1133442 4.4224472 6.8388638
vt 0.0656058 0.6554287
vn -0.6403483 0.7268611 0.2482481
v -18.3509827 4.4654751 8.6793680
vt 0.0829322 0.6972584
vn -0.6403483 0.7268611 0.2482481
f 3154/3154/3154 3155/3155/3155 3156/3156/3156
v -16.5550671 7.4042625 5.0219250
vt 0.1237485 0.6141347
vn -0.7223991 0.6835206 0.1045909
v -19.6916351 4.1029716 4.9324975
vt 0.0524628 0.6121022
vn -0.7223991 0.6835206 0.1045909
v -19.1133442 4.4224472 6.8388638
vt 0.0656058 0.6554287
vn -0.7223991 0.6835206 0.1045909
f 3157/3157/3157 3158/3158/3158 3159/3159/3159
v -16.9675846 7.0926509 3.3750625
vt 0.1143731 0.5767060
vn -0.6783594 0.7121821 0.1806246
v -20.0802822 4.2283249 2.9786286
vt 0.0436299 0.5676961
vn -0.6783594 0.7121821 0.1806246
v -19.6916351 4.1029716 4.9324975
vt 0.0524628 0.6121022
vn -0.6783594 0.7121821 0.1806246
f 3160/3160/3160 3161/3161/3161 3162/3162/3162
v -17.2166958 7.0234003 1.6956965
vt 0.1087115 0.5385386
vn -0.6477894 0.7423051 0.1713247
v -20.2755470 4.5154982 0.9960738
vt 0.0391921 0.5226380
vn -0.6477894 0.7423051 0.1713247
v -20.0802822 4.2283249 2.9786286
vt 0.0436299 0.5676961
vn -0.6477894 0.7423051 0.1713247
f 3163/3163/3163 3164/3164/3164 3165/3165/3165
v -17.2999992 7.3528566 0.0000000
vt 0.1068182 0.5000000
vn -0.7007113 0.7098994 -0.0710398
v -20.2755470 4.3161435 -0.9960738
vt 0.0391921 0.4773620
vn -0.7007113 0.7098994 -0.0710398
v -20.2755470 4.5154982 0.9960738
vt 0.0391921 0.5226380
vn -0.7007113 0.7098994 -0.0710398
f 3166/3166/3166 3167/3167/3167 3168/3168/3168
v -17.2166958 7.3372102 -1.6956965
vt 0.1087115 0.4614614
vn -0.7119134 0.6856928 -0.1516726
v -20.0802822 4.0803418 -2.9786286
vt 0.0436299 0.4323039
vn -0.7119134 0.6856928 -0.1516726
v -20.2755470 4.3161435 -0.9960738
vt 0.0391921 0.4773620
vn -0.7119134 0.6856928 -0.1516726
f 3169/3169/3169 3170/3170/3170 3171/3171/3171
v -16.9675846 7.0117855 -3.3750625
vt 0.1143731 0.4232940
vn -0.6877522 0.7248257 -0.0403060
v -19.6916351 4.3404598 -4.9324975
vt 0.0524628 0.3878978
vn -0.6877522 0.7248257 -0.0403060
v -20.0802822 4.0803418 -2.9786286
vt 0.0436299 0.4323039
vn -0.6877522 0.7248257 -0.0403060
f 3172/3172/3172 3173/3173/3173 3174/3174/3174
v -16.5550671 7.1112905 -5.0219250
vt 0.1237485 0.3858653
vn -0.6582266 0.7407820 -0.1340892
v -19.1133442 4.5092320 -6.8388638
vt 0.0656058 0.3445713
vn -0.6582266 0.7407820 -0.1340892
v -19.6916351 4.3404598 -4.9324975
vt 0.0524628 0.3878978
vn -0.6582266 0.7407820 -0.1340892
f 3175/3175/3175 3176/3176/3176 3177/3177/3177
v -15.9831161 7.4110737 -6.6204233
vt 0.1367474 0.3495358
vn -0.6175030 0.6939746 -0.3702559
v -18.3509827 4.2056231 -8.6793680
vt 0.0829322 0.3027416
vn -0.6175030 0.6939746 -0.3702559
v -19.1133442 4.5092320 -6.8388638
vt 0.0656058 0.3445713
vn -0.6175030 0.6939746 -0.3702559
f 3178/3178/3178 3179/3179/3179 3180/3180/3180
v -15.2572374 7.2343183 -8.1551638
vt 0.1532446 0.3146554
vn -0.6184648 0.6951641 -0.3663988
v -17.4118900 4.1150880 -10.4362860
vt 0.1042752 0.2628117
vn -0.6184648 0.6951641 -0.3663988
v -18.3509827 4.2056231 -8.6793680
vt 0.0829322 0.3027416
vn -0.6184648 0.6951641 -0.3663988
f 3181/3181/3181 3182/3182/3182 3183/3183/3183
v -14.3844242 6.9800825 -9.6113653
vt 0.1730813 0.2815599
vn -0.6218400 0.7349700 -0.2704332
v -16.3051128 4.4420266 -12.0926962
vt 0.1294293 0.2251660
vn -0.6218400 0.7349700 -0.2704332
v -17.4118900 4.1150880 -10.4362860
vt 0.1042752 0.2628117
vn -0.6218400 0.7349700 -0.2704332
f 3184/3184/3184 3185/3185/3185 3186/3186/3186
v -13.3730812 7.2223520 -10.9750042
vt 0.1960663 0.2505681
vn -0.5289017 0.7310528 -0.4310741
v -15.0413074 4.4483137 -13.6326466
vt 0.1581521 0.1901671
vn -0.5289017 0.7310528 -0.4310741
v -16.3051128 4.4420266 -12.0926962
vt 0.1294293 0.2251660
vn -0.5289017 0.7310528 -0.4310741
f 3187/3187/3187 3188/3188/3188 3189/3189/3189
v -12.2329473 7.4141574 -12.2329473
vt 0.2219785 0.2219785
vn -0.4293809 0.6845788 -0.5890535
v -13.6326466 4.1197548 -15.0413074
vt 0.1901671 0.1581521
vn -0.4293809 0.6845788 -0.5890535
v -15.0413074 4.4483137 -13.6326466
vt 0.1581521 0.1901671
vn -0.4293809 0.6845788 -0.5890535
f 3190/3190/3190 3191/3191/3191 3192/3192/3192
v -10.9750042 7.1224618 -13.3730812
vt 0.2505681 0.1960663
vn -0.4690412 0.7082624 -0.5276028
v -12.0926962 4.1981339 -16.3051128
vt 0.2251660 0.1294293
vn -0.4690412 0.7082624 -0.5276028
v -13.6326466 4.1197548 -15.0413074
vt 0.1901671 0.1581521
vn -0.4690412 0.7082624 -0.5276028
f 3193/3193/3193 3194/3194/3194 3195/3195/3195
v -9.6113653 7.0058231 -14.3844242
vt 0.2815599 0.1730813
vn -0.4627455 0.7414091 -0.4859828
v -10.4362860 4.5064950 -17.4118900
vt 0.2628117 0.1042752
vn -0.4627455 0.7414091 -0.4859828
v -12.0926962 4.1981339 -16.3051128
vt 0.2251660 0.1294293
vn -0.4627455 0.7414091 -0.4859828
f 3196/3196/3196 3197/3197/3197 3198/3198/3198
v -8.1551638 7.3275752 -15.2572374
vt 0.3146554 0.1532446
vn -0.2785262 0.7149895 -0.6412591
v -8.6793680 4.3486547 -18.3509827
vt 0.3027416 0.0829322
vn -0.2785262 0.7149895 -0.6412591
v -10.4362860 4.5064950 -17.4118900
vt 0.2628117 0.1042752
vn -0.2785262 0.7149895 -0.6412591
f 3199/3199/3199 3200/3200/3200 3201/3201/3201
v -6.6204233 7.3613019 -15.9831161
vt 0.3495358 0.1367474
vn -0.1919311 0.6841848 -0.7036005
v -6.8388638 4.0809669 -19.1133442
vt 0.3445713 0.0656058
vn -0.1919311 0.6841848 -0.7036005
v -8.6793680 4.3486547 -18.3509827
vt 0.3027416 0.0829322
vn -0.1919311 0.6841848 -0.7036005
f 3202/3202/3202 3203/3203/3203 3204/3204/3204
v -5.0219250 7.0308590 -16.5550671
vt 0.3858653 0.1237485
vn -0.2782141 0.7213733 -0.6342063
v -4.9324975 4.3077874 -19.6916351
vt 0.3878978 0.0524628
vn -0.2782141 0.7213733 -0.6342063
v -6.8388638 4.0809669 -19.1133442
vt 0.3445713 0.0656058
vn -0.2782141 0.7213733 -0.6342063
f 3205/3205/3205 3206/3206/3206 3207/3207/3207
v -3.3750625 7.0822840 -16.9675846
vt 0.4232940 0.1143731
vn -0.2063328 0.7420388 -0.6378129
v -2.9786286 4.5170259 -20.0802822
vt 0.4323039 0.0436299
vn -0.2063328 0.7420388 -0.6378129
v -4.9324975 4.3077874 -19.6916351
vt 0.3878978 0.0524628
vn -0.2063328 0.7420388 -0.6378129
f 3208/3208/3208 3209/3209/3209 3210/3210/3210
v -1.6956965 7.3994751 -17.2166958
vt 0.4614614 0.1087115
vn 0.0283919 0.6981094 -0.7154279
v -0.9960738 4.2362871 -20.2755470
vt 0.4773620 0.0391921
vn 0.0283919 0.6981094 -0.7154279
v -2.9786286 4.5170259 -20.0802822
vt 0.4323039 0.0436299
vn 0.0283919 0.6981094 -0.7154279
f 3211/3211/3211 3212/3212/3212 3213/3213/3213
v -0.0000000 7.2663136 -17.2999992
vt 0.5000000 0.1068182
vn 0.0475436 0.6918712 -0.7204539
v 0.9960738 4.0993919 -20.2755470
vt 0.5226380 0.0391921
vn 0.0475436 0.6918712 -0.7204539
v -0.9960738 4.2362871 -20.2755470
vt 0.4773620 0.0391921
vn 0.0475436 0.6918712 -0.7204539
f 3214/3214/3214 3215/3215/3215 3216/3216/3216
v 1.6956965 6.9834366 -17.2166958
vt 0.5385386 0.1087115
vn -0.0498501 0.7323526 -0.6790984
v 2.9786286 4.4154072 -20.0802822
vt 0.5676961 0.0436299
vn -0.0498501 0.7323526 -0.6790984
v 0.9960738 4.0993919 -20.2755470
vt 0.5226380 0.0391921
vn -0.0498501 0.7323526 -0.6790984
f 3217/3217/3217 3218/3218/3218 3219/3219/3219
v 3.3750625 7.1894927 -16.9675846
vt 0.5767060 0.1143731
vn 0.1122289 0.7346873 -0.6690585
v 4.9324975 4.4708691 -19.6916351
vt 0.6121022 0.0524628
vn 0.1122289 0.7346873 -0.6690585
v 2.9786286 4.4154072 -20.0802822
vt 0.5676961 0.0436299
vn 0.1122289 0.7346873 -0.6690585
f 3220/3220/3220 3221/3221/3221 3222/3222/3222
v 5.0219250 7.4192710 -16.5550671
vt 0.6141347 0.1237485
vn 0.3174073 0.6864138 -0.6542848
v 6.8388638 4.1405616 -19.1133442
vt 0.6554287 0.0656058
vn 0.3174073 0.6864138 -0.6542848
v 4.9324975 4.4708691 -19.6916351
vt 0.6121022 0.0524628
vn 0.3174073 0.6864138 -0.6542848
f 3223/3223/3223 3224/3224/3224 3225/3225/3225
v 6.6204233 7.1540036 -15.9831161
vt 0.6504642 0.1367474
vn 0.2619393 0.7043325 -0.6597753
v 8.6793680 4.1702166 -18.3509827
vt 0.6972584 0.0829322
vn 0.2619393 0.7043325 -0.6597753
v 6.8388638 4.1405616 -19.1133442
vt 0.6554287 0.0656058
vn 0.2619393 0.7043325 -0.6597753
f 3226/3226/3226 3227/3227/3227 3228/3228/3228
v 8.1551638 6.9925818 -15.2572374
vt 0.6853446 0.1532446
vn 0.2062659 0.7400292 -0.6401650
v 10.4362860 4.4928823 -17.4118900
vt 0.7371883 0.1042752
vn 0.2062659 0.7400292 -0.6401650
v 8.6793680 4.1702166 -18.3509827
vt 0.6972584 0.0829322
vn 0.2062659 0.7400292 -0.6401650
f 3229/3229/3229 3230/3230/3230 3231/3231/3231
v 9.6113653 7.2994456 -14.3844242
vt 0.7184401 0.1730813
vn 0.4187788 0.7200087 -0.5533640
v 12.0926962 4.3800797 -16.3051128
vt 0.7748340 0.1294293
vn 0.4187788 0.7200087 -0.5533640
v 10.4362860 4.4928823 -17.4118900
vt 0.7371883 0.1042752
vn 0.4187788 0.7200087 -0.5533640
f 3232/3232/3232 3233/3233/3233 3234/3234/3234
v 10.9750042 7.3817925 -13.3730812
vt 0.7494319 0.1960663
vn 0.5365778 0.6833694 -0.4950663
v 13.6326466 4.0864820 -15.0413074
vt 0.8098329 0.1581521
vn 0.5365778 0.6833694 -0.4950663
v 12.0926962 4.3800797 -16.3051128
vt 0.7748340 0.1294293
vn 0.5365778 0.6833694 -0.4950663
f 3235/3235/3235 3236/3236/3236 3237/3237/3237
v 12.2329473 7.0537086 -12.2329473
vt 0.7780215 0.2219785
vn 0.4420124 0.7177347 -0.5380354
v 15.0413074 4.2749414 -13.6326466
vt 0.8418479 0.1901671
vn 0.4420124 0.7177347 -0.5380354
v 13.6326466 4.0864820 -15.0413074
vt 0.8098329 0.1581521
vn 0.4420124 0.7177347 -0.5380354
f 3238/3238/3238 3239/3239/3239 3240/3240/3240
v 13.3730812 7.0559053 -10.9750042
vt 0.8039337 0.2505681
vn 0.4549224 0.7426075 -0.4915076
v 16.3051128 4.5199752 -12.0926962
vt 0.8705707 0.2251660
vn 0.4549224 0.7426075 -0.4915076
v 15.0413074 4.2749414 -13.6326466
vt 0.8418479 0.1901671
vn 0.4549224 0.7426075 -0.4915076
f 3241/3241/3241 3242/3242/3242 3243/3243/3243
v 14.3844242 7.3834233 -9.6113653
vt 0.8269187 0.2815599
vn 0.6362675 0.7026969 -0.3184034
v 17.4118900 4.2683735 -10.4362860
vt 0.8957248 0.2628117
vn 0.6362675 0.7026969 -0.3184034
v 16.3051128 4.5199752 -12.0926962
vt 0.8705707 0.2251660
vn 0.6362675 0.7026969 -0.3184034
f 3244/3244/3244 3245/3245/3245 3246/3246/3246
v 15.2572374 7.2968283 -8.1551638
vt 0.8467554 0.3146554
vn 0.6662085 0.6889816 -0.2854305
v 18.3509827 4.0881748 -8.6793680
vt 0.9170678 0.3027416
vn 0.6662085 0.6889816 -0.2854305
v 17.4118900 4.2683735 -10.4362860
vt 0.8957248 0.2628117
vn 0.6662085 0.6889816 -0.2854305
f 3247/3247/3247 3248/3248/3248 3249/3249/3249
v 15.9831161 6.9916253 -6.6204233
vt 0.8632526 0.3495358
vn 0.5820932 0.7294642 -0.3592346
v 19.1133442 4.3862119 -6.8388638
vt 0.9343942 0.3445713
vn 0.5820932 0.7294642 -0.3592346
v 18.3509827 4.0881748 -8.6793680
vt 0.9170678 0.3027416
vn 0.5820932 0.7294642 -0.3592346
f 3250/3250/3250 3251/3251/3251 3252/3252/3252
v 16.5550671 7.1568675 -5.0219250
vt 0.8762515 0.3858653
vn 0.6339264 0.7376783 -0.2323100
v 19.6916351 4.4896092 -4.9324975
vt 0.9475372 0.3878978
vn 0.6339264 0.7376783 -0.2323100
v 19.1133442 4.3862119 -6.8388638
vt 0.9343942 0.3445713
vn 0.6339264 0.7376783 -0.2323100
f 3253/3253/3253 3254/3254/3254 3255/3255/3255
v 16.9675846 7.4194894 -3.3750625
vt 0.8856269 0.4232940
vn 0.7241619 0.6889966 -0.0295512
v 20.0802822 4.1649280 -2.9786286
vt 0.9563701 0.4323039
vn 0.7241619 0.6889966 -0.0295512
v 19.6916351 4.4896092 -4.9324975
vt 0.9475372 0.3878978
vn 0.7241619 0.6889966 -0.0295512
f 3256/3256/3256 3257/3257/3257 3258/3258/3258
v 17.2166958 7.1865726 -1.6956965
vt 0.8912885 0.4614614
vn 0.7108898 0.7004719 -0.0630453
v 20.2755470 4.1451969 -0.9960738
vt 0.9608079 0.4773620
vn 0.7108898 0.7004719 -0.0630453
v 20.0802822 4.1649280 -2.9786286
vt 0.9563701 0.4323039
vn 0.7108898 0.7004719 -0.0630453
f 3259/3259/3259 3260/3260/3260 3261/3261/3261
v 17.2999992 7.2490358 0.0000000
vt 0.8931818 0.5000000
vn 0.7239009 0.6897799 0.0130870
v 20.2755470 4.1074004 0.9960738
vt 0.9608079 0.5226380
vn 0.7239009 0.6897799 0.0130870
v 20.2755470 4.1451969 -0.9960738
vt 0.9608079 0.4773620
vn 0.7239009 0.6897799 0.0130870
f 3262/3262/3262 3263/3263/3263 3264/3264/3264
v 20.2755470 4.1074004 0.9960738
vt 0.9608079 0.5226380
vn 0.9269828 0.3738688 0.0304160
v 20.0802822 4.4302564 2.9786286
vt 0.9563701 0.5676961
vn 0.9269828 0.3738688 0.0304160
v 21.8940639 -0.0000000 2.1563771
vt 0.9975924 0.5490086
vn 0.9269828 0.3738688 0.0304160
f 3265/3265/3265 3266/3266/3266 3267/3267/3267
v 20.0802822 4.4302564 2.9786286
vt 0.9563701 0.5676961
vn 0.9153827 0.3617086 0.1767527
v 19.6916351 4.4590340 4.9324975
vt 0.9475372 0.6121022
vn 0.9153827 0.3617086 0.1767527
v 21.5772762 0.0000000 4.2919869
vt 0.9903926 0.5975452
vn 0.9153827 0.3617086 0.1767527
f 3268/3268/3268 3269/3269/3269 3270/3270/3270
v 19.6916351 4.4590340 4.9324975
vt 0.9475372 0.6121022
vn 0.8684133 0.3719651 0.3278724
v 19.1133442 4.1287627 6.8388638
vt 0.9343942 0.6554287
vn 0.8684133 0.3719651 0.3278724
v 21.0526867 0.0000000 6.3862629
vt 0.9784702 0.6451423
vn 0.8684133 0.3719651 0.3278724
f 3271/3271/3271 3272/3272/3272 3273/3273/3273
v 18.3509827 4.1850920 8.6793680
vt 0.9170678 0.6972584
vn 0.7918817 0.1939187 0.5790674
v 20.3253498 -3.0999999 8.4190359
vt 0.9619398 0.6913417
vn 0.7918817 0.1939187 0.5790674
v 21.0526867 0.0000000 6.3862629
vt 0.9784702 0.6451423
vn 0.7918817 0.1939187 0.5790674
f 3274/3274/3274 3275/3275/3275 3276/3276/3276
v 18.3509827 4.1850920 8.6793680
vt 0.9170678 0.6972584
vn 0.8457972 0.3684103 0.3858770
v 17.4118900 4.5008478 10.4362860
vt 0.8957248 0.7371883
vn 0.8457972 0.3684103 0.3858770
v 19.4022675 -0.0000000 10.3707285
vt 0.9409606 0.7356984
vn 0.8457972 0.3684103 0.3858770
f 3277/3277/3277 3278/3278/3278 3279/3279/3279
v 17.4118900 4.5008478 10.4362860
vt 0.8957248 0.7371883
vn 0.7607175 0.3624962 0.5384288
v 16.3051128 4.3631516 12.0926962
vt 0.8705707 0.7748340
vn 0.7607175 0.3624962 0.5384288
v 18.2923317 0.0000000 12.2225447
vt 0.9157348 0.7777851
vn 0.7607175 0.3624962 0.5384288
f 3280/3280/3280 3281/3281/3281 3282/3282/3282
v 16.3051128 4.3631516 12.0926962
vt 0.8705707 0.7748340
vn 0.6809404 0.3775086 0.6275408
v 15.0413074 4.0828786 13.6326466
vt 0.8418479 0.8098329
vn 0.6809404 0.3775086 0.6275408
v 17.0062294 0.0000000 13.9566526
vt 0.8865052 0.8171967
vn 0.6809404 0.3775086 0.6275408
f 3283/3283/3283 3284/3284/3284 3285/3285/3285
v 13.6326466 4.2927980 15.0413074
vt 0.8098329 0.8418479
vn 0.5130456 0.1917896 0.8366606
v 15.5563488 -3.0999999 15.5563488
vt 0.8535534 0.8535534
vn 0.5130456 0.1917896 0.8366606
v 17.0062294 0.0000000 13.9566526
vt 0.8865052 0.8171967
vn 0.5130456 0.1917896 0.8366606
f 3286/3286/3286 3287/3287/3287 3288/3288/3288
v 13.6326466 4.2927980 15.0413074
vt 0.8098329 0.8418479
vn 0.6222110 0.3641627 0.6929928
v 12.0926962 4.5189772 16.3051128
vt 0.7748340 0.8705707
vn 0.6222110 0.3641627 0.6929928
v 13.9566526 -0.0000000 17.0062294
vt 0.8171967 0.8865052
vn 0.6222110 0.3641627 0.6929928
f 3289/3289/3289 3290/3290/3290 3291/3291/3291
v 12.0926962 4.5189772 16.3051128
vt 0.7748340 0.8705707
vn 0.4754786 0.3655440 0.8001860
v 10.4362860 4.2507739 17.4118900
vt 0.7371883 0.8957248
vn 0.4754786 0.3655440 0.8001860
v 12.2225447 0.0000000 18.2923317
vt 0.7777851 0.9157348
vn 0.4754786 0.3655440 0.8001860
f 3292/3292/3292 3293/3293/3293 3294/3294/3294
v 10.4362860 4.2507739 17.4118900
vt 0.7371883 0.8957248
vn 0.4089069 0.3818019 0.8288682
v 8.6793680 4.0937080 18.3509827
vt 0.6972584 0.9170678
vn 0.4089069 0.3818019 0.8288682
v 10.3707285 0.0000000 19.4022675
vt 0.7356984 0.9409606
vn 0.4089069 0.3818019 0.8288682
f 3295/3295/3295 3296/3296/3296 3297/3297/3297
v 6.8388638 4.4023852 19.1133442
vt 0.6554287 0.9343942
vn 0.1571323 0.1896682 0.9691933
v 8.4190359 -3.0999999 20.3253498
vt 0.6913417 0.9619398
vn 0.1571323 0.1896682 0.9691933
v 10.3707285 0.0000000 19.4022675
vt 0.7356984 0.9409606
vn 0.1571323 0.1896682 0.9691933
f 3298/3298/3298 3299/3299/3299 3300/3300/3300
v 6.8388638 4.4023852 19.1133442
vt 0.6554287 0.9343942
vn 0.2840526 0.3619251 0.8878764
v 4.9324975 4.4799085 19.6916351
vt 0.6121022 0.9475372
vn 0.2840526 0.3619251 0.8878764
v 6.3862629 0.0000000 21.0526867
vt 0.6451423 0.9784702
vn 0.2840526 0.3619251 0.8878764
f 3301/3301/3301 3302/3302/3302 3303/3303/3303
v 4.9324975 4.4799085 19.6916351
vt 0.6121022 0.9475372
vn 0.1208961 0.3703672 0.9209845
v 2.9786286 4.1512542 20.0802822
vt 0.5676961 0.9563701
vn 0.1208961 0.3703672 0.9209845
v 4.2919869 0.0000000 21.5772762
vt 0.5975452 0.9903926
vn 0.1208961 0.3703672 0.9209845
f 3304/3304/3304 3305/3305/3305 3306/3306/3306
v 2.9786286 4.1512542 20.0802822
vt 0.5676961 0.9563701
vn 0.0919019 0.3833400 0.9190238
v 0.9960738 4.1584215 20.2755470
vt 0.5226380 0.9608079
vn 0.0919019 0.3833400 0.9190238
v 2.1563771 0.0000000 21.8940639
vt 0.5490086 0.9975924
vn 0.0919019 0.3833400 0.9190238
f 3307/3307/3307 3308/3308/3308 3309/3309/3309
v -0.9960738 4.4852290 20.2755470
vt 0.4773620 0.9608079
vn -0.2234172 0.1880933 0.9564025
v 0.0000000 -3.0999999 22.0000000
vt 0.5000000 1.0000000
vn -0.2234172 0.1880933 0.9564025
v 2.1563771 0.0000000 21.8940639
vt 0.5490086 0.9975924
vn -0.2234172 0.1880933 0.9564025
f 3310/3310/3310 3311/3311/3311 3312/3312/3312
v -0.9960738 4.4852290 20.2755470
vt 0.4773620 0.9608079
vn -0.1078806 0.3620254 0.9259048
v -2.9786286 4.3938470 20.0802822
vt 0.4323039 0.9563701
vn -0.1078806 0.3620254 0.9259048
v -2.1563771 0.0000000 21.8940639
vt 0.4509914 0.9975924
vn -0.1078806 0.3620254 0.9259048
f 3313/3313/3313 3314/3314/3314 3315/3315/3315
v -2.9786286 4.3938470 20.0802822
vt 0.4323039 0.9563701
vn -0.2365634 0.3759569 0.8959320
v -4.9324975 4.0905876 19.6916351
vt 0.3878978 0.9475372
vn -0.2365634 0.3759569 0.8959320
v -4.2919869 0.0000000 21.5772762
vt 0.4024548 0.9903926
vn -0.2365634 0.3759569 0.8959320
f 3316/3316/3316 3317/3317/3317 3318/3318/3318
v -4.9324975 4.0905876 19.6916351
vt 0.3878978 0.9475372
vn -0.2370917 0.3815305 0.8934327
v -6.8388638 4.2601166 19.1133442
vt 0.3445713 0.9343942
vn -0.2370917 0.3815305 0.8934327
v -6.3862629 0.0000000 21.0526867
vt 0.3548577 0.9784702
vn -0.2370917 0.3815305 0.8934327
f 3319/3319/3319 3320/3320/3320 3321/3321/3321
v -8.6793680 4.5196900 18.3509827
vt 0.3027416 0.9170678
vn -0.5716667 0.1874455 0.7987875
v -8.4190359 -3.0999999 20.3253498
vt 0.3086583 0.9619398
vn -0.5716667 0.1874455 0.7987875
v -6.3862629 0.0000000 21.0526867
vt 0.3548577 0.9784702
vn -0.5716667 0.1874455 0.7987875
f 3322/3322/3322 3323/3323/3323 3324/3324/3324
v -8.6793680 4.5196900 18.3509827
vt 0.3027416 0.9170678
vn -0.4766460 0.3644494 0.7999908
v -10.4362860 4.2832718 17.4118900
vt 0.2628117 0.8957248
vn -0.4766460 0.3644494 0.7999908
v -10.3707285 0.0000000 19.4022675
vt 0.2643016 0.9409606
vn -0.4766460 0.3644494 0.7999908
f 3325/3325/3325 3326/3326/3326 3327/3327/3327
v -10.4362860 4.2832718 17.4118900
vt 0.2628117 0.8957248
vn -0.5448533 0.3807870 0.7470852
v -12.0926962 4.0846205 16.3051128
vt 0.2251660 0.8705707
vn -0.5448533 0.3807870 0.7470852
v -12.2225447 0.0000000 18.2923317
vt 0.2222149 0.9157348
vn -0.5448533 0.3807870 0.7470852
f 3328/3328/3328 3329/3329/3329 3330/3330/3330
v -12.0926962 4.0846205 16.3051128
vt 0.2251660 0.8705707
vn -0.5444695 0.3770675 0.7492483
v -13.6326466 4.3722291 15.0413074
vt 0.1901671 0.8418479
vn -0.5444695 0.3770675 0.7492483
v -13.9566526 0.0000000 17.0062294
vt 0.1828033 0.8865052
vn -0.5444695 0.3770675 0.7492483
f 3331/3331/3331 3332/3332/3332 3333/3333/3333
v -15.0413074 4.4967666 13.6326466
vt 0.1581521 0.8098329
vn -0.8341163 0.1878759 0.5186065
v -15.5563488 -3.0999999 15.5563488
vt 0.1464466 0.8535534
vn -0.8341163 0.1878759 0.5186065
v -13.9566526 0.0000000 17.0062294
vt 0.1828033 0.8865052
vn -0.8341163 0.1878759 0.5186065
f 3334/3334/3334 3335/3335/3335 3336/3336/3336
v -15.0413074 4.4967666 13.6326466
vt 0.1581521 0.8098329
vn -0.7546005 0.3688369 0.5427129
v -16.3051128 4.1770663 12.0926962
vt 0.1294293 0.7748340
vn -0.7546005 0.3688369 0.5427129
v -17.0062294 0.0000000 13.9566526
vt 0.1134948 0.8171967
vn -0.7546005 0.3688369 0.5427129
f 3337/3337/3337 3338/3338/3338 3339/3339/3339
v -16.3051128 4.1770663 12.0926962
vt 0.1294293 0.7748340
vn -0.7724628 0.3832371 0.5063897
v -17.4118900 4.1349120 10.4362860
vt 0.1042752 0.7371883
vn -0.7724628 0.3832371 0.5063897
v -18.2923317 0.0000000 12.2225447
vt 0.0842652 0.7777851
vn -0.7724628 0.3832371 0.5063897
f 3340/3340/3340 3341/3341/3341 3342/3342/3342
v -17.4118900 4.1349120 10.4362860
vt 0.1042752 0.7371883
vn -0.7879405 0.3714967 0.4910601
v -18.3509827 4.4654751 8.6793680
vt 0.0829322 0.6972584
vn -0.7879405 0.3714967 0.4910601
v -19.4022675 0.0000000 10.3707285
vt 0.0590394 0.7356984
vn -0.7879405 0.3714967 0.4910601
f 3343/3343/3343 3344/3344/3344 3345/3345/3345
v -19.1133442 4.4224472 6.8388638
vt 0.0656058 0.6554287
vn -0.9691710 0.1892845 0.1577311
v -20.3253498 -3.0999999 8.4190359
vt 0.0380602 0.6913417
vn -0.9691710 0.1892845 0.1577311
v -19.4022675 0.0000000 10.3707285
vt 0.0590394 0.7356984
vn -0.9691710 0.1892845 0.1577311
f 3346/3346/3346 3347/3347/3347 3348/3348/3348
v -19.1133442 4.4224472 6.8388638
vt 0.0656058 0.6554287
vn -0.9029265 0.3743424 0.2111666
v -19.6916351 4.1029716 4.9324975
vt 0.0524628 0.6121022
vn -0.9029265 0.3743424 0.2111666
v -21.0526867 0.0000000 6.3862629
vt 0.0215298 0.6451423
vn -0.9029265 0.3743424 0.2111666
f 3349/3349/3349 3350/3350/3350 3351/3351/3351
v -19.6916351 4.1029716 4.9324975
vt 0.0524628 0.6121022
vn -0.9012493 0.3823805 0.2038011
v -20.0802822 4.2283249 2.9786286
vt 0.0436299 0.5676961
vn -0.9012493 0.3823805 0.2038011
v -21.5772762 0.0000000 4.2919869
vt 0.0096074 0.5975452
vn -0.9012493 0.3823805 0.2038011
f 3352/3352/3352 3353/3353/3353 3354/3354/3354
v -20.0802822 4.2283249 2.9786286
vt 0.0436299 0.5676961
vn -0.9193008 0.3664147 0.1436185
v -20.2755470 4.5154982 0.9960738
vt 0.0391921 0.5226380
vn -0.9193008 0.3664147 0.1436185
v -21.8940639 0.0000000 2.1563771
vt 0.0024076 0.5490086
vn -0.9193008 0.3664147 0.1436185
f 3355/3355/3355 3356/3356/3356 3357/3357/3357
v -20.2755470 4.3161435 -0.9960738
vt 0.0391921 0.4773620
vn -0.9546376 0.1913341 -0.2281628
v -22.0000000 -3.0999999 0.0000000
vt 0.0000000 0.5000000
vn -0.9546376 0.1913341 -0.2281628
v -21.8940639 0.0000000 2.1563771
vt 0.0024076 0.5490086
vn -0.9546376 0.1913341 -0.2281628
f 3358/3358/3358 3359/3359/3359 3360/3360/3360
v -20.2755470 4.3161435 -0.9960738
vt 0.0391921 0.4773620
vn -0.9152189 0.3795682 -0.1352865
v -20.0802822 4.0803418 -2.9786286
vt 0.0436299 0.4323039
vn -0.9152189 0.3795682 -0.1352865
v -21.8940639 -0.0000000 -2.1563771
vt 0.0024076 0.4509914
vn -0.9152189 0.3795682 -0.1352865
f 3361/3361/3361 3362/3362/3362 3363/3363/3363
v -20.0802822 4.0803418 -2.9786286
vt 0.0436299 0.4323039
vn -0.9161441 0.3785491 -0.1318355
v -19.6916351 4.3404598 -4.9324975
vt 0.0524628 0.3878978
vn -0.9161441 0.3785491 -0.1318355
v -21.5772762 0.0000000 -4.2919869
vt 0.0096074 0.4024548
vn -0.9161441 0.3785491 -0.1318355
f 3364/3364/3364 3365/3365/3365 3366/3366/3366
v -19.6916351 4.3404598 -4.9324975
vt 0.0524628 0.3878978
vn -0.9001264 0.3629472 -0.2409188
v -19.1133442 4.5092320 -6.8388638
vt 0.0656058 0.3445713
vn -0.9001264 0.3629472 -0.2409188
v -21.0526867 0.0000000 -6.3862629
vt 0.0215298 0.3548577
vn -0.9001264 0.3629472 -0.2409188
f 3367/3367/3367 3368/3368/3368 3369/3369/3369
v -18.3509827 4.2056231 -8.6793680
vt 0.0829322 0.3027416
vn -0.7923226 0.1935094 -0.5786011
v -20.3253498 -3.0999999 -8.4190359
vt 0.0380602 0.3086583
vn -0.7923226 0.1935094 -0.5786011
v -21.0526867 0.0000000 -6.3862629
vt 0.0215298 0.3548577
vn -0.7923226 0.1935094 -0.5786011
f 3370/3370/3370 3371/3371/3371 3372/3372/3372
v -18.3509827 4.2056231 -8.6793680
vt 0.0829322 0.3027416
vn -0.8063824 0.3828486 -0.4507490
v -17.4118900 4.1150880 -10.4362860
vt 0.1042752 0.2628117
vn -0.8063824 0.3828486 -0.4507490
v -19.4022675 -0.0000000 -10.3707285
vt 0.0590394 0.2643016
vn -0.8063824 0.3828486 -0.4507490
f 3373/3373/3373 3374/3374/3374 3375/3375/3375
v -17.4118900 4.1150880 -10.4362860
vt 0.1042752 0.2628117
vn -0.8037607 0.3731228 -0.4634092
v -16.3051128 4.4420266 -12.0926962
vt 0.1294293 0.2251660
vn -0.8037607 0.3731228 -0.4634092
v -18.2923317 0.0000000 -12.2225447
vt 0.0842652 0.2222149
vn -0.8037607 0.3731228 -0.4634092
f 3376/3376/3376 3377/3377/3377 3378/3378/3378
v -16.3051128 4.4420266 -12.0926962
vt 0.1294293 0.2251660
vn -0.7214040 0.3616762 -0.5905647
v -15.0413074 4.4483137 -13.6326466
vt 0.1581521 0.1901671
vn -0.7214040 0.3616762 -0.5905647
v -17.0062294 0.0000000 -13.9566526
vt 0.1134948 0.1828033
vn -0.7214040 0.3616762 -0.5905647
f 3379/3379/3379 3380/3380/3380 3381/3381/3381
v -13.6326466 4.1197548 -15.0413074
vt 0.1901671 0.1581521
vn -0.5081208 0.1952316 -0.8388671
v -15.5563488 -3.0999999 -15.5563488
vt 0.1464466 0.1464466
vn -0.5081208 0.1952316 -0.8388671
v -17.0062294 0.0000000 -13.9566526
vt 0.1134948 0.1828033
vn -0.5081208 0.1952316 -0.8388671
f 3382/3382/3382 3383/3383/3383 3384/3384/3384
v -13.6326466 4.1197548 -15.0413074
vt 0.1901671 0.1581521
vn -0.5975964 0.3829737 -0.7044215
v -12.0926962 4.1981339 -16.3051128
vt 0.2251660 0.1294293
vn -0.5975964 0.3829737 -0.7044215
v -13.9566526 -0.0000000 -17.0062294
vt 0.1828033 0.1134948
vn -0.5975964 0.3829737 -0.7044215
f 3385/3385/3385 3386/3386/3386 3387/3387/3387
v -12.0926962 4.1981339 -16.3051128
vt 0.2251660 0.1294293
vn -0.5629987 0.3677579 -0.7401261
v -10.4362860 4.5064950 -17.4118900
vt 0.2628117 0.1042752
vn -0.5629987 0.3677579 -0.7401261
v -12.2225447 0.0000000 -18.2923317
vt 0.2222149 0.0842652
vn -0.5629987 0.3677579 -0.7401261
f 3388/3388/3388 3389/3389/3389 3390/3390/3390
v -10.4362860 4.5064950 -17.4118900
vt 0.2628117 0.1042752
vn -0.4137257 0.3627748 -0.8350003
v -8.6793680 4.3486547 -18.3509827
vt 0.3027416 0.0829322
vn -0.4137257 0.3627748 -0.8350003
v -10.3707285 0.0000000 -19.4022675
vt 0.2643016 0.0590394
vn -0.4137257 0.3627748 -0.8350003
f 3391/3391/3391 3392/3392/3392 3393/3393/3393
v -6.8388638 4.0809669 -19.1133442
vt 0.3445713 0.0656058
vn -0.1471855 0.1960191 -0.9694911
v -8.4190359 -3.0999999 -20.3253498
vt 0.3086583 0.0380602
vn -0.1471855 0.1960191 -0.9694911
v -10.3707285 0.0000000 -19.4022675
vt 0.2643016 0.0590394
vn -0.1471855 0.1960191 -0.9694911
f 3394/3394/3394 3395/3395/3395 3396/3396/3396
v -6.8388638 4.0809669 -19.1133442
vt 0.3445713 0.0656058
vn -0.3096200 0.3798952 -0.8716738
v -4.9324975 4.3077874 -19.6916351
vt 0.3878978 0.0524628
vn -0.3096200 0.3798952 -0.8716738
v -6.3862629 -0.0000000 -21.0526867
vt 0.3548577 0.0215298
vn -0.3096200 0.3798952 -0.8716738
f 3397/3397/3397 3398/3398/3398 3399/3399/3399
v -4.9324975 4.3077874 -19.6916351
vt 0.3878978 0.0524628
vn -0.2190433 0.3637416 -0.9053795
v -2.9786286 4.5170259 -20.0802822
vt 0.4323039 0.0436299
vn -0.2190433 0.3637416 -0.9053795
v -4.2919869 0.0000000 -21.5772762
vt 0.4024548 0.0096074
vn -0.2190433 0.3637416 -0.9053795
f 3400/3400/3400 3401/3401/3401 3402/3402/3402
v -2.9786286 4.5170259 -20.0802822
vt 0.4323039 0.0436299
vn -0.0397298 0.3660944 -0.9297292
v -0.9960738 4.2362871 -20.2755470
vt 0.4773620 0.0391921
vn -0.0397298 0.3660944 -0.9297292
v -2.1563771 -0.0000000 -21.8940639
vt 0.4509914 0.0024076
vn -0.0397298 0.3660944 -0.9297292
f 3403/3403/3403 3404/3404/3404 3405/3405/3405
v 0.9960738 4.0993919 -20.2755470
vt 0.5226380 0.0391921
vn 0.2344775 0.1956444 -0.9522309
v -0.0000000 -3.0999999 -22.0000000
vt 0.5000000 0.0000000
vn 0.2344775 0.1956444 -0.9522309
v -2.1563771 -0.0000000 -21.8940639
vt 0.4509914 0.0024076
vn 0.2344775 0.1956444 -0.9522309
f 3406/3406/3406 3407/3407/3407 3408/3408/3408
v 0.9960738 4.0993919 -20.2755470
vt 0.5226380 0.0391921
vn 0.0315254 0.3747570 -0.9265870
v 2.9786286 4.4154072 -20.0802822
vt 0.5676961 0.0436299
vn 0.0315254 0.3747570 -0.9265870
v 2.1563771 -0.0000000 -21.8940639
vt 0.5490086 0.0024076
vn 0.0315254 0.3747570 -0.9265870
f 3409/3409/3409 3410/3410/3410 3411/3411/3411
v 2.9786286 4.4154072 -20.0802822
vt 0.5676961 0.0436299
vn 0.1719835 0.3618019 -0.9162539
v 4.9324975 4.4708691 -19.6916351
vt 0.6121022 0.0524628
vn 0.1719835 0.3618019 -0.9162539
v 4.2919869 0.0000000 -21.5772762
vt 0.5975452 0.0096074
vn 0.1719835 0.3618019 -0.9162539
f 3412/3412/3412 3413/3413/3413 3414/3414/3414
v 4.9324975 4.4708691 -19.6916351
vt 0.6121022 0.0524628
vn 0.3278445 0.3710887 -0.8687988
v 6.8388638 4.1405616 -19.1133442
vt 0.6554287 0.0656058
vn 0.3278445 0.3710887 -0.8687988
v 6.3862629 0.0000000 -21.0526867
vt 0.6451423 0.0215298
vn 0.3278445 0.3710887 -0.8687988
f 3415/3415/3415 3416/3416/3416 3417/3417/3417
v 8.6793680 4.1702166 -18.3509827
vt 0.6972584 0.0829322
vn 0.5794063 0.1942161 -0.7915608
v 8.4190359 -3.0999999 -20.3253498
vt 0.6913417 0.0380602
vn 0.5794063 0.1942161 -0.7915608
v 6.3862629 0.0000000 -21.0526867
vt 0.6451423 0.0215298
vn 0.5794063 0.1942161 -0.7915608
f 3418/3418/3418 3419/3419/3419 3420/3420/3420
v 8.6793680 4.1702166 -18.3509827
vt 0.6972584 0.0829322
vn 0.3844410 0.3692180 -0.8460988
v 10.4362860 4.4928823 -17.4118900
vt 0.7371883 0.1042752
vn 0.3844410 0.3692180 -0.8460988
v 10.3707285 -0.0000000 -19.4022675
vt 0.7356984 0.0590394
vn 0.3844410 0.3692180 -0.8460988
f 3421/3421/3421 3422/3422/3422 3423/3423/3423
v 10.4362860 4.4928823 -17.4118900
vt 0.7371883 0.1042752
vn 0.5347716 0.3622157 -0.7634259
v 12.0926962 4.3800797 -16.3051128
vt 0.7748340 0.1294293
vn 0.5347716 0.3622157 -0.7634259
v 12.2225447 0.0000000 -18.2923317
vt 0.7777851 0.0842652
vn 0.5347716 0.3622157 -0.7634259
f 3424/3424/3424 3425/3425/3425 3426/3426/3426
v 12.0926962 4.3800797 -16.3051128
vt 0.7748340 0.1294293
vn 0.6295239 0.3766743 -0.6795706
v 13.6326466 4.0864820 -15.0413074
vt 0.8098329 0.1581521
vn 0.6295239 0.3766743 -0.6795706
v 13.9566526 -0.0000000 -17.0062294
vt 0.8171967 0.1134948
vn 0.6295239 0.3766743 -0.6795706
f 3427/3427/3427 3428/3428/3428 3429/3429/3429
v 15.0413074 4.2749414 -13.6326466
vt 0.8418479 0.1901671
vn 0.8368862 0.1921395 -0.5125464
v 15.5563488 -3.0999999 -15.5563488
vt 0.8535534 0.1464466
vn 0.8368862 0.1921395 -0.5125464
v 13.9566526 -0.0000000 -17.0062294
vt 0.8171967 0.1134948
vn 0.8368862 0.1921395 -0.5125464
f 3430/3430/3430 3431/3431/3431 3432/3432/3432
v 15.0413074 4.2749414 -13.6326466
vt 0.8418479 0.1901671
vn 0.6904711 0.3647124 -0.6246876
v 16.3051128 4.5199752 -12.0926962
vt 0.8705707 0.2251660
vn 0.6904711 0.3647124 -0.6246876
v 17.0062294 -0.0000000 -13.9566526
vt 0.8865052 0.1828033
vn 0.6904711 0.3647124 -0.6246876
f 3433/3433/3433 3434/3434/3434 3435/3435/3435
v 16.3051128 4.5199752 -12.0926962
vt 0.8705707 0.2251660
vn 0.7987848 0.3649282 -0.4782995
v 17.4118900 4.2683735 -10.4362860
vt 0.8957248 0.2628117
vn 0.7987848 0.3649282 -0.4782995
v 18.2923317 0.0000000 -12.2225447
vt 0.9157348 0.2222149
vn 0.7987848 0.3649282 -0.4782995
f 3436/3436/3436 3437/3437/3437 3438/3438/3438
v 17.4118900 4.2683735 -10.4362860
vt 0.8957248 0.2628117
vn 0.8309918 0.3812769 -0.4050689
v 18.3509827 4.0881748 -8.6793680
vt 0.9170678 0.3027416
vn 0.8309918 0.3812769 -0.4050689
v 19.4022675 0.0000000 -10.3707285
vt 0.9409606 0.2643016
vn 0.8309918 0.3812769 -0.4050689
f 3439/3439/3439 3440/3440/3440 3441/3441/3441
v 19.1133442 4.3862119 -6.8388638
vt 0.9343942 0.3445713
vn 0.9692109 0.1899785 -0.1566477
v 20.3253498 -3.0999999 -8.4190359
vt 0.9619398 0.3086583
vn 0.9692109 0.1899785 -0.1566477
v 19.4022675 0.0000000 -10.3707285
vt 0.9409606 0.2643016
vn 0.9692109 0.1899785 -0.1566477
f 3442/3442/3442 3443/3443/3443 3444/3444/3444
v 19.1133442 4.3862119 -6.8388638
vt 0.9343942 0.3445713
vn 0.8863544 0.3621264 -0.2885141
v 19.6916351 4.4896092 -4.9324975
vt 0.9475372 0.3878978
vn 0.8863544 0.3621264 -0.2885141
v 21.0526867 -0.0000000 -6.3862629
vt 0.9784702 0.3548577
vn 0.8863544 0.3621264 -0.2885141
f 3445/3445/3445 3446/3446/3446 3447/3447/3447
v 19.6916351 4.4896092 -4.9324975
vt 0.9475372 0.3878978
vn 0.9211998 0.3695238 -0.1218322
v 20.0802822 4.1649280 -2.9786286
vt 0.9563701 0.4323039
vn 0.9211998 0.3695238 -0.1218322
v 21.5772762 0.0000000 -4.2919869
vt 0.9903926 0.4024548
vn 0.9211998 0.3695238 -0.1218322
f 3448/3448/3448 3449/3449/3449 3450/3450/3450
v 20.0802822 4.1649280 -2.9786286
vt 0.9563701 0.4323039
vn 0.9195326 0.3833200 -0.0867512
v 20.2755470 4.1451969 -0.9960738
vt 0.9608079 0.4773620
vn 0.9195326 0.3833200 -0.0867512
v 21.8940639 -0.0000000 -2.1563771
vt 0.9975924 0.4509914
vn 0.9195326 0.3833200 -0.0867512
f 3451/3451/3451 3452/3452/3452 3453/3453/3453
v 20.2755470 4.1074004 0.9960738
vt 0.9608079 0.5226380
vn 0.9523228 0.1954819 0.2342394
v 22.0000000 -3.0999999 0.0000000
vt 1.0000000 0.5000000
vn 0.9523228 0.1954819 0.2342394
v 21.8940639 -0.0000000 -2.1563771
vt 0.9975924 0.4509914
vn 0.9523228 0.1954819 0.2342394
f 3454/3454/3454 3455/3455/3455 3456/3456/3456
v 21.8940639 -0.0000000 2.1563771
vt 0.9975924 0.5490086
vn -0.0817749 -0.5513217 0.8302754
v 20.7993603 -0.0000000 2.0485582
vt 0.9727127 0.5465581
vn -0.0817749 -0.5513217 0.8302754
v 20.8999996 -3.0999999 0.0000000
vt 0.9750000 0.5000000
vn -0.0817749 -0.5513217 0.8302754
f 3457/3457/3457 3458/3458/3458 3459/3459/3459
v 21.8940639 -0.0000000 2.1563771
vt 0.9975924 0.5490086
vn -0.0000000 -1.0000000 0.0000000
v 21.5772762 0.0000000 4.2919869
vt 0.9903926 0.5975452
vn -0.0000000 -1.0000000 0.0000000
v 20.4984131 0.0000000 4.0773878
vt 0.9658730 0.5926679
vn -0.0000000 -1.0000000 0.0000000
f 3460/3460/3460 3461/3461/3461 3462/3462/3462
v 21.0526867 0.0000000 6.3862629
vt 0.9784702 0.6451423
vn 0.0000000 -1.0000000 0.0000000
v 20.0000534 0.0000000 6.0669498
vt 0.9545467 0.6378852
vn 0.0000000 -1.0000000 0.0000000
v 20.4984131 0.0000000 4.0773878
vt 0.9658730 0.5926679
vn 0.0000000 -1.0000000 0.0000000
f 3463/3463/3463 3464/3464/3464 3465/3465/3465
v 20.3253498 -3.0999999 8.4190359
vt 0.9619398 0.6913417
vn 0.3192703 -0.5513217 -0.7707859
v 19.3090820 -3.0999999 7.9980836
vt 0.9388428 0.6817746
vn 0.3192703 -0.5513217 -0.7707859
v 20.0000534 0.0000000 6.0669498
vt 0.9545467 0.6378852
vn 0.3192703 -0.5513217 -0.7707859
f 3466/3466/3466 3467/3467/3467 3468/3468/3468
v 19.4022675 -0.0000000 10.3707285
vt 0.9409606 0.7356984
vn -0.3932828 -0.5513218 0.7357805
v 18.4321537 -0.0000000 9.8521919
vt 0.9189126 0.7239135
vn -0.3932828 -0.5513218 0.7357805
v 19.3090820 -3.0999999 7.9980836
vt 0.9388428 0.6817746
vn -0.3932828 -0.5513218 0.7357805
f 3469/3469/3469 3470/3470/3470 3471/3471/3471
v 18.2923317 0.0000000 12.2225447
vt 0.9157348 0.7777851
vn -0.0000000 -1.0000000 0.0000000
v 17.3777142 0.0000000 11.6114178
vt 0.8949480 0.7638959
vn -0.0000000 -1.0000000 0.0000000
v 18.4321537 -0.0000000 9.8521919
vt 0.9189126 0.7239135
vn -0.0000000 -1.0000000 0.0000000
f 3472/3472/3472 3473/3473/3473 3474/3474/3474
v 17.0062294 0.0000000 13.9566526
vt 0.8865052 0.8171967
vn 0.0000000 -1.0000000 0.0000000
v 16.1559181 0.0000000 13.2588196
vt 0.8671800 0.8013368
vn 0.0000000 -1.0000000 0.0000000
v 17.3777142 0.0000000 11.6114178
vt 0.8949480 0.7638959
vn 0.0000000 -1.0000000 0.0000000
f 3475/3475/3475 3476/3476/3476 3477/3477/3477
v 15.5563488 -3.0999999 15.5563488
vt 0.8535534 0.8535534
vn 0.5899341 -0.5513217 -0.5899341
v 14.7785320 -3.0999999 14.7785320
vt 0.8358757 0.8358757
vn 0.5899341 -0.5513217 -0.5899341
v 16.1559181 0.0000000 13.2588196
vt 0.8671800 0.8013368
vn 0.5899341 -0.5513217 -0.5899341
f 3478/3478/3478 3479/3479/3479 3480/3480/3480
v 13.9566526 -0.0000000 17.0062294
vt 0.8171967 0.8865052
vn -0.6449168 -0.5513217 0.5292700
v 13.2588196 -0.0000000 16.1559181
vt 0.8013368 0.8671800
vn -0.6449168 -0.5513217 0.5292700
v 14.7785320 -3.0999999 14.7785320
vt 0.8358757 0.8358757
vn -0.6449168 -0.5513217 0.5292700
f 3481/3481/3481 3482/3482/3482 3483/3483/3483
v 13.9566526 -0.0000000 17.0062294
vt 0.8171967 0.8865052
vn -0.0000000 -1.0000000 0.0000000
v 12.2225447 0.0000000 18.2923317
vt 0.7777851 0.9157348
vn -0.0000000 -1.0000000 0.0000000
v 11.6114178 0.0000000 17.3777142
vt 0.7638959 0.8949480
vn -0.0000000 -1.0000000 0.0000000
f 3484/3484/3484 3485/3485/3485 3486/3486/3486
v 12.2225447 0.0000000 18.2923317
vt 0.7777851 0.9157348
vn 0.0000000 -1.0000000 0.0000000
v 10.3707285 0.0000000 19.4022675
vt 0.7356984 0.9409606
vn 0.0000000 -1.0000000 0.0000000
v 9.8521919 0.0000000 18.4321537
vt 0.7239135 0.9189126
vn 0.0000000 -1.0000000 0.0000000
f 3487/3487/3487 3488/3488/3488 3489/3489/3489
v 8.4190359 -3.0999999 20.3253498
vt 0.6913417 0.9619398
vn 0.7707859 -0.5513219 -0.3192703
v 7.9980836 -3.0999999 19.3090820
vt 0.6817746 0.9388428
vn 0.7707859 -0.5513219 -0.3192703
v 9.8521919 0.0000000 18.4321537
vt 0.7239135 0.9189126
vn 0.7707859 -0.5513219 -0.3192703
f 3490/3490/3490 3491/3491/3491 3492/3492/3492
v 6.3862629 0.0000000 21.0526867
vt 0.6451423 0.9784702
vn -0.7983683 -0.5513217 0.2421826
v 6.0669498 0.0000000 20.0000534
vt 0.6378852 0.9545467
vn -0.7983683 -0.5513217 0.2421826
v 7.9980836 -3.0999999 19.3090820
vt 0.6817746 0.9388428
vn -0.7983683 -0.5513217 0.2421826
f 3493/3493/3493 3494/3494/3494 3495/3495/3495
v 6.3862629 0.0000000 21.0526867
vt 0.6451423 0.9784702
vn 0.0000000 -1.0000000 0.0000000
v 4.2919869 0.0000000 21.5772762
vt 0.5975452 0.9903926
vn 0.0000000 -1.0000000 0.0000000
v 4.0773878 0.0000000 20.4984131
vt 0.5926679 0.9658730
vn 0.0000000 -1.0000000 0.0000000
f 3496/3496/3496 3497/3497/3497 3498/3498/3498
v 2.1563771 0.0000000 21.8940639
vt 0.5490086 0.9975924
vn 0.0000000 -1.0000000 0.0000000
v 2.0485582 0.0000000 20.7993603
vt 0.5465581 0.9727127
vn 0.0000000 -1.0000000 0.0000000
v 4.0773878 0.0000000 20.4984131
vt 0.5926679 0.9658730
vn 0.0000000 -1.0000000 0.0000000
f 3499/3499/3499 3500/3500/3500 3501/3501/3501
v 2.1563771 0.0000000 21.8940639
vt 0.5490086 0.9975924
vn 0.8209231 -0.5710387 -0.0000000
v 0.0000000 -3.0999999 22.0000000
vt 0.5000000 1.0000000
vn 0.8209231 -0.5710387 -0.0000000
v 0.0000000 -3.0999999 20.8999996
vt 0.5000000 0.9750000
vn 0.8209231 -0.5710387 -0.0000000
f 3502/3502/3502 3503/3503/3503 3504/3504/3504
v -2.1563771 0.0000000 21.8940639
vt 0.4509914 0.9975924
vn -0.8302754 -0.5513217 -0.0817749
v -2.0485582 0.0000000 20.7993603
vt 0.4534419 0.9727127
vn -0.8302754 -0.5513217 -0.0817749
v 0.0000000 -3.0999999 20.8999996
vt 0.5000000 0.9750000
vn -0.8302754 -0.5513217 -0.0817749
f 3505/3505/3505 3506/3506/3506 3507/3507/3507
v -2.1563771 0.0000000 21.8940639
vt 0.4509914 0.9975924
vn 0.0000000 -1.0000000 0.0000000
v -4.2919869 0.0000000 21.5772762
vt 0.4024548 0.9903926
vn 0.0000000 -1.0000000 0.0000000
v -4.0773878 0.0000000 20.4984131
vt 0.4073321 0.9658730
vn 0.0000000 -1.0000000 0.0000000
f 3508/3508/3508 3509/3509/3509 3510/3510/3510
v -6.3862629 0.0000000 21.0526867
vt 0.3548577 0.9784702
vn 0.0000000 -1.0000000 0.0000000
v -6.0669498 0.0000000 20.0000534
vt 0.3621148 0.9545467
vn 0.0000000 -1.0000000 0.0000000
v -4.0773878 0.0000000 20.4984131
vt 0.4073321 0.9658730
vn 0.0000000 -1.0000000 0.0000000
f 3511/3511/3511 3512/3512/3512 3513/3513/3513
v -8.4190359 -3.0999999 20.3253498
vt 0.3086583 0.9619398
vn 0.7707859 -0.5513217 0.3192703
v -7.9980836 -3.0999999 19.3090820
vt 0.3182254 0.9388428
vn 0.7707859 -0.5513217 0.3192703
v -6.0669498 0.0000000 20.0000534
vt 0.3621148 0.9545467
vn 0.7707859 -0.5513217 0.3192703
f 3514/3514/3514 3515/3515/3515 3516/3516/3516
v -10.3707285 0.0000000 19.4022675
vt 0.2643016 0.9409606
vn -0.7357805 -0.5513218 -0.3932828
v -9.8521919 0.0000000 18.4321537
vt 0.2760865 0.9189126
vn -0.7357805 -0.5513218 -0.3932828
v -7.9980836 -3.0999999 19.3090820
vt 0.3182254 0.9388428
vn -0.7357805 -0.5513218 -0.3932828
f 3517/3517/3517 3518/3518/3518 3519/3519/3519
v -12.2225447 0.0000000 18.2923317
vt 0.2222149 0.9157348
vn 0.0000000 -1.0000000 0.0000000
v -11.6114178 0.0000000 17.3777142
vt 0.2361041 0.8949480
vn 0.0000000 -1.0000000 0.0000000
v -9.8521919 0.0000000 18.4321537
vt 0.2760865 0.9189126
vn 0.0000000 -1.0000000 0.0000000
f 3520/3520/3520 3521/3521/3521 3522/3522/3522
v -13.9566526 0.0000000 17.0062294
vt 0.1828033 0.8865052
vn 0.0000000 -1.0000000 0.0000000
v -13.2588196 0.0000000 16.1559181
vt 0.1986632 0.8671800
vn 0.0000000 -1.0000000 0.0000000
v -11.6114178 0.0000000 17.3777142
vt 0.2361041 0.8949480
vn 0.0000000 -1.0000000 0.0000000
f 3523/3523/3523 3524/3524/3524 3525/3525/3525
v -13.9566526 0.0000000 17.0062294
vt 0.1828033 0.8865052
vn 0.5804804 -0.5710386 0.5804804
v -15.5563488 -3.0999999 15.5563488
vt 0.1464466 0.8535534
vn 0.5804804 -0.5710386 0.5804804
v -14.7785320 -3.0999999 14.7785320
vt 0.1641243 0.8358757
vn 0.5804804 -0.5710386 0.5804804
f 3526/3526/3526 3527/3527/3527 3528/3528/3528
v -15.5563488 -3.0999999 15.5563488
vt 0.1464466 0.8535534
vn -0.5207884 -0.5710386 -0.6345820
v -17.0062294 0.0000000 13.9566526
vt 0.1134948 0.8171967
vn -0.5207884 -0.5710386 -0.6345820
v -16.1559181 0.0000000 13.2588196
vt 0.1328200 0.8013368
vn -0.5207884 -0.5710386 -0.6345820
f 3529/3529/3529 3530/3530/3530 3531/3531/3531
v -17.0062294 0.0000000 13.9566526
vt 0.1134948 0.8171967
vn 0.0000000 -1.0000000 0.0000000
v -18.2923317 0.0000000 12.2225447
vt 0.0842652 0.7777851
vn 0.0000000 -1.0000000 0.0000000
v -17.3777142 0.0000000 11.6114178
vt 0.1050520 0.7638959
vn 0.0000000 -1.0000000 0.0000000
f 3532/3532/3532 3533/3533/3533 3534/3534/3534
v -18.2923317 0.0000000 12.2225447
vt 0.0842652 0.7777851
vn 0.0000000 -1.0000000 0.0000000
v -19.4022675 0.0000000 10.3707285
vt 0.0590394 0.7356984
vn 0.0000000 -1.0000000 0.0000000
v -18.4321537 0.0000000 9.8521919
vt 0.0810874 0.7239135
vn 0.0000000 -1.0000000 0.0000000
f 3535/3535/3535 3536/3536/3536 3537/3537/3537
v -19.4022675 0.0000000 10.3707285
vt 0.0590394 0.7356984
vn 0.3141539 -0.5710387 0.7584339
v -20.3253498 -3.0999999 8.4190359
vt 0.0380602 0.6913417
vn 0.3141539 -0.5710387 0.7584339
v -19.3090820 -3.0999999 7.9980836
vt 0.0611572 0.6817746
vn 0.3141539 -0.5710387 0.7584339
f 3538/3538/3538 3539/3539/3539 3540/3540/3540
v -20.3253498 -3.0999999 8.4190359
vt 0.0380602 0.6913417
vn -0.2383016 -0.5710387 -0.7855745
v -21.0526867 0.0000000 6.3862629
vt 0.0215298 0.6451423
vn -0.2383016 -0.5710387 -0.7855745
v -20.0000534 0.0000000 6.0669498
vt 0.0454533 0.6378852
vn -0.2383016 -0.5710387 -0.7855745
f 3541/3541/3541 3542/3542/3542 3543/3543/3543
v -21.0526867 0.0000000 6.3862629
vt 0.0215298 0.6451423
vn 0.0000000 -1.0000000 0.0000000
v -21.5772762 0.0000000 4.2919869
vt 0.0096074 0.5975452
vn 0.0000000 -1.0000000 0.0000000
v -20.4984131 0.0000000 4.0773878
vt 0.0341270 0.5926679
vn 0.0000000 -1.0000000 0.0000000
f 3544/3544/3544 3545/3545/3545 3546/3546/3546
v -21.8940639 0.0000000 2.1563771
vt 0.0024076 0.5490086
vn 0.0000000 -1.0000000 0.0000000
v -20.7993603 0.0000000 2.0485582
vt 0.0272873 0.5465581
vn 0.0000000 -1.0000000 0.0000000
v -20.4984131 0.0000000 4.0773878
vt 0.0341270 0.5926679
vn 0.0000000 -1.0000000 0.0000000
f 3547/3547/3547 3548/3548/3548 3549/3549/3549
v -21.8940639 0.0000000 2.1563771
vt 0.0024076 0.5490086
vn 0.0000000 -0.5710387 0.8209231
v -22.0000000 -3.0999999 0.0000000
vt 0.0000000 0.5000000
vn 0.0000000 -0.5710387 0.8209231
v -20.8999996 -3.0999999 0.0000000
vt 0.0250000 0.5000000
vn 0.0000000 -0.5710387 0.8209231
f 3550/3550/3550 3551/3551/3551 3552/3552/3552
v -21.8940639 -0.0000000 -2.1563771
vt 0.0024076 0.4509914
vn 0.0817749 -0.5513217 -0.8302754
v -20.7993603 -0.0000000 -2.0485582
vt 0.0272873 0.4534419
vn 0.0817749 -0.5513217 -0.8302754
v -20.8999996 -3.0999999 0.0000000
vt 0.0250000 0.5000000
vn 0.0817749 -0.5513217 -0.8302754
f 3553/3553/3553 3554/3554/3554 3555/3555/3555
v -21.8940639 -0.0000000 -2.1563771
vt 0.0024076 0.4509914
vn 0.0000000 -1.0000000 -0.0000000
v -21.5772762 0.0000000 -4.2919869
vt 0.0096074 0.4024548
vn 0.0000000 -1.0000000 -0.0000000
v -20.4984131 0.0000000 -4.0773878
vt 0.0341270 0.4073321
vn 0.0000000 -1.0000000 -0.0000000
f 3556/3556/3556 3557/3557/3557 3558/3558/3558
v -21.0526867 0.0000000 -6.3862629
vt 0.0215298 0.3548577
vn 0.0000000 -1.0000000 0.0000000
v -20.0000534 0.0000000 -6.0669498
vt 0.0454533 0.3621148
vn 0.0000000 -1.0000000 0.0000000
v -20.4984131 0.0000000 -4.0773878
vt 0.0341270 0.4073321
vn 0.0000000 -1.0000000 0.0000000
f 3559/3559/3559 3560/3560/3560 3561/3561/3561
v -20.3253498 -3.0999999 -8.4190359
vt 0.0380602 0.3086583
vn -0.3192703 -0.5513217 0.7707859
v -19.3090820 -3.0999999 -7.9980836
vt 0.0611572 0.3182254
vn -0.3192703 -0.5513217 0.7707859
v -20.0000534 0.0000000 -6.0669498
vt 0.0454533 0.3621148
vn -0.3192703 -0.5513217 0.7707859
f 3562/3562/3562 3563/3563/3563 3564/3564/3564
v -19.4022675 -0.0000000 -10.3707285
vt 0.0590394 0.2643016
vn 0.3932828 -0.5513218 -0.7357805
v -18.4321537 -0.0000000 -9.8521919
vt 0.0810874 0.2760865
vn 0.3932828 -0.5513218 -0.7357805
v -19.3090820 -3.0999999 -7.9980836
vt 0.0611572 0.3182254
vn 0.3932828 -0.5513218 -0.7357805
f 3565/3565/3565 3566/3566/3566 3567/3567/3567
v -18.2923317 0.0000000 -12.2225447
vt 0.0842652 0.2222149
vn 0.0000000 -1.0000000 -0.0000000
v -17.3777142 0.0000000 -11.6114178
vt 0.1050520 0.2361041
vn 0.0000000 -1.0000000 -0.0000000
v -18.4321537 -0.0000000 -9.8521919
vt 0.0810874 0.2760865
vn 0.0000000 -1.0000000 -0.0000000
f 3568/3568/3568 3569/3569/3569 3570/3570/3570
v -17.0062294 0.0000000 -13.9566526
vt 0.1134948 0.1828033
vn 0.0000000 -1.0000000 0.0000000
v -16.1559181 0.0000000 -13.2588196
vt 0.1328200 0.1986632
vn 0.0000000 -1.0000000 0.0000000
v -17.3777142 0.0000000 -11.6114178
vt 0.1050520 0.2361041
vn 0.0000000 -1.0000000 0.0000000
f 3571/3571/3571 3572/3572/3572 3573/3573/3573
v -15.5563488 -3.0999999 -15.5563488
vt 0.1464466 0.1464466
vn -0.5899341 -0.5513217 0.5899341
v -14.7785320 -3.0999999 -14.7785320
vt 0.1641243 0.1641243
vn -0.5899341 -0.5513217 0.5899341
v -16.1559181 0.0000000 -13.2588196
vt 0.1328200 0.1986632
vn -0.5899341 -0.5513217 0.5899341
f 3574/3574/3574 3575/3575/3575 3576/3576/3576
v -13.9566526 -0.0000000 -17.0062294
vt 0.1828033 0.1134948
vn 0.6449168 -0.5513217 -0.5292700
v -13.2588196 -0.0000000 -16.1559181
vt 0.1986632 0.1328200
vn 0.6449168 -0.5513217 -0.5292700
v -14.7785320 -3.0999999 -14.7785320
vt 0.1641243 0.1641243
vn 0.6449168 -0.5513217 -0.5292700
f 3577/3577/3577 3578/3578/3578 3579/3579/3579
v -13.9566526 -0.0000000 -17.0062294
vt 0.1828033 0.1134948
vn 0.0000000 -1.0000000 -0.0000000
v -12.2225447 0.0000000 -18.2923317
vt 0.2222149 0.0842652
vn 0.0000000 -1.0000000 -0.0000000
v -11.6114178 0.0000000 -17.3777142
vt 0.2361041 0.1050520
vn 0.0000000 -1.0000000 -0.0000000
f 3580/3580/3580 3581/3581/3581 3582/3582/3582
v -12.2225447 0.0000000 -18.2923317
vt 0.2222149 0.0842652
vn 0.0000000 -1.0000000 0.0000000
v -10.3707285 0.0000000 -19.4022675
vt 0.2643016 0.0590394
vn 0.0000000 -1.0000000 0.0000000
v -9.8521919 0.0000000 -18.4321537
vt 0.2760865 0.0810874
vn 0.0000000 -1.0000000 0.0000000
f 3583/3583/3583 3584/3584/3584 3585/3585/3585
v -8.4190359 -3.0999999 -20.3253498
vt 0.3086583 0.0380602
vn -0.7707859 -0.5513219 0.3192703
v -7.9980836 -3.0999999 -19.3090820
vt 0.3182254 0.0611572
vn -0.7707859 -0.5513219 0.3192703
v -9.8521919 0.0000000 -18.4321537
vt 0.2760865 0.0810874
vn -0.7707859 -0.5513219 0.3192703
f 3586/3586/3586 3587/3587/3587 3588/3588/3588
v -6.3862629 -0.0000000 -21.0526867
vt 0.3548577 0.0215298
vn 0.7983683 -0.5513217 -0.2421826
v -6.0669498 -0.0000000 -20.0000534
vt 0.3621148 0.0454533
vn 0.7983683 -0.5513217 -0.2421826
v -7.9980836 -3.0999999 -19.3090820
vt 0.3182254 0.0611572
vn 0.7983683 -0.5513217 -0.2421826
f 3589/3589/3589 3590/3590/3590 3591/3591/3591
v -6.3862629 -0.0000000 -21.0526867
vt 0.3548577 0.0215298
vn 0.0000000 -1.0000000 -0.0000000
v -4.2919869 0.0000000 -21.5772762
vt 0.4024548 0.0096074
vn 0.0000000 -1.0000000 -0.0000000
v -4.0773878 0.0000000 -20.4984131
vt 0.4073321 0.0341270
vn 0.0000000 -1.0000000 -0.0000000
f 3592/3592/3592 3593/3593/3593 3594/3594/3594
v -2.1563771 -0.0000000 -21.8940639
vt 0.4509914 0.0024076
vn -0.0000000 -1.0000000 0.0000000
v -2.0485582 -0.0000000 -20.7993603
vt 0.4534419 0.0272873
vn -0.0000000 -1.0000000 0.0000000
v -4.0773878 0.0000000 -20.4984131
vt 0.4073321 0.0341270
vn -0.0000000 -1.0000000 0.0000000
f 3595/3595/3595 3596/3596/3596 3597/3597/3597
v -2.1563771 -0.0000000 -21.8940639
vt 0.4509914 0.0024076
vn -0.8209231 -0.5710387 0.0000000
v -0.0000000 -3.0999999 -22.0000000
vt 0.5000000 0.0000000
vn -0.8209231 -0.5710387 0.0000000
v -0.0000000 -3.0999999 -20.8999996
vt 0.5000000 0.0250000
vn -0.8209231 -0.5710387 0.0000000
f 3598/3598/3598 3599/3599/3599 3600/3600/3600
v 2.1563771 -0.0000000 -21.8940639
vt 0.5490086 0.0024076
vn 0.8302754 -0.5513217 0.0817749
v 2.0485582 -0.0000000 -20.7993603
vt 0.5465581 0.0272873
vn 0.8302754 -0.5513217 0.0817749
v -0.0000000 -3.0999999 -20.8999996
vt 0.5000000 0.0250000
vn 0.8302754 -0.5513217 0.0817749
f 3601/3601/3601 3602/3602/3602 3603/3603/3603
v 2.1563771 -0.0000000 -21.8940639
vt 0.5490086 0.0024076
vn 0.0000000 -1.0000000 0.0000000
v 4.2919869 0.0000000 -21.5772762
vt 0.5975452 0.0096074
vn 0.0000000 -1.0000000 0.0000000
v 4.0773878 0.0000000 -20.4984131
vt 0.5926679 0.0341270
vn 0.0000000 -1.0000000 0.0000000
f 3604/3604/3604 3605/3605/3605 3606/3606/3606
v 6.3862629 0.0000000 -21.0526867
vt 0.6451423 0.0215298
vn 0.0000000 -1.0000000 0.0000000
v 6.0669498 0.0000000 -20.0000534
vt 0.6378852 0.0454533
vn 0.0000000 -1.0000000 0.0000000
v 4.0773878 0.0000000 -20.4984131
vt 0.5926679 0.0341270
vn 0.0000000 -1.0000000 0.0000000
f 3607/3607/3607 3608/3608/3608 3609/3609/3609
v 8.4190359 -3.0999999 -20.3253498
vt 0.6913417 0.0380602
vn -0.7707859 -0.5513217 -0.3192703
v 7.9980836 -3.0999999 -19.3090820
vt 0.6817746 0.0611572
vn -0.7707859 -0.5513217 -0.3192703
v 6.0669498 0.0000000 -20.0000534
vt 0.6378852 0.0454533
vn -0.7707859 -0.5513217 -0.3192703
f 3610/3610/3610 3611/3611/3611 3612/3612/3612
v 10.3707285 -0.0000000 -19.4022675
vt 0.7356984 0.0590394
vn 0.7357805 -0.5513218 0.3932828
v 9.8521919 -0.0000000 -18.4321537
vt 0.7239135 0.0810874
vn 0.7357805 -0.5513218 0.3932828
v 7.9980836 -3.0999999 -19.3090820
vt 0.6817746 0.0611572
vn 0.7357805 -0.5513218 0.3932828
f 3613/3613/3613 3614/3614/3614 3615/3615/3615
v 12.2225447 0.0000000 -18.2923317
vt 0.7777851 0.0842652
vn 0.0000000 -1.0000000 0.0000000
v 11.6114178 0.0000000 -17.3777142
vt 0.7638959 0.1050520
vn 0.0000000 -1.0000000 0.0000000
v 9.8521919 -0.0000000 -18.4321537
vt 0.7239135 0.0810874
vn 0.0000000 -1.0000000 0.0000000
f 3616/3616/3616 3617/3617/3617 3618/3618/3618
v 13.9566526 -0.0000000 -17.0062294
vt 0.8171967 0.1134948
vn -0.0000000 -1.0000000 -0.0000000
v 13.2588196 -0.0000000 -16.1559181
vt 0.8013368 0.1328200
vn -0.0000000 -1.0000000 -0.0000000
v 11.6114178 0.0000000 -17.3777142
vt 0.7638959 0.1050520
vn -0.0000000 -1.0000000 -0.0000000
f 3619/3619/3619 3620/3620/3620 3621/3621/3621
v 13.9566526 -0.0000000 -17.0062294
vt 0.8171967 0.1134948
vn -0.5804804 -0.5710386 -0.5804804
v 15.5563488 -3.0999999 -15.5563488
vt 0.8535534 0.1464466
vn -0.5804804 -0.5710386 -0.5804804
v 14.7785320 -3.0999999 -14.7785320
vt 0.8358757 0.1641243
vn -0.5804804 -0.5710386 -0.5804804
f 3622/3622/3622 3623/3623/3623 3624/3624/3624
v 15.5563488 -3.0999999 -15.5563488
vt 0.8535534 0.1464466
vn 0.5207884 -0.5710386 0.6345820
v 17.0062294 -0.0000000 -13.9566526
vt 0.8865052 0.1828033
vn 0.5207884 -0.5710386 0.6345820
v 16.1559181 -0.0000000 -13.2588196
vt 0.8671800 0.1986632
vn 0.5207884 -0.5710386 0.6345820
f 3625/3625/3625 3626/3626/3626 3627/3627/3627
v 17.0062294 -0.0000000 -13.9566526
vt 0.8865052 0.1828033
vn 0.0000000 -1.0000000 0.0000000
v 18.2923317 0.0000000 -12.2225447
vt 0.9157348 0.2222149
vn 0.0000000 -1.0000000 0.0000000
v 17.3777142 0.0000000 -11.6114178
vt 0.8949480 0.2361041
vn 0.0000000 -1.0000000 0.0000000
f 3628/3628/3628 3629/3629/3629 3630/3630/3630
v 18.2923317 0.0000000 -12.2225447
vt 0.9157348 0.2222149
vn 0.0000000 -1.0000000 0.0000000
v 19.4022675 0.0000000 -10.3707285
vt 0.9409606 0.2643016
vn 0.0000000 -1.0000000 0.0000000
v 18.4321537 0.0000000 -9.8521919
vt 0.9189126 0.2760865
vn 0.0000000 -1.0000000 0.0000000
f 3631/3631/3631 3632/3632/3632 3633/3633/3633
v 19.4022675 0.0000000 -10.3707285
vt 0.9409606 0.2643016
vn -0.3141539 -0.5710387 -0.7584339
v 20.3253498 -3.0999999 -8.4190359
vt 0.9619398 0.3086583
vn -0.3141539 -0.5710387 -0.7584339
v 19.3090820 -3.0999999 -7.9980836
vt 0.9388428 0.3182254
vn -0.3141539 -0.5710387 -0.7584339
f 3634/3634/3634 3635/3635/3635 3636/3636/3636
v 20.3253498 -3.0999999 -8.4190359
vt 0.9619398 0.3086583
vn 0.2383016 -0.5710387 0.7855745
v 21.0526867 -0.0000000 -6.3862629
vt 0.9784702 0.3548577
vn 0.2383016 -0.5710387 0.7855745
v 20.0000534 -0.0000000 -6.0669498
vt 0.9545467 0.3621148
vn 0.2383016 -0.5710387 0.7855745
f 3637/3637/3637 3638/3638/3638 3639/3639/3639
v 21.0526867 -0.0000000 -6.3862629
vt 0.9784702 0.3548577
vn 0.0000000 -1.0000000 0.0000000
v 21.5772762 0.0000000 -4.2919869
vt 0.9903926 0.4024548
vn 0.0000000 -1.0000000 0.0000000
v 20.4984131 0.0000000 -4.0773878
vt 0.9658730 0.4073321
vn 0.0000000 -1.0000000 0.0000000
f 3640/3640/3640 3641/3641/3641 3642/3642/3642
v 21.8940639 -0.0000000 -2.1563771
vt 0.9975924 0.4509914
vn -0.0000000 -1.0000000 -0.0000000
v 20.7993603 -0.0000000 -2.0485582
vt 0.9727127 0.4534419
vn -0.0000000 -1.0000000 -0.0000000
v 20.4984131 0.0000000 -4.0773878
vt 0.9658730 0.4073321
vn -0.0000000 -1.0000000 -0.0000000
f 3643/3643/3643 3644/3644/3644 3645/3645/3645
v 21.8940639 -0.0000000 -2.1563771
vt 0.9975924 0.4509914
vn 0.0000000 -0.5710387 -0.8209231
v 22.0000000 -3.0999999 0.0000000
vt 1.0000000 0.5000000
vn 0.0000000 -0.5710387 -0.8209231
v 20.8999996 -3.0999999 0.0000000
vt 0.9750000 0.5000000
vn 0.0000000 -0.5710387 -0.8209231
f 3646/3646/3646 3647/3647/3647 3648/3648/3648
v 20.7993603 -0.0000000 2.0485582
vt 0.9727127 0.5465581
vn -0.9227371 -0.3850709 0.0166339
v 19.2070656 3.8088074 1.8917308
vt 0.9365242 0.5429939
vn -0.9227371 -0.3850709 0.0166339
v 19.2999992 3.5043955 0.0000000
vt 0.9386363 0.5000000
vn -0.9227371 -0.3850709 0.0166339
f 3649/3649/3649 3650/3650/3650 3651/3651/3651
v 20.7993603 -0.0000000 2.0485582
vt 0.9727127 0.5465581
vn -0.9058036 -0.4018291 -0.1343627
v 20.4984131 0.0000000 4.0773878
vt 0.9658730 0.5926679
vn -0.9058036 -0.4018291 -0.1343627
v 18.9291553 3.6417971 3.7652433
vt 0.9302081 0.5855737
vn -0.9058036 -0.4018291 -0.1343627
f 3652/3652/3652 3653/3653/3653 3654/3654/3654
v 20.4984131 0.0000000 4.0773878
vt 0.9658730 0.5926679
vn -0.8769727 -0.4273918 -0.2196704
v 20.0000534 0.0000000 6.0669498
vt 0.9545467 0.6378852
vn -0.8769727 -0.4273918 -0.2196704
v 18.4689484 3.3804219 5.6024942
vt 0.9197488 0.6273294
vn -0.8769727 -0.4273918 -0.2196704
f 3655/3655/3655 3656/3656/3656 3657/3657/3657
v 20.0000534 0.0000000 6.0669498
vt 0.9545467 0.6378852
vn -0.7491485 -0.2218330 -0.6241527
v 19.3090820 -3.0999999 7.9980836
vt 0.9388428 0.6817746
vn -0.7491485 -0.2218330 -0.6241527
v 17.8308754 3.6147857 7.3857903
vt 0.9052472 0.6678589
vn -0.7491485 -0.2218330 -0.6241527
f 3658/3658/3658 3659/3659/3659 3660/3660/3660
v 18.4321537 -0.0000000 9.8521919
vt 0.9189126 0.7239135
vn -0.8508691 -0.3852587 -0.3572081
v 17.0210800 3.8157680 9.0979567
vt 0.8868427 0.7067717
vn -0.8508691 -0.3852587 -0.3572081
v 17.8308754 3.6147857 7.3857903
vt 0.9052472 0.6678589
vn -0.8508691 -0.3852587 -0.3572081
f 3661/3661/3661 3662/3662/3662 3663/3663/3663
v 18.4321537 -0.0000000 9.8521919
vt 0.9189126 0.7239135
vn -0.7813717 -0.4124554 -0.4683362
v 17.3777142 0.0000000 11.6114178
vt 0.8949480 0.7638959
vn -0.7813717 -0.4124554 -0.4683362
v 16.0473633 3.5296133 10.7225056
vt 0.8647128 0.7436933
vn -0.7813717 -0.4124554 -0.4683362
f 3664/3664/3664 3665/3665/3665 3666/3666/3666
v 17.3777142 0.0000000 11.6114178
vt 0.8949480 0.7638959
vn -0.7270076 -0.4251342 -0.5391854
v 16.1559181 0.0000000 13.2588196
vt 0.8671800 0.8013368
vn -0.7270076 -0.4251342 -0.5391854
v 14.9191017 3.4023700 12.2437906
vt 0.8390705 0.7782680
vn -0.7270076 -0.4251342 -0.5391854
f 3667/3667/3667 3668/3668/3668 3669/3669/3669
v 16.1559181 0.0000000 13.2588196
vt 0.8671800 0.8013368
vn -0.4580176 -0.2188660 -0.8615785
v 14.7785320 -3.0999999 14.7785320
vt 0.8358757 0.8358757
vn -0.4580176 -0.2188660 -0.8615785
v 13.6471605 3.7213140 13.6471605
vt 0.8101627 0.8101627
vn -0.4580176 -0.2188660 -0.8615785
f 3670/3670/3670 3671/3671/3671 3672/3672/3672
v 13.2588196 -0.0000000 16.1559181
vt 0.8013368 0.8671800
vn -0.6251137 -0.3904143 -0.6758769
v 12.2437906 3.7663689 14.9191017
vt 0.7782680 0.8390705
vn -0.6251137 -0.3904143 -0.6758769
v 13.6471605 3.7213140 13.6471605
vt 0.8101627 0.8101627
vn -0.6251137 -0.3904143 -0.6758769
f 3673/3673/3673 3674/3674/3674 3675/3675/3675
v 13.2588196 -0.0000000 16.1559181
vt 0.8013368 0.8671800
vn -0.5401319 -0.4217348 -0.7282838
v 11.6114178 0.0000000 17.3777142
vt 0.7638959 0.8949480
vn -0.5401319 -0.4217348 -0.7282838
v 10.7225056 3.4358146 16.0473633
vt 0.7436933 0.8647128
vn -0.5401319 -0.4217348 -0.7282838
f 3676/3676/3676 3677/3677/3677 3678/3678/3678
v 9.8521919 0.0000000 18.4321537
vt 0.7239135 0.9189126
vn -0.4747091 -0.4175389 -0.7747985
v 9.0979567 3.4759400 17.0210800
vt 0.7067717 0.8868427
vn -0.4747091 -0.4175389 -0.7747985
v 10.7225056 3.4358146 16.0473633
vt 0.7436933 0.8647128
vn -0.4747091 -0.4175389 -0.7747985
f 3679/3679/3679 3680/3680/3680 3681/3681/3681
v 9.8521919 0.0000000 18.4321537
vt 0.7239135 0.9189126
vn -0.0969113 -0.2168239 -0.9713885
v 7.9980836 -3.0999999 19.3090820
vt 0.6817746 0.9388428
vn -0.0969113 -0.2168239 -0.9713885
v 7.3857903 3.7961543 17.8308754
vt 0.6678589 0.9052472
vn -0.0969113 -0.2168239 -0.9713885
f 3682/3682/3682 3683/3683/3683 3684/3684/3684
v 6.0669498 0.0000000 20.0000534
vt 0.6378852 0.9545467
vn -0.2844118 -0.3992449 -0.8716155
v 5.6024942 3.6735132 18.4689484
vt 0.6273294 0.9197488
vn -0.2844118 -0.3992449 -0.8716155
v 7.3857903 3.7961543 17.8308754
vt 0.6678589 0.9052472
vn -0.2844118 -0.3992449 -0.8716155
f 3685/3685/3685 3686/3686/3686 3687/3687/3687
v 6.0669498 0.0000000 20.0000534
vt 0.6378852 0.9545467
vn -0.2197235 -0.4269294 -0.8771846
v 4.0773878 0.0000000 20.4984131
vt 0.5926679 0.9658730
vn -0.2197235 -0.4269294 -0.8771846
v 3.7652433 3.3849022 18.9291553
vt 0.5855737 0.9302081
vn -0.2197235 -0.4269294 -0.8771846
f 3688/3688/3688 3689/3689/3689 3690/3690/3690
v 2.0485582 0.0000000 20.7993603
vt 0.5465581 0.9727127
vn -0.1757359 -0.4063021 -0.8966804
v 1.8917308 3.5819151 19.2070656
vt 0.5429939 0.9365242
vn -0.1757359 -0.4063021 -0.8966804
v 3.7652433 3.3849022 18.9291553
vt 0.5855737 0.9302081
vn -0.1757359 -0.4063021 -0.8966804
f 3691/3691/3691 3692/3692/3692 3693/3693/3693
v 2.0485582 0.0000000 20.7993603
vt 0.5465581 0.9727127
vn 0.2812148 -0.2161872 -0.9349767
v 0.0000000 -3.0999999 20.8999996
vt 0.5000000 0.9750000
vn 0.2812148 -0.2161872 -0.9349767
v 0.0000000 3.8197579 19.2999992
vt 0.5000000 0.9386363
vn 0.2812148 -0.2161872 -0.9349767
f 3694/3694/3694 3695/3695/3695 3696/3696/3696
v -2.0485582 0.0000000 20.7993603
vt 0.4534419 0.9727127
vn 0.1004912 -0.4097735 -0.9066352
v -1.8917308 3.5614557 19.2070656
vt 0.4570061 0.9365242
vn 0.1004912 -0.4097735 -0.9066352
v 0.0000000 3.8197579 19.2999992
vt 0.5000000 0.9386363
vn 0.1004912 -0.4097735 -0.9066352
f 3697/3697/3697 3698/3698/3698 3699/3699/3699
v -2.0485582 0.0000000 20.7993603
vt 0.4534419 0.9727127
vn 0.1327232 -0.4263863 -0.8947510
v -4.0773878 0.0000000 20.4984131
vt 0.4073321 0.9658730
vn 0.1327232 -0.4263863 -0.8947510
v -3.7652433 3.3901744 18.9291553
vt 0.4144263 0.9302081
vn 0.1327232 -0.4263863 -0.8947510
f 3700/3700/3700 3701/3701/3701 3702/3702/3702
v -6.0669498 0.0000000 20.0000534
vt 0.3621148 0.9545467
vn 0.1614436 -0.3952541 -0.9042733
v -5.6024942 3.6926141 18.4689484
vt 0.3726706 0.9197488
vn 0.1614436 -0.3952541 -0.9042733
v -3.7652433 3.3901744 18.9291553
vt 0.4144263 0.9302081
vn 0.1614436 -0.3952541 -0.9042733
f 3703/3703/3703 3704/3704/3704 3705/3705/3705
v -6.0669498 0.0000000 20.0000534
vt 0.3621148 0.9545467
vn 0.6186699 -0.2171000 -0.7550597
v -7.9980836 -3.0999999 19.3090820
vt 0.3182254 0.9388428
vn 0.6186699 -0.2171000 -0.7550597
v -7.3857903 3.7859600 17.8308754
vt 0.3321411 0.9052472
vn 0.6186699 -0.2171000 -0.7550597
f 3706/3706/3706 3707/3707/3707 3708/3708/3708
v -9.8521919 0.0000000 18.4321537
vt 0.2760865 0.9189126
vn 0.4522482 -0.4196140 -0.7870170
v -9.0979567 3.4594662 17.0210800
vt 0.2932283 0.8868427
vn 0.4522482 -0.4196140 -0.7870170
v -7.3857903 3.7859600 17.8308754
vt 0.3321411 0.9052472
vn 0.4522482 -0.4196140 -0.7870170
f 3709/3709/3709 3710/3710/3710 3711/3711/3711
v -9.8521919 0.0000000 18.4321537
vt 0.2760865 0.9189126
vn 0.4664935 -0.4202822 -0.7782973
v -11.6114178 0.0000000 17.3777142
vt 0.2361041 0.8949480
vn 0.4664935 -0.4202822 -0.7782973
v -10.7225056 3.4502540 16.0473633
vt 0.2563067 0.8647128
vn 0.4664935 -0.4202822 -0.7782973
f 3712/3712/3712 3713/3713/3713 3714/3714/3714
v -13.2588196 0.0000000 16.1559181
vt 0.1986632 0.8671800
vn 0.4936857 -0.3874094 -0.7785811
v -12.2437906 3.7791216 14.9191017
vt 0.2217320 0.8390705
vn 0.4936857 -0.3874094 -0.7785811
v -10.7225056 3.4502540 16.0473633
vt 0.2563067 0.8647128
vn 0.4936857 -0.3874094 -0.7785811
f 3715/3715/3715 3716/3716/3716 3717/3717/3717
v -13.2588196 0.0000000 16.1559181
vt 0.1986632 0.8671800
vn 0.8618685 -0.2193547 -0.4572376
v -14.7785320 -3.0999999 14.7785320
vt 0.1641243 0.8358757
vn 0.8618685 -0.2193547 -0.4572376
v -13.6471605 3.7035882 13.6471605
vt 0.1898373 0.8101627
vn 0.8618685 -0.2193547 -0.4572376
f 3718/3718/3718 3719/3719/3719 3720/3720/3720
v -16.1559181 0.0000000 13.2588196
vt 0.1328200 0.8013368
vn 0.7150394 -0.4262575 -0.5540967
v -14.9191017 3.3941848 12.2437906
vt 0.1609295 0.7782680
vn 0.7150394 -0.4262575 -0.5540967
v -13.6471605 3.7035882 13.6471605
vt 0.1898373 0.8101627
vn 0.7150394 -0.4262575 -0.5540967
f 3721/3721/3721 3722/3722/3722 3723/3723/3723
v -17.3777142 0.0000000 11.6114178
vt 0.1050520 0.7638959
vn 0.7122026 -0.4096906 -0.5700185
v -16.0473633 3.5494480 10.7225056
vt 0.1352872 0.7436933
vn 0.7122026 -0.4096906 -0.5700185
v -14.9191017 3.3941848 12.2437906
vt 0.1609295 0.7782680
vn 0.7122026 -0.4096906 -0.5700185
f 3724/3724/3724 3725/3725/3725 3726/3726/3726
v -18.4321537 0.0000000 9.8521919
vt 0.0810874 0.7239135
vn 0.7622851 -0.3844981 -0.5206560
v -17.0210800 3.8188419 9.0979567
vt 0.1131573 0.7067717
vn 0.7622851 -0.3844981 -0.5206560
v -16.0473633 3.5494480 10.7225056
vt 0.1352872 0.7436933
vn 0.7622851 -0.3844981 -0.5206560
f 3727/3727/3727 3728/3728/3728 3729/3729/3729
v -18.4321537 0.0000000 9.8521919
vt 0.0810874 0.7239135
vn 0.9710273 -0.2224160 -0.0873907
v -19.3090820 -3.0999999 7.9980836
vt 0.0611572 0.6817746
vn 0.9710273 -0.2224160 -0.0873907
v -17.8308754 3.5941586 7.3857903
vt 0.0947528 0.6678589
vn 0.9710273 -0.2224160 -0.0873907
f 3730/3730/3730 3731/3731/3731 3732/3732/3732
v -20.0000534 0.0000000 6.0669498
vt 0.0454533 0.6378852
vn 0.8660323 -0.4275788 -0.2591610
v -18.4689484 3.3826632 5.6024942
vt 0.0802512 0.6273294
vn 0.8660323 -0.4275788 -0.2591610
v -17.8308754 3.5941586 7.3857903
vt 0.0947528 0.6678589
vn 0.8660323 -0.4275788 -0.2591610
f 3733/3733/3733 3734/3734/3734 3735/3735/3735
v -20.4984131 0.0000000 4.0773878
vt 0.0341270 0.5926679
vn 0.8737069 -0.3982346 -0.2793665
v -18.9291553 3.6618466 3.7652433
vt 0.0697919 0.5855737
vn 0.8737069 -0.3982346 -0.2793665
v -18.4689484 3.3826632 5.6024942
vt 0.0802512 0.6273294
vn 0.8737069 -0.3982346 -0.2793665
f 3736/3736/3736 3737/3737/3737 3738/3738/3738
v -20.7993603 0.0000000 2.0485582
vt 0.0272873 0.5465581
vn 0.9075305 -0.3868806 -0.1634376
v -19.2070656 3.8013995 1.8917308
vt 0.0634758 0.5429939
vn 0.9075305 -0.3868806 -0.1634376
v -18.9291553 3.6618466 3.7652433
vt 0.0697919 0.5855737
vn 0.9075305 -0.3868806 -0.1634376
f 3739/3739/3739 3740/3740/3740 3741/3741/3741
v -20.7993603 0.0000000 2.0485582
vt 0.0272873 0.5465581
vn 0.9282964 -0.2255113 0.2956527
v -20.8999996 -3.0999999 0.0000000
vt 0.0250000 0.5000000
vn 0.9282964 -0.2255113 0.2956527
v -19.2999992 3.4862549 0.0000000
vt 0.0613637 0.5000000
vn 0.9282964 -0.2255113 0.2956527
f 3742/3742/3742 3743/3743/3743 3744/3744/3744
v -20.7993603 -0.0000000 -2.0485582
vt 0.0272873 0.4534419
vn 0.9044257 -0.4227428 0.0574690
v -19.2070656 3.4279113 -1.8917308
vt 0.0634758 0.4570061
vn 0.9044257 -0.4227428 0.0574690
v -19.2999992 3.4862549 0.0000000
vt 0.0613637 0.5000000
vn 0.9044257 -0.4227428 0.0574690
f 3745/3745/3745 3746/3746/3746 3747/3747/3747
v -20.4984131 0.0000000 -4.0773878
vt 0.0341270 0.4073321
vn 0.9186547 -0.3892218 0.0676754
v -18.9291553 3.7580903 -3.7652433
vt 0.0697919 0.4144263
vn 0.9186547 -0.3892218 0.0676754
v -19.2070656 3.4279113 -1.8917308
vt 0.0634758 0.4570061
vn 0.9186547 -0.3892218 0.0676754
f 3748/3748/3748 3749/3749/3749 3750/3750/3750
v -20.4984131 0.0000000 -4.0773878
vt 0.0341270 0.4073321
vn 0.8916926 -0.3936951 0.2233575
v -20.0000534 0.0000000 -6.0669498
vt 0.0454533 0.3621148
vn 0.8916926 -0.3936951 0.2233575
v -18.4689484 3.7313507 -5.6024942
vt 0.0802512 0.3726706
vn 0.8916926 -0.3936951 0.2233575
f 3751/3751/3751 3752/3752/3752 3753/3753/3753
v -20.0000534 0.0000000 -6.0669498
vt 0.0454533 0.3621148
vn 0.7415638 -0.2278029 0.6310222
v -19.3090820 -3.0999999 -7.9980836
vt 0.0611572 0.3182254
vn 0.7415638 -0.2278029 0.6310222
v -17.8308754 3.4080620 -7.3857903
vt 0.0947528 0.3321411
vn 0.7415638 -0.2278029 0.6310222
f 3754/3754/3754 3755/3755/3755 3756/3756/3756
v -18.4321537 -0.0000000 -9.8521919
vt 0.0810874 0.2760865
vn 0.8332608 -0.4130107 0.3675576
v -17.0210800 3.5181098 -9.0979567
vt 0.1131573 0.2932283
vn 0.8332608 -0.4130107 0.3675576
v -17.8308754 3.4080620 -7.3857903
vt 0.0947528 0.3321411
vn 0.8332608 -0.4130107 0.3675576
f 3757/3757/3757 3758/3758/3758 3759/3759/3759
v -17.3777142 0.0000000 -11.6114178
vt 0.1050520 0.2361041
vn 0.8208220 -0.3847882 0.4221247
v -16.0473633 3.8130403 -10.7225056
vt 0.1352872 0.2563067
vn 0.8208220 -0.3847882 0.4221247
v -17.0210800 3.5181098 -9.0979567
vt 0.1131573 0.2932283
vn 0.8208220 -0.3847882 0.4221247
f 3760/3760/3760 3761/3761/3761 3762/3762/3762
v -17.3777142 0.0000000 -11.6114178
vt 0.1050520 0.2361041
vn 0.7350239 -0.4032027 0.5451307
v -16.1559181 0.0000000 -13.2588196
vt 0.1328200 0.1986632
vn 0.7350239 -0.4032027 0.5451307
v -14.9191017 3.6269922 -12.2437906
vt 0.1609295 0.2217320
vn 0.7350239 -0.4032027 0.5451307
f 3763/3763/3763 3764/3764/3764 3765/3765/3765
v -16.1559181 0.0000000 -13.2588196
vt 0.1328200 0.1986632
vn 0.4422812 -0.2286357 0.8672447
v -14.7785320 -3.0999999 -14.7785320
vt 0.1641243 0.1641243
vn 0.4422812 -0.2286357 0.8672447
v -13.6471605 3.3800042 -13.6471605
vt 0.1898373 0.1898373
vn 0.4422812 -0.2286357 0.8672447
f 3766/3766/3766 3767/3767/3767 3768/3768/3768
v -13.2588196 -0.0000000 -16.1559181
vt 0.1986632 0.1328200
vn 0.6532596 -0.4014272 0.6419564
v -12.2437906 3.6296983 -14.9191017
vt 0.2217320 0.1609295
vn 0.6532596 -0.4014272 0.6419564
v -13.6471605 3.3800042 -13.6471605
vt 0.1898373 0.1898373
vn 0.6532596 -0.4014272 0.6419564
f 3769/3769/3769 3770/3770/3770 3771/3771/3771
v -11.6114178 0.0000000 -17.3777142
vt 0.2361041 0.1050520
vn 0.5790389 -0.3856735 0.7183105
v -10.7225056 3.8123429 -16.0473633
vt 0.2563067 0.1352872
vn 0.5790389 -0.3856735 0.7183105
v -12.2437906 3.6296983 -14.9191017
vt 0.2217320 0.1609295
vn 0.5790389 -0.3856735 0.7183105
f 3772/3772/3772 3773/3773/3773 3774/3774/3774
v -11.6114178 0.0000000 -17.3777142
vt 0.2361041 0.1050520
vn 0.4680180 -0.4138202 0.7808407
v -9.8521919 0.0000000 -18.4321537
vt 0.2760865 0.0810874
vn 0.4680180 -0.4138202 0.7808407
v -9.0979567 3.5155833 -17.0210800
vt 0.2932283 0.1131573
vn 0.4680180 -0.4138202 0.7808407
f 3775/3775/3775 3776/3776/3776 3777/3777/3777
v -9.8521919 0.0000000 -18.4321537
vt 0.2760865 0.0810874
vn 0.0782337 -0.2277631 0.9705687
v -7.9980836 -3.0999999 -19.3090820
vt 0.3182254 0.0611572
vn 0.0782337 -0.2277631 0.9705687
v -7.3857903 3.4094105 -17.8308754
vt 0.3321411 0.0947528
vn 0.0782337 -0.2277631 0.9705687
f 3778/3778/3778 3779/3779/3779 3780/3780/3780
v -6.0669498 -0.0000000 -20.0000534
vt 0.3621148 0.0454533
vn 0.3722551 -0.3914264 0.8415530
v -5.6024942 3.7335296 -18.4689484
vt 0.3726706 0.0802512
vn 0.3722551 -0.3914264 0.8415530
v -7.3857903 3.4094105 -17.8308754
vt 0.3321411 0.0947528
vn 0.3722551 -0.3914264 0.8415530
f 3781/3781/3781 3782/3782/3782 3783/3783/3783
v -4.0773878 0.0000000 -20.4984131
vt 0.4073321 0.0341270
vn 0.2281324 -0.3914057 0.8914916
v -3.7652433 3.7561805 -18.9291553
vt 0.4144263 0.0697919
vn 0.2281324 -0.3914057 0.8914916
v -5.6024942 3.7335296 -18.4689484
vt 0.3726706 0.0802512
vn 0.2281324 -0.3914057 0.8914916
f 3784/3784/3784 3785/3785/3785 3786/3786/3786
v -4.0773878 0.0000000 -20.4984131
vt 0.4073321 0.0341270
vn 0.1329765 -0.4227045 0.8964587
v -2.0485582 -0.0000000 -20.7993603
vt 0.4534419 0.0272873
vn 0.1329765 -0.4227045 0.8964587
v -1.8917308 3.4262245 -19.2070656
vt 0.4570061 0.0634758
vn 0.1329765 -0.4227045 0.8964587
f 3787/3787/3787 3788/3788/3788 3789/3789/3789
v -2.0485582 -0.0000000 -20.7993603
vt 0.4534419 0.0272873
vn -0.2955472 -0.2254432 0.9283465
v -0.0000000 -3.0999999 -20.8999996
vt 0.5000000 0.0250000
vn -0.2955472 -0.2254432 0.9283465
v -0.0000000 3.4885995 -19.2999992
vt 0.5000000 0.0613637
vn -0.2955472 -0.2254432 0.9283465
f 3790/3790/3790 3791/3791/3791 3792/3792/3792
v 2.0485582 -0.0000000 -20.7993603
vt 0.5465581 0.0272873
vn 0.0186495 -0.3855316 0.9225062
v 1.8917308 3.8024821 -19.2070656
vt 0.5429939 0.0634758
vn 0.0186495 -0.3855316 0.9225062
v -0.0000000 3.4885995 -19.2999992
vt 0.5000000 0.0613637
vn 0.0186495 -0.3855316 0.9225062
f 3793/3793/3793 3794/3794/3794 3795/3795/3795
v 2.0485582 -0.0000000 -20.7993603
vt 0.5465581 0.0272873
vn -0.1344659 -0.4002226 0.9064992
v 4.0773878 0.0000000 -20.4984131
vt 0.5926679 0.0341270
vn -0.1344659 -0.4002226 0.9064992
v 3.7652433 3.6592231 -18.9291553
vt 0.5855737 0.0697919
vn -0.1344659 -0.4002226 0.9064992
f 3796/3796/3796 3797/3797/3797 3798/3798/3798
v 4.0773878 0.0000000 -20.4984131
vt 0.5926679 0.0341270
vn -0.2196922 -0.4272023 0.8770597
v 6.0669498 0.0000000 -20.0000534
vt 0.6378852 0.0454533
vn -0.2196922 -0.4272023 0.8770597
v 5.6024942 3.3822567 -18.4689484
vt 0.6273294 0.0802512
vn -0.2196922 -0.4272023 0.8770597
f 3799/3799/3799 3800/3800/3800 3801/3801/3801
v 6.0669498 0.0000000 -20.0000534
vt 0.6378852 0.0454533
vn -0.6247366 -0.2223387 0.7485117
v 7.9980836 -3.0999999 -19.3090820
vt 0.6817746 0.0611572
vn -0.6247366 -0.2223387 0.7485117
v 7.3857903 3.5968871 -17.8308754
vt 0.6678589 0.0947528
vn -0.6247366 -0.2223387 0.7485117
f 3802/3802/3802 3803/3803/3803 3804/3804/3804
v 9.8521919 -0.0000000 -18.4321537
vt 0.7239135 0.0810874
vn -0.3534315 -0.3848782 0.8526165
v 9.0979567 3.8185456 -17.0210800
vt 0.7067717 0.1131573
vn -0.3534315 -0.3848782 0.8526165
v 7.3857903 3.5968871 -17.8308754
vt 0.6678589 0.0947528
vn -0.3534315 -0.3848782 0.8526165
f 3805/3805/3805 3806/3806/3806 3807/3807/3807
v 9.8521919 -0.0000000 -18.4321537
vt 0.7239135 0.0810874
vn -0.4687218 -0.4107952 0.7820150
v 11.6114178 0.0000000 -17.3777142
vt 0.7638959 0.1050520
vn -0.4687218 -0.4107952 0.7820150
v 10.7225056 3.5467961 -16.0473633
vt 0.7436933 0.1352872
vn -0.4687218 -0.4107952 0.7820150
f 3808/3808/3808 3809/3809/3809 3810/3810/3810
v 11.6114178 0.0000000 -17.3777142
vt 0.7638959 0.1050520
vn -0.5389785 -0.4258729 0.7267286
v 13.2588196 -0.0000000 -16.1559181
vt 0.8013368 0.1328200
vn -0.5389785 -0.4258729 0.7267286
v 12.2437906 3.3951645 -14.9191017
vt 0.7782680 0.1609295
vn -0.5389785 -0.4258729 0.7267286
f 3811/3811/3811 3812/3812/3812 3813/3813/3813
v 13.2588196 -0.0000000 -16.1559181
vt 0.8013368 0.1328200
vn -0.8618293 -0.2192885 0.4573434
v 14.7785320 -3.0999999 -14.7785320
vt 0.8358757 0.1641243
vn -0.8618293 -0.2192885 0.4573434
v 13.6471605 3.7059877 -13.6471605
vt 0.8101627 0.1898373
vn -0.8618293 -0.2192885 0.4573434
f 3814/3814/3814 3815/3815/3815 3816/3816/3816
v 16.1559181 -0.0000000 -13.2588196
vt 0.8671800 0.1986632
vn -0.6725314 -0.3893158 0.6293924
v 14.9191017 3.7775235 -12.2437906
vt 0.8390705 0.2217320
vn -0.6725314 -0.3893158 0.6293924
v 13.6471605 3.7059877 -13.6471605
vt 0.8101627 0.1898373
vn -0.6725314 -0.3893158 0.6293924
f 3817/3817/3817 3818/3818/3818 3819/3819/3819
v 16.1559181 -0.0000000 -13.2588196
vt 0.8671800 0.1986632
vn -0.7287511 -0.4204816 0.5404785
v 17.3777142 0.0000000 -11.6114178
vt 0.8949480 0.2361041
vn -0.7287511 -0.4204816 0.5404785
v 16.0473633 3.4482665 -10.7225056
vt 0.8647128 0.2563067
vn -0.7287511 -0.4204816 0.5404785
f 3820/3820/3820 3821/3821/3821 3822/3822/3822
v 18.4321537 0.0000000 -9.8521919
vt 0.9189126 0.2760865
vn -0.7772510 -0.4190925 0.4692998
v 17.0210800 3.4615765 -9.0979567
vt 0.8868427 0.2932283
vn -0.7772510 -0.4190925 0.4692998
v 16.0473633 3.4482665 -10.7225056
vt 0.8647128 0.2563067
vn -0.7772510 -0.4190925 0.4692998
f 3823/3823/3823 3824/3824/3824 3825/3825/3825
v 18.4321537 0.0000000 -9.8521919
vt 0.9189126 0.2760865
vn -0.9713756 -0.2170609 0.0965090
v 19.3090820 -3.0999999 -7.9980836
vt 0.9388428 0.3182254
vn -0.9713756 -0.2170609 0.0965090
v 17.8308754 3.7874038 -7.3857903
vt 0.9052472 0.3321411
vn -0.9713756 -0.2170609 0.0965090
f 3826/3826/3826 3827/3827/3827 3828/3828/3828
v 20.0000534 -0.0000000 -6.0669498
vt 0.9545467 0.3621148
vn -0.8705544 -0.3976845 0.2897969
v 18.4689484 3.6901317 -5.6024942
vt 0.9197488 0.3726706
vn -0.8705544 -0.3976845 0.2897969
v 17.8308754 3.7874038 -7.3857903
vt 0.9052472 0.3321411
vn -0.8705544 -0.3976845 0.2897969
f 3829/3829/3829 3830/3830/3830 3831/3831/3831
v 20.0000534 -0.0000000 -6.0669498
vt 0.9545467 0.3621148
vn -0.8773953 -0.4264690 0.2197762
v 20.4984131 0.0000000 -4.0773878
vt 0.9658730 0.4073321
vn -0.8773953 -0.4264690 0.2197762
v 18.9291553 3.3893702 -3.7652433
vt 0.9302081 0.4144263
vn -0.8773953 -0.4264690 0.2197762
f 3832/3832/3832 3833/3833/3833 3834/3834/3834
v 20.7993603 -0.0000000 -2.0485582
vt 0.9727127 0.4534419
vn -0.8967389 -0.4081497 0.1710943
v 19.2070656 3.5641453 -1.8917308
vt 0.9365242 0.4570061
vn -0.8967389 -0.4081497 0.1710943
v 18.9291553 3.3893702 -3.7652433
vt 0.9302081 0.4144263
vn -0.8967389 -0.4081497 0.1710943
f 3835/3835/3835 3836/3836/3836 3837/3837/3837
v 20.7993603 -0.0000000 -2.0485582
vt 0.9727127 0.4534419
vn -0.9286830 -0.2249855 -0.2948381
v 20.8999996 -3.0999999 0.0000000
vt 0.9750000 0.5000000
vn -0.9286830 -0.2249855 -0.2948381
v 19.2999992 3.5043955 0.0000000
vt 0.9386363 0.5000000
vn -0.9286830 -0.2249855 -0.2948381
f 3838/3838/3838 3839/3839/3839 3840/3840/3840
v 19.2070656 3.8088074 1.8917308
vt 0.9365242 0.5429939
vn -0.6334240 -0.7472441 -0.2009979
v 16.3214130 6.1125379 2.4210529
vt 0.8709412 0.5550239
vn -0.6334240 -0.7472441 -0.2009979
v 16.4801254 6.4114537 0.8096166
vt 0.8745483 0.5184004
vn -0.6334240 -0.7472441 -0.2009979
f 3841/3841/3841 3842/3842/3842 3843/3843/3843
v 18.9291553 3.6417971 3.7652433
vt 0.9302081 0.5855737
vn -0.6287536 -0.7580041 -0.1734903
v 16.0055161 6.0110846 4.0091729
vt 0.8637617 0.5911176
vn -0.6287536 -0.7580041 -0.1734903
v 16.3214130 6.1125379 2.4210529
vt 0.8709412 0.5550239
vn -0.6287536 -0.7580041 -0.1734903
f 3844/3844/3844 3845/3845/3845 3846/3846/3846
v 18.4689484 3.3804219 5.6024942
vt 0.9197488 0.6273294
vn -0.7076749 -0.7033426 -0.0671227
v 15.5354767 6.3361435 5.5586824
vt 0.8530790 0.6263337
vn -0.7076749 -0.7033426 -0.0671227
v 16.0055161 6.0110846 4.0091729
vt 0.8637617 0.5911176
vn -0.7076749 -0.7033426 -0.0671227
f 3847/3847/3847 3848/3848/3848 3849/3849/3849
v 17.8308754 3.6147857 7.3857903
vt 0.9052472 0.6678589
vn -0.6456261 -0.7184157 -0.2589321
v 14.9158230 6.3538327 7.0546589
vt 0.8389960 0.6603332
vn -0.6456261 -0.7184157 -0.2589321
v 15.5354767 6.3361435 5.5586824
vt 0.8530790 0.6263337
vn -0.6456261 -0.7184157 -0.2589321
f 3850/3850/3850 3851/3851/3851 3852/3852/3852
v 17.0210800 3.8157680 9.0979567
vt 0.8868427 0.7067717
vn -0.4885764 -0.7559811 -0.4356439
v 14.1525221 6.0242152 8.4826956
vt 0.8216482 0.6927885
vn -0.4885764 -0.7559811 -0.4356439
v 14.9158230 6.3538327 7.0546589
vt 0.8389960 0.6603332
vn -0.4885764 -0.7559811 -0.4356439
f 3853/3853/3853 3854/3854/3854 3855/3855/3855
v 16.0473633 3.5296133 10.7225056
vt 0.8647128 0.7436933
vn -0.5719575 -0.7442055 -0.3449970
v 13.2529240 6.0914650 9.8290386
vt 0.8012028 0.7233872
vn -0.5719575 -0.7442055 -0.3449970
v 14.1525221 6.0242152 8.4826956
vt 0.8216482 0.6927885
vn -0.5719575 -0.7442055 -0.3449970
f 3856/3856/3856 3857/3857/3857 3858/3858/3858
v 14.9191017 3.4023700 12.2437906
vt 0.8390705 0.7782680
vn -0.6293954 -0.6975350 -0.3425004
v 12.2256937 6.4037528 11.0807228
vt 0.7778567 0.7518346
vn -0.6293954 -0.6975350 -0.3425004
v 13.2529240 6.0914650 9.8290386
vt 0.8012028 0.7233872
vn -0.6293954 -0.6975350 -0.3425004
f 3859/3859/3859 3860/3860/3860 3861/3861/3861
v 13.6471605 3.7213140 13.6471605
vt 0.8101627 0.8101627
vn -0.4318524 -0.7324337 -0.5263501
v 11.0807228 6.2560301 12.2256937
vt 0.7518346 0.7778567
vn -0.4318524 -0.7324337 -0.5263501
v 12.2256937 6.4037528 11.0807228
vt 0.7778567 0.7518346
vn -0.4318524 -0.7324337 -0.5263501
f 3862/3862/3862 3863/3863/3863 3864/3864/3864
v 12.2437906 3.7663689 14.9191017
vt 0.7782680 0.8390705
vn -0.3033229 -0.7614544 -0.5728722
v 9.8290386 5.9818087 13.2529240
vt 0.7233872 0.8012028
vn -0.3033229 -0.7614544 -0.5728722
v 11.0807228 6.2560301 12.2256937
vt 0.7518346 0.7778567
vn -0.3033229 -0.7614544 -0.5728722
f 3865/3865/3865 3866/3866/3866 3867/3867/3867
v 10.7225056 3.4358146 16.0473633
vt 0.7436933 0.8647128
vn -0.4602887 -0.7245623 -0.5129754
v 8.4826956 6.2001953 14.1525221
vt 0.6927885 0.8216482
vn -0.4602887 -0.7245623 -0.5129754
v 9.8290386 5.9818087 13.2529240
vt 0.7233872 0.8012028
vn -0.4602887 -0.7245623 -0.5129754
f 3868/3868/3868 3869/3869/3869 3870/3870/3870
v 9.0979567 3.4759400 17.0210800
vt 0.7067717 0.8868427
vn -0.4159816 -0.7022759 -0.5777264
v 7.0546589 6.4181409 14.9158230
vt 0.6603332 0.8389960
vn -0.4159816 -0.7022759 -0.5777264
v 8.4826956 6.2001953 14.1525221
vt 0.6927885 0.8216482
vn -0.4159816 -0.7022759 -0.5777264
f 3871/3871/3871 3872/3872/3872 3873/3873/3873
v 7.3857903 3.7961543 17.8308754
vt 0.6678589 0.9052472
vn -0.1343817 -0.7442898 -0.6541974
v 5.5586824 6.1435919 15.5354767
vt 0.6263337 0.8530790
vn -0.1343817 -0.7442898 -0.6541974
v 7.0546589 6.4181409 14.9158230
vt 0.6603332 0.8389960
vn -0.1343817 -0.7442898 -0.6541974
f 3874/3874/3874 3875/3875/3875 3876/3876/3876
v 5.6024942 3.6735132 18.4689484
vt 0.6273294 0.9197488
vn -0.1214062 -0.7601729 -0.6382772
v 4.0091729 5.9963946 16.0055161
vt 0.5911176 0.8637617
vn -0.1214062 -0.7601729 -0.6382772
v 5.5586824 6.1435919 15.5354767
vt 0.6263337 0.8530790
vn -0.1214062 -0.7601729 -0.6382772
f 3877/3877/3877 3878/3878/3878 3879/3879/3879
v 3.7652433 3.3849022 18.9291553
vt 0.5855737 0.9302081
vn -0.2691942 -0.7070004 -0.6539763
v 2.4210529 6.3088746 16.3214130
vt 0.5550239 0.8709412
vn -0.2691942 -0.7070004 -0.6539763
v 4.0091729 5.9963946 16.0055161
vt 0.5911176 0.8637617
vn -0.2691942 -0.7070004 -0.6539763
f 3880/3880/3880 3881/3881/3881 3882/3882/3882
v 1.8917308 3.5819151 19.2070656
vt 0.5429939 0.9365242
vn -0.0978061 -0.7143064 -0.6929649
v 0.8096166 6.3755493 16.4801254
vt 0.5184004 0.8745483
vn -0.0978061 -0.7143064 -0.6929649
v 2.4210529 6.3088746 16.3214130
vt 0.5550239 0.8709412
vn -0.0978061 -0.7143064 -0.6929649
f 3883/3883/3883 3884/3884/3884 3885/3885/3885
v 0.0000000 3.8197579 19.2999992
vt 0.5000000 0.9386363
vn 0.1534461 -0.7536975 -0.6390574
v -0.8096166 6.0458879 16.4801254
vt 0.4815996 0.8745483
vn 0.1534461 -0.7536975 -0.6390574
v 0.8096166 6.3755493 16.4801254
vt 0.5184004 0.8745483
vn 0.1534461 -0.7536975 -0.6390574
f 3886/3886/3886 3887/3887/3887 3888/3888/3888
v -1.8917308 3.5614557 19.2070656
vt 0.4570061 0.9365242
vn 0.0565135 -0.7490929 -0.6600500
v -2.4210529 6.0641637 16.3214130
vt 0.4449761 0.8709412
vn 0.0565135 -0.7490929 -0.6600500
v -0.8096166 6.0458879 16.4801254
vt 0.4815996 0.8745483
vn 0.0565135 -0.7490929 -0.6600500
f 3889/3889/3889 3890/3890/3890 3891/3891/3891
v -3.7652433 3.3901744 18.9291553
vt 0.4144263 0.9302081
vn -0.0004105 -0.6980770 -0.7160226
v -4.0091729 6.3891153 16.0055161
vt 0.4088824 0.8637617
vn -0.0004105 -0.6980770 -0.7160226
v -2.4210529 6.0641637 16.3214130
vt 0.4449761 0.8709412
vn -0.0004105 -0.6980770 -0.7160226
f 3892/3892/3892 3893/3893/3893 3894/3894/3894
v -5.6024942 3.6926141 18.4689484
vt 0.3726706 0.9197488
vn 0.2423240 -0.7285282 -0.6407229
v -5.5586824 6.2871037 15.5354767
vt 0.3736663 0.8530790
vn 0.2423240 -0.7285282 -0.6407229
v -4.0091729 6.3891153 16.0055161
vt 0.4088824 0.8637617
vn 0.2423240 -0.7285282 -0.6407229
f 3895/3895/3895 3896/3896/3896 3897/3897/3897
v -7.3857903 3.7859600 17.8308754
vt 0.3321411 0.9052472
vn 0.3722569 -0.7603744 -0.5322177
v -7.0546589 5.9884391 14.9158230
vt 0.3396668 0.8389960
vn 0.3722569 -0.7603744 -0.5322177
v -5.5586824 6.2871037 15.5354767
vt 0.3736663 0.8530790
vn 0.3722569 -0.7603744 -0.5322177
f 3898/3898/3898 3899/3899/3899 3900/3900/3900
v -9.0979567 3.4594662 17.0210800
vt 0.2932283 0.8868427
vn 0.2485169 -0.7304009 -0.6362027
v -8.4826956 6.1674132 14.1525221
vt 0.3072115 0.8216482
vn 0.2485169 -0.7304009 -0.6362027
v -7.0546589 5.9884391 14.9158230
vt 0.3396668 0.8389960
vn 0.2485169 -0.7304009 -0.6362027
f 3901/3901/3901 3902/3902/3902 3903/3903/3903
v -10.7225056 3.4502540 16.0473633
vt 0.2563067 0.8647128
vn 0.3013504 -0.6999509 -0.6475003
v -9.8290386 6.4199581 13.2529240
vt 0.2766128 0.8012028
vn 0.3013504 -0.6999509 -0.6475003
v -8.4826956 6.1674132 14.1525221
vt 0.3072115 0.8216482
vn 0.3013504 -0.6999509 -0.6475003
f 3904/3904/3904 3905/3905/3905 3906/3906/3906
v -12.2437906 3.7791216 14.9191017
vt 0.2217320 0.8390705
vn 0.5063186 -0.7411302 -0.4408713
v -11.0807228 6.1759057 12.2256937
vt 0.2481654 0.7778567
vn 0.5063186 -0.7411302 -0.4408713
v -9.8290386 6.4199581 13.2529240
vt 0.2766128 0.8012028
vn 0.5063186 -0.7411302 -0.4408713
f 3907/3907/3907 3908/3908/3908 3909/3909/3909
v -13.6471605 3.7035882 13.6471605
vt 0.1898373 0.8101627
vn 0.5170436 -0.7614823 -0.3909101
v -12.2256937 5.9862504 11.0807228
vt 0.2221433 0.7518346
vn 0.5170436 -0.7614823 -0.3909101
v -11.0807228 6.1759057 12.2256937
vt 0.2481654 0.7778567
vn 0.5170436 -0.7614823 -0.3909101
f 3910/3910/3910 3911/3911/3911 3912/3912/3912
v -14.9191017 3.3941848 12.2437906
vt 0.1609295 0.7782680
vn 0.4524208 -0.7114127 -0.5377801
v -13.2529240 6.2791753 9.8290386
vt 0.1987972 0.7233872
vn 0.4524208 -0.7114127 -0.5377801
v -12.2256937 5.9862504 11.0807228
vt 0.2221433 0.7518346
vn 0.4524208 -0.7114127 -0.5377801
f 3913/3913/3913 3914/3914/3914 3915/3915/3915
v -16.0473633 3.5494480 10.7225056
vt 0.1352872 0.7436933
vn 0.5558996 -0.7103713 -0.4316807
v -14.1525221 6.3933468 8.4826956
vt 0.1783518 0.6927885
vn 0.5558996 -0.7103713 -0.4316807
v -13.2529240 6.2791753 9.8290386
vt 0.1987972 0.7233872
vn 0.5558996 -0.7103713 -0.4316807
f 3916/3916/3916 3917/3917/3917 3918/3918/3918
v -17.0210800 3.8188419 9.0979567
vt 0.1131573 0.7067717
vn 0.6374860 -0.7512060 -0.1711762
v -14.9158230 6.0710015 7.0546589
vt 0.1610040 0.6603332
vn 0.6374860 -0.7512060 -0.1711762
v -14.1525221 6.3933468 8.4826956
vt 0.1783518 0.6927885
vn 0.6374860 -0.7512060 -0.1711762
f 3919/3919/3919 3920/3920/3920 3921/3921/3921
v -17.8308754 3.5941586 7.3857903
vt 0.0947528 0.6678589
vn 0.6129999 -0.7533051 -0.2382488
v -15.5354767 6.0398946 5.5586824
vt 0.1469210 0.6263337
vn 0.6129999 -0.7533051 -0.2382488
v -14.9158230 6.0710015 7.0546589
vt 0.1610040 0.6603332
vn 0.6129999 -0.7533051 -0.2382488
f 3922/3922/3922 3923/3923/3923 3924/3924/3924
v -18.4689484 3.3826632 5.6024942
vt 0.0802512 0.6273294
vn 0.6286017 -0.6995529 -0.3398319
v -16.0055161 6.3702559 4.0091729
vt 0.1362383 0.5911176
vn 0.6286017 -0.6995529 -0.3398319
v -15.5354767 6.0398946 5.5586824
vt 0.1469210 0.6263337
vn 0.6286017 -0.6995529 -0.3398319
f 3925/3925/3925 3926/3926/3926 3927/3927/3927
v -18.9291553 3.6618466 3.7652433
vt 0.0697919 0.5855737
vn 0.6803668 -0.7244646 -0.1106891
v -16.3214130 6.3162322 2.4210529
vt 0.1290588 0.5550239
vn 0.6803668 -0.7244646 -0.1106891
v -16.0055161 6.3702559 4.0091729
vt 0.1362383 0.5911176
vn 0.6803668 -0.7244646 -0.1106891
f 3928/3928/3928 3929/3929/3929 3930/3930/3930
v -19.2070656 3.8013995 1.8917308
vt 0.0634758 0.5429939
vn 0.6456539 -0.7588373 0.0854227
v -16.4801254 5.9997921 0.8096166
vt 0.1254517 0.5184004
vn 0.6456539 -0.7588373 0.0854227
v -16.3214130 6.3162322 2.4210529
vt 0.1290588 0.5550239
vn 0.6456539 -0.7588373 0.0854227
f 3931/3931/3931 3932/3932/3932 3933/3933/3933
v -19.2999992 3.4862549 0.0000000
vt 0.0613637 0.5000000
vn 0.6739340 -0.7362158 -0.0616380
v -16.4801254 6.1353588 -0.8096166
vt 0.1254517 0.4815996
vn 0.6739340 -0.7362158 -0.0616380
v -16.4801254 5.9997921 0.8096166
vt 0.1254517 0.5184004
vn 0.6739340 -0.7362158 -0.0616380
f 3934/3934/3934 3935/3935/3935 3936/3936/3936
v -19.2070656 3.4279113 -1.8917308
vt 0.0634758 0.4570061
vn 0.7138784 -0.6983595 -0.0516875
v -16.3214130 6.4168649 -2.4210529
vt 0.1290588 0.4449761
vn 0.7138784 -0.6983595 -0.0516875
v -16.4801254 6.1353588 -0.8096166
vt 0.1254517 0.4815996
vn 0.7138784 -0.6983595 -0.0516875
f 3937/3937/3937 3938/3938/3938 3939/3939/3939
v -18.9291553 3.7580903 -3.7652433
vt 0.0697919 0.4144263
vn 0.6370398 -0.7377514 0.2233903
v -16.0055161 6.2087574 -4.0091729
vt 0.1362383 0.4088824
vn 0.6370398 -0.7377514 0.2233903
v -16.3214130 6.4168649 -2.4210529
vt 0.1290588 0.4449761
vn 0.6370398 -0.7377514 0.2233903
f 3940/3940/3940 3941/3941/3941 3942/3942/3942
v -18.4689484 3.7313507 -5.6024942
vt 0.0802512 0.3726706
vn 0.5800253 -0.7619847 0.2880105
v -15.5354767 5.9808784 -5.5586824
vt 0.1469210 0.3736663
vn 0.5800253 -0.7619847 0.2880105
v -16.0055161 6.2087574 -4.0091729
vt 0.1362383 0.4088824
vn 0.5800253 -0.7619847 0.2880105
f 3943/3943/3943 3944/3944/3944 3945/3945/3945
v -17.8308754 3.4080620 -7.3857903
vt 0.0947528 0.3321411
vn 0.6804178 -0.7164499 0.1540489
v -14.9158230 6.2477078 -7.0546589
vt 0.1610040 0.3396668
vn 0.6804178 -0.7164499 0.1540489
v -15.5354767 5.9808784 -5.5586824
vt 0.1469210 0.3736663
vn 0.6804178 -0.7164499 0.1540489
f 3946/3946/3946 3947/3947/3947 3948/3948/3948
v -17.0210800 3.5181098 -9.0979567
vt 0.1131573 0.2932283
vn 0.6536601 -0.7067410 0.2706392
v -14.1525221 6.4068279 -8.4826956
vt 0.1783518 0.3072115
vn 0.6536601 -0.7067410 0.2706392
v -14.9158230 6.2477078 -7.0546589
vt 0.1610040 0.3396668
vn 0.6536601 -0.7067410 0.2706392
f 3949/3949/3949 3950/3950/3950 3951/3951/3951
v -16.0473633 3.8130403 -10.7225056
vt 0.1352872 0.2563067
vn 0.4594468 -0.7485265 0.4781388
v -13.2529240 6.0989947 -9.8290386
vt 0.1987972 0.2766128
vn 0.4594468 -0.7485265 0.4781388
v -14.1525221 6.4068279 -8.4826956
vt 0.1783518 0.3072115
vn 0.4594468 -0.7485265 0.4781388
f 3952/3952/3952 3953/3953/3953 3954/3954/3954
v -14.9191017 3.6269922 -12.2437906
vt 0.1609295 0.2217320
vn 0.4808612 -0.7567268 0.4428738
v -12.2256937 6.0191998 -11.0807228
vt 0.2221433 0.2481654
vn 0.4808612 -0.7567268 0.4428738
v -13.2529240 6.0989947 -9.8290386
vt 0.1987972 0.2766128
vn 0.4808612 -0.7567268 0.4428738
f 3955/3955/3955 3956/3956/3956 3957/3957/3957
v -13.6471605 3.3800042 -13.6471605
vt 0.1898373 0.1898373
vn 0.5941201 -0.7019529 0.3927892
v -11.0807228 6.3475952 -12.2256937
vt 0.2481654 0.2221433
vn 0.5941201 -0.7019529 0.3927892
v -12.2256937 6.0191998 -11.0807228
vt 0.2221433 0.2481654
vn 0.5941201 -0.7019529 0.3927892
f 3958/3958/3958 3959/3959/3959 3960/3960/3960
v -12.2437906 3.6296983 -14.9191017
vt 0.2217320 0.1609295
vn 0.4383840 -0.7203126 0.5375587
v -9.8290386 6.3427663 -13.2529240
vt 0.2766128 0.1987972
vn 0.4383840 -0.7203126 0.5375587
v -11.0807228 6.3475952 -12.2256937
vt 0.2481654 0.2221433
vn 0.4383840 -0.7203126 0.5375587
f 3961/3961/3961 3962/3962/3962 3963/3963/3963
v -10.7225056 3.8123429 -16.0473633
vt 0.2563067 0.1352872
vn 0.2258144 -0.7569417 0.6132268
v -8.4826956 6.0156155 -14.1525221
vt 0.3072115 0.1783518
vn 0.2258144 -0.7569417 0.6132268
v -9.8290386 6.3427663 -13.2529240
vt 0.2766128 0.1987972
vn 0.2258144 -0.7569417 0.6132268
f 3964/3964/3964 3965/3965/3965 3966/3966/3966
v -9.0979567 3.5155833 -17.0210800
vt 0.2932283 0.1131573
vn 0.3515555 -0.7417958 0.5710935
v -7.0546589 6.1047478 -14.9158230
vt 0.3396668 0.1610040
vn 0.3515555 -0.7417958 0.5710935
v -8.4826956 6.0156155 -14.1525221
vt 0.3072115 0.1783518
vn 0.3515555 -0.7417958 0.5710935
f 3967/3967/3967 3968/3968/3968 3969/3969/3969
v -7.3857903 3.4094105 -17.8308754
vt 0.3321411 0.0947528
vn 0.3906370 -0.6975925 0.6006393
v -5.5586824 6.4089303 -15.5354767
vt 0.3736663 0.1469210
vn 0.3906370 -0.6975925 0.6006393
v -7.0546589 6.1047478 -14.9158230
vt 0.3396668 0.1610040
vn 0.3906370 -0.6975925 0.6006393
f 3970/3970/3970 3971/3971/3971 3972/3972/3972
v -5.6024942 3.7335296 -18.4689484
vt 0.3726706 0.0802512
vn 0.1231830 -0.7341481 0.6677220
v -4.0091729 6.2414131 -16.0055161
vt 0.4088824 0.1362383
vn 0.1231830 -0.7341481 0.6677220
v -5.5586824 6.4089303 -15.5354767
vt 0.3736663 0.1469210
vn 0.1231830 -0.7341481 0.6677220
f 3973/3973/3973 3974/3974/3974 3975/3975/3975
v -3.7652433 3.7561805 -18.9291553
vt 0.4144263 0.0697919
vn 0.0036643 -0.7617654 0.6478426
v -2.4210529 5.9803982 -16.3214130
vt 0.4449761 0.1290588
vn 0.0036643 -0.7617654 0.6478426
v -4.0091729 6.2414131 -16.0055161
vt 0.4088824 0.1362383
vn 0.0036643 -0.7617654 0.6478426
f 3976/3976/3976 3977/3977/3977 3978/3978/3978
v -1.8917308 3.4262245 -19.2070656
vt 0.4570061 0.0634758
vn 0.1712155 -0.7219514 0.6704264
v -0.8096166 6.2151756 -16.4801254
vt 0.4815996 0.1254517
vn 0.1712155 -0.7219514 0.6704264
v -2.4210529 5.9803982 -16.3214130
vt 0.4449761 0.1290588
vn 0.1712155 -0.7219514 0.6704264
f 3979/3979/3979 3980/3980/3980 3981/3981/3981
v -0.0000000 3.4885995 -19.2999992
vt 0.5000000 0.0613637
vn 0.0871231 -0.7035492 0.7052858
v 0.8096166 6.4156914 -16.4801254
vt 0.5184004 0.1254517
vn 0.0871231 -0.7035492 0.7052858
v -0.8096166 6.2151756 -16.4801254
vt 0.4815996 0.1254517
vn 0.0871231 -0.7035492 0.7052858
f 3982/3982/3982 3983/3983/3983 3984/3984/3984
v 1.8917308 3.8024821 -19.2070656
vt 0.5429939 0.0634758
vn -0.1952937 -0.7456603 0.6370644
v 2.4210529 6.1292429 -16.3214130
vt 0.5550239 0.1290588
vn -0.1952937 -0.7456603 0.6370644
v 0.8096166 6.4156914 -16.4801254
vt 0.5184004 0.1254517
vn -0.1952937 -0.7456603 0.6370644
f 3985/3985/3985 3986/3986/3986 3987/3987/3987
v 3.7652433 3.6592231 -18.9291553
vt 0.5855737 0.0697919
vn -0.1846959 -0.7592928 0.6239887
v 4.0091729 6.0025420 -16.0055161
vt 0.5911176 0.1362383
vn -0.1846959 -0.7592928 0.6239887
v 2.4210529 6.1292429 -16.3214130
vt 0.5550239 0.1290588
vn -0.1846959 -0.7592928 0.6239887
f 3988/3988/3988 3989/3989/3989 3990/3990/3990
v 5.6024942 3.3822567 -18.4689484
vt 0.6273294 0.0802512
vn -0.0688180 -0.7052337 0.7056270
v 5.5586824 6.3216395 -15.5354767
vt 0.6263337 0.1469210
vn -0.0688180 -0.7052337 0.7056270
v 4.0091729 6.0025420 -16.0055161
vt 0.5911176 0.1362383
vn -0.0688180 -0.7052337 0.7056270
f 3991/3991/3991 3992/3992/3992 3993/3993/3993
v 7.3857903 3.5968871 -17.8308754
vt 0.6678589 0.0947528
vn -0.2488080 -0.7161649 0.6520755
v 7.0546589 6.3661127 -14.9158230
vt 0.6603332 0.1610040
vn -0.2488080 -0.7161649 0.6520755
v 5.5586824 6.3216395 -15.5354767
vt 0.6263337 0.1469210
vn -0.2488080 -0.7161649 0.6520755
f 3994/3994/3994 3995/3995/3995 3996/3996/3996
v 9.0979567 3.8185456 -17.0210800
vt 0.7067717 0.1131573
vn -0.4364699 -0.7547661 0.4897166
v 8.4826956 6.0355549 -14.1525221
vt 0.6927885 0.1783518
vn -0.4364699 -0.7547661 0.4897166
v 7.0546589 6.3661127 -14.9158230
vt 0.6603332 0.1610040
vn -0.4364699 -0.7547661 0.4897166
f 3997/3997/3997 3998/3998/3998 3999/3999/3999
v 10.7225056 3.5467961 -16.0473633
vt 0.7436933 0.1352872
vn -0.3536324 -0.7469410 0.5630481
v 9.8290386 6.0762630 -13.2529240
vt 0.7233872 0.1987972
vn -0.3536324 -0.7469410 0.5630481
v 8.4826956 6.0355549 -14.1525221
vt 0.6927885 0.1783518
vn -0.3536324 -0.7469410 0.5630481
f 4000/4000/4000 4001/4001/4001 4002/4002/4002
v 12.2437906 3.3951645 -14.9191017
vt 0.7782680 0.1609295
vn -0.3393527 -0.6977150 0.6308990
v 11.0807228 6.3963308 -12.2256937
vt 0.7518346 0.2221433
vn -0.3393527 -0.6977150 0.6308990
v 9.8290386 6.0762630 -13.2529240
vt 0.7233872 0.1987972
vn -0.3393527 -0.6977150 0.6308990
f 4003/4003/4003 4004/4004/4004 4005/4005/4005
v 13.6471605 3.7059877 -13.6471605
vt 0.8101627 0.1898373
vn -0.5207076 -0.7303306 0.4421321
v 12.2256937 6.2731447 -11.0807228
vt 0.7778567 0.2481654
vn -0.5207076 -0.7303306 0.4421321
v 11.0807228 6.3963308 -12.2256937
vt 0.7518346 0.2221433
vn -0.5207076 -0.7303306 0.4421321
f 4006/4006/4006 4007/4007/4007 4008/4008/4008
v 14.9191017 3.7775235 -12.2437906
vt 0.8390705 0.2217320
vn -0.5764540 -0.7609296 0.2978039
v 13.2529240 5.9848204 -9.8290386
vt 0.8012028 0.2766128
vn -0.5764540 -0.7609296 0.2978039
v 12.2256937 6.2731447 -11.0807228
vt 0.7778567 0.2481654
vn -0.5764540 -0.7609296 0.2978039
f 4009/4009/4009 4010/4010/4010 4011/4011/4011
v 16.0473633 3.4482665 -10.7225056
vt 0.8647128 0.2563067
vn -0.5161694 -0.7277307 0.4516384
v 14.1525221 6.1823044 -8.4826956
vt 0.8216482 0.3072115
vn -0.5161694 -0.7277307 0.4516384
v 13.2529240 5.9848204 -9.8290386
vt 0.8012028 0.2766128
vn -0.5161694 -0.7277307 0.4516384
f 4012/4012/4012 4013/4013/4013 4014/4014/4014
v 17.0210800 3.4615765 -9.0979567
vt 0.8868427 0.2932283
vn -0.5740015 -0.7009256 0.4233505
v 14.9158230 6.4197392 -7.0546589
vt 0.8389960 0.3396668
vn -0.5740015 -0.7009256 0.4233505
v 14.1525221 6.1823044 -8.4826956
vt 0.8216482 0.3072115
vn -0.5740015 -0.7009256 0.4233505
f 4015/4015/4015 4016/4016/4016 4017/4017/4017
v 17.8308754 3.7874038 -7.3857903
vt 0.9052472 0.3321411
vn -0.6543716 -0.7425964 0.1426477
v 15.5354767 6.1610708 -5.5586824
vt 0.8530790 0.3736663
vn -0.6543716 -0.7425964 0.1426477
v 14.9158230 6.4197392 -7.0546589
vt 0.8389960 0.3396668
vn -0.6543716 -0.7425964 0.1426477
f 4018/4018/4018 4019/4019/4019 4020/4020/4020
v 18.4689484 3.6901317 -5.6024942
vt 0.9197488 0.3726706
vn -0.6393575 -0.7609898 0.1100750
v 16.0055161 5.9902921 -4.0091729
vt 0.8637617 0.4088824
vn -0.6393575 -0.7609898 0.1100750
v 15.5354767 6.1610708 -5.5586824
vt 0.8530790 0.3736663
vn -0.6393575 -0.7609898 0.1100750
f 4021/4021/4021 4022/4022/4022 4023/4023/4023
v 18.9291553 3.3893702 -3.7652433
vt 0.9302081 0.4144263
vn -0.6531389 -0.7093161 0.2651044
v 16.3214130 6.2929683 -2.4210529
vt 0.8709412 0.4449761
vn -0.6531389 -0.7093161 0.2651044
v 16.0055161 5.9902921 -4.0091729
vt 0.8637617 0.4088824
vn -0.6531389 -0.7093161 0.2651044
f 4024/4024/4024 4025/4025/4025 4026/4026/4026
v 19.2070656 3.5641453 -1.8917308
vt 0.9365242 0.4570061
vn -0.6934816 -0.7121347 0.1093048
v 16.4801254 6.3857508 -0.8096166
vt 0.8745483 0.4815996
vn -0.6934816 -0.7121347 0.1093048
v 16.3214130 6.2929683 -2.4210529
vt 0.8709412 0.4449761
vn -0.6934816 -0.7121347 0.1093048
f 4027/4027/4027 4028/4028/4028 4029/4029/4029
v 19.2999992 3.5043955 0.0000000
vt 0.9386363 0.5000000
vn -0.7162008 -0.6978064 0.0110767
v 16.4801254 6.4114537 0.8096166
vt 0.8745483 0.5184004
vn -0.7162008 -0.6978064 0.0110767
v 16.4801254 6.3857508 -0.8096166
vt 0.8745483 0.4815996
vn -0.7162008 -0.6978064 0.0110767
f 4030/4030/4030 4031/4031/4031 4032/4032/4032
v 16.4801254 6.4114537 0.8096166
vt 0.8745483 0.5184004
vn -0.4335673 -0.8773869 -0.2054548
v 16.3214130 6.1125379 2.4210529
vt 0.8709412 0.5550239
vn -0.4335673 -0.8773869 -0.2054548
v 12.6388464 8.2077408 1.2448177
vt 0.7872465 0.5282913
vn -0.4335673 -0.8773869 -0.2054548
f 4033/4033/4033 4034/4034/4034 4035/4035/4035
v 16.3214130 6.1125379 2.4210529
vt 0.8709412 0.5550239
vn -0.5221643 -0.8381922 -0.1574110
v 16.0055161 6.0110846 4.0091729
vt 0.8637617 0.5911176
vn -0.5221643 -0.8381922 -0.1574110
v 12.4559727 8.5099430 2.4776471
vt 0.7830903 0.5563102
vn -0.5221643 -0.8381922 -0.1574110
f 4036/4036/4036 4037/4037/4037 4038/4038/4038
v 16.0055161 6.0110846 4.0091729
vt 0.8637617 0.5911176
vn -0.5182806 -0.8549243 0.0221286
v 15.5354767 6.3361435 5.5586824
vt 0.8530790 0.6263337
vn -0.5182806 -0.8549243 0.0221286
v 12.1531420 8.3381596 3.6866155
vt 0.7762078 0.5837867
vn -0.5182806 -0.8549243 0.0221286
f 4039/4039/4039 4040/4040/4040 4041/4041/4041
v 15.5354767 6.3361435 5.5586824
vt 0.8530790 0.6263337
vn -0.3892107 -0.9087760 -0.1504705
v 14.9158230 6.3538327 7.0546589
vt 0.8389960 0.6603332
vn -0.3892107 -0.9087760 -0.1504705
v 11.7332697 8.0802240 4.8600798
vt 0.7666652 0.6104564
vn -0.3892107 -0.9087760 -0.1504705
f 4042/4042/4042 4043/4043/4043 4044/4044/4044
v 14.9158230 6.3538327 7.0546589
vt 0.8389960 0.6603332
vn -0.3438823 -0.8578788 -0.3818232
v 14.1525221 6.0242152 8.4826956
vt 0.8216482 0.6927885
vn -0.3438823 -0.8578788 -0.3818232
v 11.2004004 8.3184748 5.9867387
vt 0.7545546 0.6360622
vn -0.3438823 -0.8578788 -0.3818232
f 4045/4045/4045 4046/4046/4046 4047/4047/4047
v 14.1525221 6.0242152 8.4826956
vt 0.8216482 0.6927885
vn -0.4722131 -0.8379263 -0.2736685
v 13.2529240 6.0914650 9.8290386
vt 0.8012028 0.7233872
vn -0.4722131 -0.8379263 -0.2736685
v 10.5596638 8.5150156 7.0557418
vt 0.7399924 0.6603578
vn -0.4722131 -0.8379263 -0.2736685
f 4048/4048/4048 4049/4049/4049 4050/4050/4050
v 13.2529240 6.0914650 9.8290386
vt 0.8012028 0.7233872
vn -0.4601912 -0.8733238 -0.1597798
v 12.2256937 6.4037528 11.0807228
vt 0.7778567 0.7518346
vn -0.4601912 -0.8733238 -0.1597798
v 9.8172331 8.2261181 8.0567951
vt 0.7231189 0.6831090
vn -0.4601912 -0.8733238 -0.1597798
f 4051/4051/4051 4052/4052/4052 4053/4053/4053
v 12.2256937 6.4037528 11.0807228
vt 0.7778567 0.7518346
vn -0.2412065 -0.9021851 -0.3576053
v 11.0807228 6.2560301 12.2256937
vt 0.7518346 0.7778567
vn -0.2412065 -0.9021851 -0.3576053
v 8.9802561 8.1040230 8.9802561
vt 0.7040967 0.7040967
vn -0.2412065 -0.9021851 -0.3576053
f 4054/4054/4054 4055/4055/4055 4056/4056/4056
v 11.0807228 6.2560301 12.2256937
vt 0.7518346 0.7778567
vn -0.2163087 -0.8449590 -0.4891368
v 9.8290386 5.9818087 13.2529240
vt 0.7233872 0.8012028
vn -0.2163087 -0.8449590 -0.4891368
v 8.0567951 8.4243822 9.8172331
vt 0.6831090 0.7231189
vn -0.2163087 -0.8449590 -0.4891368
f 4057/4057/4057 4058/4058/4058 4059/4059/4059
v 9.8290386 5.9818087 13.2529240
vt 0.7233872 0.8012028
vn -0.3878331 -0.8414828 -0.3761545
v 8.4826956 6.2001953 14.1525221
vt 0.6927885 0.8216482
vn -0.3878331 -0.8414828 -0.3761545
v 7.0557418 8.4639254 10.5596638
vt 0.6603578 0.7399924
vn -0.3878331 -0.8414828 -0.3761545
f 4060/4060/4060 4061/4061/4061 4062/4062/4062
v 8.4826956 6.2001953 14.1525221
vt 0.6927885 0.8216482
vn -0.3095188 -0.8940701 -0.3237852
v 7.0546589 6.4181409 14.9158230
vt 0.6603332 0.8389960
vn -0.3095188 -0.8940701 -0.3237852
v 5.9867387 8.1333761 11.2004004
vt 0.6360622 0.7545546
vn -0.3095188 -0.8940701 -0.3237852
f 4063/4063/4063 4064/4064/4064 4065/4065/4065
v 7.0546589 6.4181409 14.9158230
vt 0.6603332 0.8389960
vn -0.0313773 -0.8835757 -0.4672359
v 5.5586824 6.1435919 15.5354767
vt 0.6263337 0.8530790
vn -0.0313773 -0.8835757 -0.4672359
v 4.8600798 8.1790123 11.7332697
vt 0.6104564 0.7666652
vn -0.0313773 -0.8835757 -0.4672359
f 4066/4066/4066 4067/4067/4067 4068/4068/4068
v 5.5586824 6.1435919 15.5354767
vt 0.6263337 0.8530790
vn -0.0834312 -0.8389578 -0.5377629
v 4.0091729 5.9963946 16.0055161
vt 0.5911176 0.8637617
vn -0.0834312 -0.8389578 -0.5377629
v 3.6866155 8.4978018 12.1531420
vt 0.5837867 0.7762078
vn -0.0834312 -0.8389578 -0.5377629
f 4069/4069/4069 4070/4070/4070 4071/4071/4071
v 4.0091729 5.9963946 16.0055161
vt 0.5911176 0.8637617
vn -0.2584109 -0.8508471 -0.4574746
v 2.4210529 6.3088746 16.3214130
vt 0.5550239 0.8709412
vn -0.2584109 -0.8508471 -0.4574746
v 2.4776471 8.3700161 12.4559727
vt 0.5563102 0.7830903
vn -0.2584109 -0.8508471 -0.4574746
f 4072/4072/4072 4073/4073/4073 4074/4074/4074
v 2.4210529 6.3088746 16.3214130
vt 0.5550239 0.8709412
vn -0.0781842 -0.9075743 -0.4125484
v 0.8096166 6.3755493 16.4801254
vt 0.5184004 0.8745483
vn -0.0781842 -0.9075743 -0.4125484
v 1.2448177 8.0841560 12.6388464
vt 0.5282913 0.7872465
vn -0.0781842 -0.9075743 -0.4125484
f 4075/4075/4075 4076/4076/4076 4077/4077/4077
v 0.8096166 6.3755493 16.4801254
vt 0.5184004 0.8745483
vn 0.1756968 -0.8629888 -0.4736888
v -0.8096166 6.0458879 16.4801254
vt 0.4815996 0.8745483
vn 0.1756968 -0.8629888 -0.4736888
v 0.0000000 8.2856045 12.6999998
vt 0.5000000 0.7886364
vn 0.1756968 -0.8629888 -0.4736888
f 4078/4078/4078 4079/4079/4079 4080/4080/4080
v -0.8096166 6.0458879 16.4801254
vt 0.4815996 0.8745483
vn 0.0441206 -0.8376514 -0.5444204
v -2.4210529 6.0641637 16.3214130
vt 0.4449761 0.8709412
vn 0.0441206 -0.8376514 -0.5444204
v -1.2448177 8.5195532 12.6388464
vt 0.4717087 0.7872465
vn 0.0441206 -0.8376514 -0.5444204
f 4081/4081/4081 4082/4082/4082 4083/4083/4083
v -2.4210529 6.0641637 16.3214130
vt 0.4449761 0.8709412
vn -0.0798026 -0.8674368 -0.4911061
v -4.0091729 6.3891153 16.0055161
vt 0.4088824 0.8637617
vn -0.0798026 -0.8674368 -0.4911061
v -2.4776471 8.2578192 12.4559727
vt 0.4436898 0.7830903
vn -0.0798026 -0.8674368 -0.4911061
f 4084/4084/4084 4085/4085/4085 4086/4086/4086
v -4.0091729 6.3891153 16.0055161
vt 0.4088824 0.8637617
vn 0.1765394 -0.9057006 -0.3854092
v -5.5586824 6.2871037 15.5354767
vt 0.3736663 0.8530790
vn 0.1765394 -0.9057006 -0.3854092
v -3.6866155 8.0913162 12.1531420
vt 0.4162133 0.7762078
vn 0.1765394 -0.9057006 -0.3854092
f 4087/4087/4087 4088/4088/4088 4089/4089/4089
v -5.5586824 6.2871037 15.5354767
vt 0.3736663 0.8530790
vn 0.3383334 -0.8479180 -0.4081244
v -7.0546589 5.9884391 14.9158230
vt 0.3396668 0.8389960
vn 0.3383334 -0.8479180 -0.4081244
v -4.8600798 8.3959560 11.7332697
vt 0.3895436 0.7666652
vn 0.3383334 -0.8479180 -0.4081244
f 4090/4090/4090 4091/4091/4091 4092/4092/4092
v -7.0546589 5.9884391 14.9158230
vt 0.3396668 0.8389960
vn 0.1701461 -0.8399675 -0.5152716
v -8.4826956 6.1674132 14.1525221
vt 0.3072115 0.8216482
vn 0.1701461 -0.8399675 -0.5152716
v -5.9867387 8.4839573 11.2004004
vt 0.3639378 0.7545546
vn 0.1701461 -0.8399675 -0.5152716
f 4093/4093/4093 4094/4094/4094 4095/4095/4095
v -8.4826956 6.1674132 14.1525221
vt 0.3072115 0.8216482
vn 0.1280270 -0.8883345 -0.4409887
v -9.8290386 6.4199581 13.2529240
vt 0.2766128 0.8012028
vn 0.1280270 -0.8883345 -0.4409887
v -7.0557418 8.1566401 10.5596638
vt 0.3396422 0.7399924
vn 0.1280270 -0.8883345 -0.4409887
f 4096/4096/4096 4097/4097/4097 4098/4098/4098
v -9.8290386 6.4199581 13.2529240
vt 0.2766128 0.8012028
vn 0.3806069 -0.8896216 -0.2524122
v -11.0807228 6.1759057 12.2256937
vt 0.2481654 0.7778567
vn 0.3806069 -0.8896216 -0.2524122
v -8.0567951 8.1529856 9.8172331
vt 0.3168910 0.7231189
vn 0.3806069 -0.8896216 -0.2524122
f 4099/4099/4099 4100/4100/4100 4101/4101/4101
v -11.0807228 6.1759057 12.2256937
vt 0.2481654 0.7778567
vn 0.4467638 -0.8401072 -0.3076068
v -12.2256937 5.9862504 11.0807228
vt 0.2221433 0.7518346
vn 0.4467638 -0.8401072 -0.3076068
v -8.9802561 8.4812441 8.9802561
vt 0.2959033 0.7040967
vn 0.4467638 -0.8401072 -0.3076068
f 4102/4102/4102 4103/4103/4103 4104/4104/4104
v -12.2256937 5.9862504 11.0807228
vt 0.2221433 0.7518346
vn 0.2956974 -0.8474045 -0.4409860
v -13.2529240 6.2791753 9.8290386
vt 0.1987972 0.7233872
vn 0.2956974 -0.8474045 -0.4409860
v -9.8172331 8.4003105 8.0567951
vt 0.2768811 0.6831090
vn 0.2956974 -0.8474045 -0.4409860
f 4105/4105/4105 4106/4106/4106 4107/4107/4107
v -13.2529240 6.2791753 9.8290386
vt 0.1987972 0.7233872
vn 0.3142354 -0.9050152 -0.2867118
v -14.1525221 6.3933468 8.4826956
vt 0.1783518 0.6927885
vn 0.3142354 -0.9050152 -0.2867118
v -10.5596638 8.0929070 7.0557418
vt 0.2600076 0.6603578
vn 0.3142354 -0.9050152 -0.2867118
f 4108/4108/4108 4109/4109/4109 4110/4110/4110
v -14.1525221 6.3933468 8.4826956
vt 0.1783518 0.6927885
vn 0.4910413 -0.8686020 -0.0664006
v -14.9158230 6.0710015 7.0546589
vt 0.1610040 0.6603332
vn 0.4910413 -0.8686020 -0.0664006
v -11.2004004 8.2530556 5.9867387
vt 0.2454454 0.6360622
vn 0.4910413 -0.8686020 -0.0664006
f 4111/4111/4111 4112/4112/4112 4113/4113/4113
v -14.9158230 6.0710015 7.0546589
vt 0.1610040 0.6603332
vn 0.5105548 -0.8376600 -0.1940606
v -15.5354767 6.0398946 5.5586824
vt 0.1469210 0.6263337
vn 0.5105548 -0.8376600 -0.1940606
v -11.7332697 8.5191898 4.8600798
vt 0.2333348 0.6104564
vn 0.5105548 -0.8376600 -0.1940606
f 4114/4114/4114 4115/4115/4115 4116/4116/4116
v -15.5354767 6.0398946 5.5586824
vt 0.1469210 0.6263337
vn 0.4039894 -0.8619515 -0.3063204
v -16.0055161 6.3702559 4.0091729
vt 0.1362383 0.5911176
vn 0.4039894 -0.8619515 -0.3063204
v -12.1531420 8.2904615 3.6866155
vt 0.2237922 0.5837867
vn 0.4039894 -0.8619515 -0.3063204
f 4117/4117/4117 4118/4118/4118 4119/4119/4119
v -16.0055161 6.3702559 4.0091729
vt 0.1362383 0.5911176
vn 0.4158242 -0.9079672 -0.0518259
v -16.3214130 6.3162322 2.4210529
vt 0.1290588 0.5550239
vn 0.4158242 -0.9079672 -0.0518259
v -12.4559727 8.0832682 2.4776471
vt 0.2169097 0.5563102
vn 0.4158242 -0.9079672 -0.0518259
f 4120/4120/4120 4121/4121/4121 4122/4122/4122
v -16.3214130 6.3162322 2.4210529
vt 0.1290588 0.5550239
vn 0.5111490 -0.8515095 0.1168684
v -16.4801254 5.9997921 0.8096166
vt 0.1254517 0.5184004
vn 0.5111490 -0.8515095 0.1168684
v -12.6388464 8.3653879 1.2448177
vt 0.2127535 0.5282913
vn 0.5111490 -0.8515095 0.1168684
f 4123/4123/4123 4124/4124/4124 4125/4125/4125
v -16.4801254 5.9997921 0.8096166
vt 0.1254517 0.5184004
vn 0.5397719 -0.8388765 -0.0702331
v -16.4801254 6.1353588 -0.8096166
vt 0.1254517 0.4815996
vn 0.5397719 -0.8388765 -0.0702331
v -12.6999998 8.4998827 0.0000000
vt 0.2113636 0.5000000
vn 0.5397719 -0.8388765 -0.0702331
f 4126/4126/4126 4127/4127/4127 4128/4128/4128
v -16.4801254 6.1353588 -0.8096166
vt 0.1254517 0.4815996
vn 0.4579709 -0.8822572 -0.1090177
v -16.3214130 6.4168649 -2.4210529
vt 0.1290588 0.4449761
vn 0.4579709 -0.8822572 -0.1090177
v -12.6388464 8.1831045 -1.2448177
vt 0.2127535 0.4717087
vn 0.4579709 -0.8822572 -0.1090177
f 4129/4129/4129 4130/4130/4130 4131/4131/4131
v -16.3214130 6.4168649 -2.4210529
vt 0.1290588 0.4449761
vn 0.3997106 -0.8952610 0.1968226
v -16.0055161 6.2087574 -4.0091729
vt 0.1362383 0.4088824
vn 0.3997106 -0.8952610 0.1968226
v -12.4559727 8.1302404 -2.4776471
vt 0.2169097 0.4436898
vn 0.3997106 -0.8952610 0.1968226
f 4132/4132/4132 4133/4133/4133 4134/4134/4134
v -16.0055161 6.2087574 -4.0091729
vt 0.1362383 0.4088824
vn 0.4697179 -0.8417030 0.2662729
v -15.5354767 5.9808784 -5.5586824
vt 0.1469210 0.3736663
vn 0.4697179 -0.8417030 0.2662729
v -12.1531420 8.4606409 -3.6866155
vt 0.2237922 0.4162133
vn 0.4697179 -0.8417030 0.2662729
f 4135/4135/4135 4136/4136/4136 4137/4137/4137
v -15.5354767 5.9808784 -5.5586824
vt 0.1469210 0.3736663
vn 0.5309291 -0.8445800 0.0692747
v -14.9158230 6.2477078 -7.0546589
vt 0.1610040 0.3396668
vn 0.5309291 -0.8445800 0.0692747
v -11.7332697 8.4283648 -4.8600798
vt 0.2333348 0.3895436
vn 0.5309291 -0.8445800 0.0692747
f 4138/4138/4138 4139/4139/4139 4140/4140/4140
v -14.9158230 6.2477078 -7.0546589
vt 0.1610040 0.3396668
vn 0.4158157 -0.9012511 0.1218353
v -14.1525221 6.4068279 -8.4826956
vt 0.1783518 0.3072115
vn 0.4158157 -0.9012511 0.1218353
v -11.2004004 8.1062813 -5.9867387
vt 0.2454454 0.3639378
vn 0.4158157 -0.9012511 0.1218353
f 4141/4141/4141 4142/4142/4142 4143/4143/4143
v -14.1525221 6.4068279 -8.4826956
vt 0.1783518 0.3072115
vn 0.2863387 -0.8745851 0.3912941
v -13.2529240 6.0989947 -9.8290386
vt 0.1987972 0.2766128
vn 0.2863387 -0.8745851 0.3912941
v -10.5596638 8.2215548 -7.0557418
vt 0.2600076 0.3396422
vn 0.2863387 -0.8745851 0.3912941
f 4144/4144/4144 4145/4145/4145 4146/4146/4146
v -13.2529240 6.0989947 -9.8290386
vt 0.1987972 0.2766128
vn 0.3944553 -0.8379558 0.3771407
v -12.2256937 6.0191998 -11.0807228
vt 0.2221433 0.2481654
vn 0.3944553 -0.8379558 0.3771407
v -9.8172331 8.5139332 -8.0567951
vt 0.2768811 0.3168910
vn 0.3944553 -0.8379558 0.3771407
f 4147/4147/4147 4148/4148/4148 4149/4149/4149
v -12.2256937 6.0191998 -11.0807228
vt 0.2221433 0.2481654
vn 0.4659446 -0.8569896 0.2201467
v -11.0807228 6.3475952 -12.2256937
vt 0.2481654 0.2221433
vn 0.4659446 -0.8569896 0.2201467
v -8.9802561 8.3233175 -8.9802561
vt 0.2959033 0.2959033
vn 0.4659446 -0.8569896 0.2201467
f 4150/4150/4150 4151/4151/4151 4152/4152/4152
v -11.0807228 6.3475952 -12.2256937
vt 0.2481654 0.2221433
vn 0.2625192 -0.9088501 0.3241531
v -9.8290386 6.3427663 -13.2529240
vt 0.2766128 0.1987972
vn 0.2625192 -0.9088501 0.3241531
v -8.0567951 8.0800581 -9.8172331
vt 0.3168910 0.2768811
vn 0.2625192 -0.9088501 0.3241531
f 4153/4153/4153 4154/4154/4154 4155/4155/4155
v -9.8290386 6.3427663 -13.2529240
vt 0.2766128 0.1987972
vn 0.1271725 -0.8557428 0.5015292
v -8.4826956 6.0156155 -14.1525221
vt 0.3072115 0.1783518
vn 0.1271725 -0.8557428 0.5015292
v -7.0557418 8.3333597 -10.5596638
vt 0.3396422 0.2600076
vn 0.1271725 -0.8557428 0.5015292
f 4156/4156/4156 4157/4157/4157 4158/4158/4158
v -8.4826956 6.0156155 -14.1525221
vt 0.3072115 0.1783518
vn 0.2968861 -0.8381497 0.4575627
v -7.0546589 6.1047478 -14.9158230
vt 0.3396668 0.1610040
vn 0.2968861 -0.8381497 0.4575627
v -5.9867387 8.5113459 -11.2004004
vt 0.3639378 0.2454454
vn 0.2968861 -0.8381497 0.4575627
f 4159/4159/4159 4160/4160/4160 4161/4161/4161
v -7.0546589 6.1047478 -14.9158230
vt 0.3396668 0.1610040
vn 0.3254752 -0.8760960 0.3556990
v -5.5586824 6.4089303 -15.5354767
vt 0.3736663 0.1469210
vn 0.3254752 -0.8760960 0.3556990
v -4.8600798 8.2121792 -11.7332697
vt 0.3895436 0.2333348
vn 0.3254752 -0.8760960 0.3556990
f 4162/4162/4162 4163/4163/4163 4164/4164/4164
v -5.5586824 6.4089303 -15.5354767
vt 0.3736663 0.1469210
vn 0.0343526 -0.9002216 0.4340748
v -4.0091729 6.2414131 -16.0055161
vt 0.4088824 0.1362383
vn 0.0343526 -0.9002216 0.4340748
v -3.6866155 8.1112852 -12.1531420
vt 0.4162133 0.2237922
vn 0.0343526 -0.9002216 0.4340748
f 4165/4165/4165 4166/4166/4166 4167/4167/4167
v -4.0091729 6.2414131 -16.0055161
vt 0.4088824 0.1362383
vn -0.0321316 -0.8438116 0.5356768
v -2.4210529 5.9803982 -16.3214130
vt 0.4449761 0.1290588
vn -0.0321316 -0.8438116 0.5356768
v -2.4776471 8.4364500 -12.4559727
vt 0.4436898 0.2169097
vn -0.0321316 -0.8438116 0.5356768
f 4168/4168/4168 4169/4169/4169 4170/4170/4170
v -2.4210529 5.9803982 -16.3214130
vt 0.4449761 0.1290588
vn 0.1729970 -0.8423316 0.5104406
v -0.8096166 6.2151756 -16.4801254
vt 0.4815996 0.1254517
vn 0.1729970 -0.8423316 0.5104406
v -1.2448177 8.4535532 -12.6388464
vt 0.4717087 0.2127535
vn 0.1729970 -0.8423316 0.5104406
f 4171/4171/4171 4172/4172/4172 4173/4173/4173
v -0.8096166 6.2151756 -16.4801254
vt 0.4815996 0.1254517
vn 0.1110166 -0.8964968 0.4289160
v 0.8096166 6.4156914 -16.4801254
vt 0.5184004 0.1254517
vn 0.1110166 -0.8964968 0.4289160
v -0.0000000 8.1239805 -12.6999998
vt 0.5000000 0.2113636
vn 0.1110166 -0.8964968 0.4289160
f 4174/4174/4174 4175/4175/4175 4176/4176/4176
v 0.8096166 6.4156914 -16.4801254
vt 0.5184004 0.1254517
vn -0.1988924 -0.8807584 0.4297749
v 2.4210529 6.1292429 -16.3214130
vt 0.5550239 0.1290588
vn -0.1988924 -0.8807584 0.4297749
v 1.2448177 8.1918049 -12.6388464
vt 0.5282913 0.2127535
vn -0.1988924 -0.8807584 0.4297749
f 4177/4177/4177 4178/4178/4178 4179/4179/4179
v 2.4210529 6.1292429 -16.3214130
vt 0.5550239 0.1290588
vn -0.1698667 -0.8385649 0.5176430
v 4.0091729 6.0025420 -16.0055161
vt 0.5911176 0.1362383
vn -0.1698667 -0.8385649 0.5176430
v 2.4776471 8.5039005 -12.4559727
vt 0.5563102 0.2169097
vn -0.1698667 -0.8385649 0.5176430
f 4180/4180/4180 4181/4181/4181 4182/4182/4182
v 4.0091729 6.0025420 -16.0055161
vt 0.5911176 0.1362383
vn 0.0171654 -0.8526264 0.5222391
v 5.5586824 6.3216395 -15.5354767
vt 0.6263337 0.1469210
vn 0.0171654 -0.8526264 0.5222391
v 3.6866155 8.3556519 -12.1531420
vt 0.5837867 0.2237922
vn 0.0171654 -0.8526264 0.5222391
f 4183/4183/4183 4184/4184/4184 4185/4185/4185
v 5.5586824 6.3216395 -15.5354767
vt 0.6263337 0.1469210
vn -0.1367539 -0.9082966 0.3953426
v 7.0546589 6.3661127 -14.9158230
vt 0.6603332 0.1610040
vn -0.1367539 -0.9082966 0.3953426
v 4.8600798 8.0817595 -11.7332697
vt 0.6104564 0.2333348
vn -0.1367539 -0.9082966 0.3953426
f 4186/4186/4186 4187/4187/4187 4188/4188/4188
v 7.0546589 6.3661127 -14.9158230
vt 0.6603332 0.1610040
vn -0.3802841 -0.8605917 0.3387712
v 8.4826956 6.0355549 -14.1525221
vt 0.6927885 0.1783518
vn -0.3802841 -0.8605917 0.3387712
v 5.9867387 8.3005857 -11.2004004
vt 0.6360622 0.2454454
vn -0.3802841 -0.8605917 0.3387712
f 4189/4189/4189 4190/4190/4190 4191/4191/4191
v 8.4826956 6.0355549 -14.1525221
vt 0.6927885 0.1783518
vn -0.2856418 -0.8377409 0.4654020
v 9.8290386 6.0762630 -13.2529240
vt 0.7233872 0.1987972
vn -0.2856418 -0.8377409 0.4654020
v 7.0557418 8.5180902 -10.5596638
vt 0.6603578 0.2600076
vn -0.2856418 -0.8377409 0.4654020
f 4192/4192/4192 4193/4193/4193 4194/4194/4194
v 9.8290386 6.0762630 -13.2529240
vt 0.7233872 0.1987972
vn -0.1601027 -0.8700783 0.4661876
v 11.0807228 6.3963308 -12.2256937
vt 0.7518346 0.2221433
vn -0.1601027 -0.8700783 0.4661876
v 8.0567951 8.2432146 -9.8172331
vt 0.6831090 0.2768811
vn -0.1601027 -0.8700783 0.4661876
f 4195/4195/4195 4196/4196/4196 4197/4197/4197
v 11.0807228 6.3963308 -12.2256937
vt 0.7518346 0.2221433
vn -0.3466471 -0.9042428 0.2493606
v 12.2256937 6.2731447 -11.0807228
vt 0.7778567 0.2481654
vn -0.3466471 -0.9042428 0.2493606
v 8.9802561 8.0965433 -8.9802561
vt 0.7040967 0.2959033
vn -0.3466471 -0.9042428 0.2493606
f 4198/4198/4198 4199/4199/4199 4200/4200/4200
v 12.2256937 6.2731447 -11.0807228
vt 0.7778567 0.2481654
vn -0.4903342 -0.8464928 0.2074179
v 13.2529240 5.9848204 -9.8290386
vt 0.8012028 0.2766128
vn -0.4903342 -0.8464928 0.2074179
v 9.8172331 8.4092140 -8.0567951
vt 0.7231189 0.3168910
vn -0.4903342 -0.8464928 0.2074179
f 4201/4201/4201 4202/4202/4202 4203/4203/4203
v 13.2529240 5.9848204 -9.8290386
vt 0.8012028 0.2766128
vn -0.3852704 -0.8406016 0.3807305
v 14.1525221 6.1823044 -8.4826956
vt 0.8216482 0.3072115
vn -0.3852704 -0.8406016 0.3807305
v 10.5596638 8.4753132 -7.0557418
vt 0.7399924 0.3396422
vn -0.3852704 -0.8406016 0.3807305
f 4204/4204/4204 4205/4205/4205 4206/4206/4206
v 14.1525221 6.1823044 -8.4826956
vt 0.8216482 0.3072115
vn -0.3218569 -0.8910065 0.3201806
v 14.9158230 6.4197392 -7.0546589
vt 0.8389960 0.3396668
vn -0.3218569 -0.8910065 0.3201806
v 11.2004004 8.1456099 -5.9867387
vt 0.7545546 0.3639378
vn -0.3218569 -0.8910065 0.3201806
f 4207/4207/4207 4208/4208/4208 4209/4209/4209
v 14.9158230 6.4197392 -7.0546589
vt 0.8389960 0.3396668
vn -0.4604459 -0.8869008 0.0373694
v 15.5354767 6.1610708 -5.5586824
vt 0.8530790 0.3736663
vn -0.4604459 -0.8869008 0.0373694
v 11.7332697 8.1644707 -4.8600798
vt 0.7666652 0.3895436
vn -0.4604459 -0.8869008 0.0373694
f 4210/4210/4210 4211/4211/4211 4212/4212/4212
v 15.5354767 6.1610708 -5.5586824
vt 0.8530790 0.3736663
vn -0.5386675 -0.8395321 0.0708745
v 16.0055161 5.9902921 -4.0091729
vt 0.8637617 0.4088824
vn -0.5386675 -0.8395321 0.0708745
v 12.1531420 8.4893150 -3.6866155
vt 0.7762078 0.4162133
vn -0.5386675 -0.8395321 0.0708745
f 4213/4213/4213 4214/4214/4214 4215/4215/4215
v 16.0055161 5.9902921 -4.0091729
vt 0.8637617 0.4088824
vn -0.4635359 -0.8488949 0.2539921
v 16.3214130 6.2929683 -2.4210529
vt 0.8709412 0.4449761
vn -0.4635359 -0.8488949 0.2539921
v 12.4559727 8.3867445 -2.4776471
vt 0.7830903 0.4436898
vn -0.4635359 -0.8488949 0.2539921
f 4216/4216/4216 4217/4217/4217 4218/4218/4218
v 16.3214130 6.2929683 -2.4210529
vt 0.8709412 0.4449761
vn -0.4122327 -0.9063415 0.0927862
v 16.4801254 6.3857508 -0.8096166
vt 0.8745483 0.4815996
vn -0.4122327 -0.9063415 0.0927862
v 12.6388464 8.0883322 -1.2448177
vt 0.7872465 0.4717087
vn -0.4122327 -0.9063415 0.0927862
f 4219/4219/4219 4220/4220/4220 4221/4221/4221
v 16.4801254 6.3857508 -0.8096166
vt 0.8745483 0.4815996
vn -0.4131588 -0.9105443 0.0144536
v 16.4801254 6.4114537 0.8096166
vt 0.8745483 0.5184004
vn -0.4131588 -0.9105443 0.0144536
v 12.6999998 8.1138315 0.0000000
vt 0.7886364 0.5000000
vn -0.4131588 -0.9105443 0.0144536
f 4222/4222/4222 4223/4223/4223 4224/4224/4224
v 12.6388464 8.2077408 1.2448177
vt 0.7872465 0.5282913
vn -0.3687226 -0.9164361 0.1555266
v 8.4080000 9.9104023 1.2472091
vt 0.6910909 0.5283457
vn -0.3687226 -0.9164361 0.1555266
v 8.4897614 9.7366257 0.4170752
vt 0.6929491 0.5094790
vn -0.3687226 -0.9164361 0.1555266
f 4225/4225/4225 4226/4226/4226 4227/4227/4227
v 12.4559727 8.5099430 2.4776471
vt 0.7830903 0.5563102
vn -0.1999288 -0.9058971 -0.3733349
v 8.2452660 9.6091557 2.0653315
vt 0.6873924 0.5469394
vn -0.1999288 -0.9058971 -0.3733349
v 8.4080000 9.9104023 1.2472091
vt 0.6910909 0.5283457
vn -0.1999288 -0.9058971 -0.3733349
f 4228/4228/4228 4229/4229/4229 4230/4230/4230
v 12.1531420 8.3381596 3.6866155
vt 0.7762078 0.5837867
vn -0.2333674 -0.9544804 -0.1857602
v 8.0031242 9.5130072 2.8635638
vt 0.6818892 0.5650810
vn -0.2333674 -0.9544804 -0.1857602
v 8.2452660 9.6091557 2.0653315
vt 0.6873924 0.5469394
vn -0.2333674 -0.9544804 -0.1857602
f 4231/4231/4231 4232/4232/4232 4233/4233/4233
v 11.7332697 8.0802240 4.8600798
vt 0.7666652 0.6104564
vn -0.4389101 -0.8782678 0.1897462
v 7.6839089 9.8390303 3.6342182
vt 0.6746343 0.5825959
vn -0.4389101 -0.8782678 0.1897462
v 8.0031242 9.5130072 2.8635638
vt 0.6818892 0.5650810
vn -0.4389101 -0.8782678 0.1897462
f 4234/4234/4234 4235/4235/4235 4236/4236/4236
v 11.2004004 8.3184748 5.9867387
vt 0.7545546 0.6360622
vn -0.3070490 -0.9400187 -0.1486131
v 7.2906933 9.8511667 4.3698735
vt 0.6656976 0.5993153
vn -0.3070490 -0.9400187 -0.1486131
v 7.6839089 9.8390303 3.6342182
vt 0.6746343 0.5825959
vn -0.3070490 -0.9400187 -0.1486131
f 4237/4237/4237 4238/4238/4238 4239/4239/4239
v 10.5596638 8.5150156 7.0557418
vt 0.7399924 0.6603578
vn -0.0109383 -0.9005216 -0.4346736
v 6.8272638 9.5220156 5.0634441
vt 0.6551651 0.6150783
vn -0.0109383 -0.9005216 -0.4346736
v 7.2906933 9.8511667 4.3698735
vt 0.6656976 0.5993153
vn -0.0109383 -0.9005216 -0.4346736
f 4240/4240/4240 4241/4241/4241 4242/4242/4242
v 9.8172331 8.2261181 8.0567951
vt 0.7231189 0.6831090
vn -0.2849257 -0.9501346 -0.1267336
v 6.2980847 9.5946980 5.7082510
vt 0.6431383 0.6297330
vn -0.2849257 -0.9501346 -0.1267336
v 6.8272638 9.5220156 5.0634441
vt 0.6551651 0.6150783
vn -0.2849257 -0.9501346 -0.1267336
f 4243/4243/4243 4244/4244/4244 4245/4245/4245
v 8.9802561 8.1040230 8.9802561
vt 0.7040967 0.7040967
vn -0.4748222 -0.8800041 -0.0116887
v 5.7082510 9.9051189 6.2980847
vt 0.6297330 0.6431383
vn -0.4748222 -0.8800041 -0.0116887
v 6.2980847 9.5946980 5.7082510
vt 0.6431383 0.6297330
vn -0.4748222 -0.8800041 -0.0116887
f 4246/4246/4246 4247/4247/4247 4248/4248/4248
v 8.0567951 8.4243822 9.8172331
vt 0.6831090 0.7231189
vn -0.0655456 -0.9346337 -0.3495192
v 5.0634441 9.7524452 6.8272638
vt 0.6150783 0.6551651
vn -0.0655456 -0.9346337 -0.3495192
v 5.7082510 9.9051189 6.2980847
vt 0.6297330 0.6431383
vn -0.0655456 -0.9346337 -0.3495192
f 4249/4249/4249 4250/4250/4250 4251/4251/4251
v 7.0557418 8.4639254 10.5596638
vt 0.6603578 0.7399924
vn 0.1086589 -0.9203390 -0.3757250
v 4.3698735 9.4813662 7.2906933
vt 0.5993153 0.6656976
vn 0.1086589 -0.9203390 -0.3757250
v 5.0634441 9.7524452 6.8272638
vt 0.6150783 0.6551651
vn 0.1086589 -0.9203390 -0.3757250
f 4252/4252/4252 4253/4253/4253 4254/4254/4254
v 5.9867387 8.1333761 11.2004004
vt 0.6360622 0.7545546
vn -0.3652491 -0.9161994 -0.1648382
v 3.6342182 9.7038946 7.6839089
vt 0.5825959 0.6746343
vn -0.3652491 -0.9161994 -0.1648382
v 4.3698735 9.4813662 7.2906933
vt 0.5993153 0.6656976
vn -0.3652491 -0.9161994 -0.1648382
f 4255/4255/4255 4256/4256/4256 4257/4257/4257
v 4.8600798 8.1790123 11.7332697
vt 0.6104564 0.7666652
vn -0.3491937 -0.9068965 -0.2358020
v 2.8635638 9.9176302 8.0031242
vt 0.5650810 0.6818892
vn -0.3491937 -0.9068965 -0.2358020
v 3.6342182 9.7038946 7.6839089
vt 0.5825959 0.6746343
vn -0.3491937 -0.9068965 -0.2358020
f 4258/4258/4258 4259/4259/4259 4260/4260/4260
v 3.6866155 8.4978018 12.1531420
vt 0.5837867 0.7762078
vn 0.2098033 -0.9116058 -0.3534932
v 2.0653315 9.6400242 8.2452660
vt 0.5469394 0.6873924
vn 0.2098033 -0.9116058 -0.3534932
v 2.8635638 9.9176302 8.0031242
vt 0.5650810 0.6818892
vn 0.2098033 -0.9116058 -0.3534932
f 4261/4261/4261 4262/4262/4262 4263/4263/4263
v 2.4776471 8.3700161 12.4559727
vt 0.5563102 0.7830903
vn 0.1059597 -0.9490942 -0.2966358
v 1.2472091 9.4978247 8.4080000
vt 0.5283457 0.6910909
vn 0.1059597 -0.9490942 -0.2966358
v 2.0653315 9.6400242 8.2452660
vt 0.5469394 0.6873924
vn 0.1059597 -0.9490942 -0.2966358
f 4264/4264/4264 4265/4265/4265 4266/4266/4266
v 1.2448177 8.0841560 12.6388464
vt 0.5282913 0.7872465
vn -0.3635454 -0.8834969 -0.2954116
v 0.4170752 9.8120737 8.4897614
vt 0.5094790 0.6929491
vn -0.3635454 -0.8834969 -0.2954116
v 1.2472091 9.4978247 8.4080000
vt 0.5283457 0.6910909
vn -0.3635454 -0.8834969 -0.2954116
f 4267/4267/4267 4268/4268/4268 4269/4269/4269
v 0.0000000 8.2856045 12.6999998
vt 0.5000000 0.7886364
vn -0.0686741 -0.9356989 -0.3460512
v -0.4170752 9.8732948 8.4897614
vt 0.4905210 0.6929491
vn -0.0686741 -0.9356989 -0.3460512
v 0.4170752 9.8120737 8.4897614
vt 0.5094790 0.6929491
vn -0.0686741 -0.9356989 -0.3460512
f 4270/4270/4270 4271/4271/4271 4272/4272/4272
v -1.2448177 8.5195532 12.6388464
vt 0.4717087 0.7872465
vn 0.3790119 -0.8993877 -0.2178346
v -1.2472091 9.5432701 8.4080000
vt 0.4716543 0.6910909
vn 0.3790119 -0.8993877 -0.2178346
v -0.4170752 9.8732948 8.4897614
vt 0.4905210 0.6929491
vn 0.3790119 -0.8993877 -0.2178346
f 4273/4273/4273 4274/4274/4274 4275/4275/4275
v -2.4776471 8.2578192 12.4559727
vt 0.4436898 0.7830903
vn 0.0306702 -0.9553018 -0.2940375
v -2.0653315 9.5670929 8.2452660
vt 0.4530606 0.6873924
vn 0.0306702 -0.9553018 -0.2940375
v -1.2472091 9.5432701 8.4080000
vt 0.4716543 0.6910909
vn 0.0306702 -0.9553018 -0.2940375
f 4276/4276/4276 4277/4277/4277 4278/4278/4278
v -3.6866155 8.0913162 12.1531420
vt 0.4162133 0.7762078
vn -0.2266672 -0.8763598 -0.4249888
v -2.8635638 9.8909788 8.0031242
vt 0.4349190 0.6818892
vn -0.2266672 -0.8763598 -0.4249888
v -2.0653315 9.5670929 8.2452660
vt 0.4530606 0.6873924
vn -0.2266672 -0.8763598 -0.4249888
f 4279/4279/4279 4280/4280/4280 4281/4281/4281
v -4.8600798 8.3959560 11.7332697
vt 0.3895436 0.7666652
vn 0.2346384 -0.9391654 -0.2508251
v -3.6342182 9.7836943 7.6839089
vt 0.4174041 0.6746343
vn 0.2346384 -0.9391654 -0.2508251
v -2.8635638 9.8909788 8.0031242
vt 0.4349190 0.6818892
vn 0.2346384 -0.9391654 -0.2508251
f 4282/4282/4282 4283/4283/4283 4284/4284/4284
v -5.9867387 8.4839573 11.2004004
vt 0.3639378 0.7545546
vn 0.4034631 -0.9125130 -0.0673602
v -4.3698735 9.4874544 7.2906933
vt 0.4006847 0.6656976
vn 0.4034631 -0.9125130 -0.0673602
v -3.6342182 9.7836943 7.6839089
vt 0.4174041 0.6746343
vn 0.4034631 -0.9125130 -0.0673602
f 4285/4285/4285 4286/4286/4286 4287/4287/4287
v -7.0557418 8.1566401 10.5596638
vt 0.3396422 0.7399924
vn 0.0043526 -0.9274253 -0.3739833
v -5.0634441 9.6710768 6.8272638
vt 0.3849217 0.6551651
vn 0.0043526 -0.9274253 -0.3739833
v -4.3698735 9.4874544 7.2906933
vt 0.4006847 0.6656976
vn 0.0043526 -0.9274253 -0.3739833
f 4288/4288/4288 4289/4289/4289 4290/4290/4290
v -8.0567951 8.1529856 9.8172331
vt 0.3168910 0.7231189
vn 0.0150973 -0.8975725 -0.4406083
v -5.7082510 9.9199991 6.2980847
vt 0.3702670 0.6431383
vn 0.0150973 -0.8975725 -0.4406083
v -5.0634441 9.6710768 6.8272638
vt 0.3849217 0.6551651
vn 0.0150973 -0.8975725 -0.4406083
f 4291/4291/4291 4292/4292/4292 4293/4293/4293
v -8.9802561 8.4812441 8.9802561
vt 0.2959033 0.7040967
vn 0.3956767 -0.9183363 -0.0099190
v -6.2980847 9.6722326 5.7082510
vt 0.3568617 0.6297330
vn 0.3956767 -0.9183363 -0.0099190
v -5.7082510 9.9199991 6.2980847
vt 0.3702670 0.6431383
vn 0.3956767 -0.9183363 -0.0099190
f 4294/4294/4294 4295/4295/4295 4296/4296/4296
v -9.8172331 8.4003105 8.0567951
vt 0.2768811 0.6831090
vn 0.3364565 -0.9416809 -0.0058352
v -6.8272638 9.4871559 5.0634441
vt 0.3448349 0.6150783
vn 0.3364565 -0.9416809 -0.0058352
v -6.2980847 9.6722326 5.7082510
vt 0.3568617 0.6297330
vn 0.3364565 -0.9416809 -0.0058352
f 4297/4297/4297 4298/4298/4298 4299/4299/4299
v -10.5596638 8.0929070 7.0557418
vt 0.2600076 0.6603578
vn 0.0959949 -0.8910139 -0.4437107
v -7.2906933 9.7826147 4.3698735
vt 0.3343024 0.5993153
vn 0.0959949 -0.8910139 -0.4437107
v -6.8272638 9.4871559 5.0634441
vt 0.3448349 0.6150783
vn 0.0959949 -0.8910139 -0.4437107
f 4300/4300/4300 4301/4301/4301 4302/4302/4302
v -11.2004004 8.2530556 5.9867387
vt 0.2454454 0.6360622
vn 0.2510652 -0.9290345 -0.2717739
v -7.6839089 9.8915548 3.6342182
vt 0.3253657 0.5825959
vn 0.2510652 -0.9290345 -0.2717739
v -7.2906933 9.7826147 4.3698735
vt 0.3343024 0.5993153
vn 0.2510652 -0.9290345 -0.2717739
f 4303/4303/4303 4304/4304/4304 4305/4305/4305
v -11.7332697 8.5191898 4.8600798
vt 0.2333348 0.6104564
vn 0.3728887 -0.9005316 0.2235999
v -8.0031242 9.5680237 2.8635638
vt 0.3181108 0.5650810
vn 0.3728887 -0.9005316 0.2235999
v -7.6839089 9.8915548 3.6342182
vt 0.3253657 0.5825959
vn 0.3728887 -0.9005316 0.2235999
f 4306/4306/4306 4307/4307/4307 4308/4308/4308
v -12.1531420 8.2904615 3.6866155
vt 0.2237922 0.5837867
vn 0.2837152 -0.9573070 -0.0553987
v -8.2452660 9.5424538 2.0653315
vt 0.3126076 0.5469394
vn 0.2837152 -0.9573070 -0.0553987
v -8.0031242 9.5680237 2.8635638
vt 0.3181108 0.5650810
vn 0.2837152 -0.9573070 -0.0553987
f 4309/4309/4309 4310/4310/4310 4311/4311/4311
v -12.4559727 8.0832682 2.4776471
vt 0.2169097 0.5563102
vn 0.2635858 -0.8752242 -0.4055925
v -8.4080000 9.8725748 1.2472091
vt 0.3089091 0.5283457
vn 0.2635858 -0.8752242 -0.4055925
v -8.2452660 9.5424538 2.0653315
vt 0.3126076 0.5469394
vn 0.2635858 -0.8752242 -0.4055925
f 4312/4312/4312 4313/4313/4313 4314/4314/4314
v -12.6388464 8.3653879 1.2448177
vt 0.2127535 0.5282913
vn 0.3353636 -0.9414588 0.0344484
v -8.4897614 9.8130751 0.4170752
vt 0.3070509 0.5094790
vn 0.3353636 -0.9414588 0.0344484
v -8.4080000 9.8725748 1.2472091
vt 0.3089091 0.5283457
vn 0.3353636 -0.9414588 0.0344484
f 4315/4315/4315 4316/4316/4316 4317/4317/4317
v -12.6999998 8.4998827 0.0000000
vt 0.2113636 0.5000000
vn 0.2487666 -0.9061846 0.3419718
v -8.4897614 9.4982872 -0.4170752
vt 0.3070509 0.4905210
vn 0.2487666 -0.9061846 0.3419718
v -8.4897614 9.8130751 0.4170752
vt 0.3070509 0.5094790
vn 0.2487666 -0.9061846 0.3419718
f 4318/4318/4318 4319/4319/4319 4320/4320/4320
v -12.6388464 8.1831045 -1.2448177
vt 0.2127535 0.4717087
vn 0.3226658 -0.9379408 -0.1270979
v -8.4080000 9.6389036 -1.2472091
vt 0.3089091 0.4716543
vn 0.3226658 -0.9379408 -0.1270979
v -8.4897614 9.4982872 -0.4170752
vt 0.3070509 0.4905210
vn 0.3226658 -0.9379408 -0.1270979
f 4321/4321/4321 4322/4322/4322 4323/4323/4323
v -12.4559727 8.1302404 -2.4776471
vt 0.2169097 0.4436898
vn 0.3992893 -0.8892078 -0.2233328
v -8.2452660 9.9174566 -2.0653315
vt 0.3126076 0.4530606
vn 0.3992893 -0.8892078 -0.2233328
v -8.4080000 9.6389036 -1.2472091
vt 0.3089091 0.4716543
vn 0.3992893 -0.8892078 -0.2233328
f 4324/4324/4324 4325/4325/4325 4326/4326/4326
v -12.1531420 8.4606409 -3.6866155
vt 0.2237922 0.4162133
vn 0.2156779 -0.9253933 0.3116574
v -8.0031242 9.7050600 -2.8635638
vt 0.3181108 0.4349190
vn 0.2156779 -0.9253933 0.3116574
v -8.2452660 9.9174566 -2.0653315
vt 0.3126076 0.4530606
vn 0.2156779 -0.9253933 0.3116574
f 4327/4327/4327 4328/4328/4328 4329/4329/4329
v -11.7332697 8.4283648 -4.8600798
vt 0.2333348 0.3895436
vn 0.1426839 -0.9330995 0.3301010
v -7.6839089 9.4812393 -3.6342182
vt 0.3253657 0.4174041
vn 0.1426839 -0.9330995 0.3301010
v -8.0031242 9.7050600 -2.8635638
vt 0.3181108 0.4349190
vn 0.1426839 -0.9330995 0.3301010
f 4330/4330/4330 4331/4331/4331 4332/4332/4332
v -11.2004004 8.1062813 -5.9867387
vt 0.2454454 0.3639378
vn 0.4222215 -0.9004058 -0.1048740
v -7.2906933 9.7513123 -4.3698735
vt 0.3343024 0.4006847
vn 0.4222215 -0.9004058 -0.1048740
v -7.6839089 9.4812393 -3.6342182
vt 0.3253657 0.4174041
vn 0.4222215 -0.9004058 -0.1048740
f 4333/4333/4333 4334/4334/4334 4335/4335/4335
v -10.5596638 8.2215548 -7.0557418
vt 0.2600076 0.3396422
vn 0.3867177 -0.9206345 0.0536805
v -6.8272638 9.9055376 -5.0634441
vt 0.3448349 0.3849217
vn 0.3867177 -0.9206345 0.0536805
v -7.2906933 9.7513123 -4.3698735
vt 0.3343024 0.4006847
vn 0.3867177 -0.9206345 0.0536805
f 4336/4336/4336 4337/4337/4337 4338/4338/4338
v -9.8172331 8.5139332 -8.0567951
vt 0.2768811 0.3168910
vn -0.0077377 -0.9037926 0.4279008
v -6.2980847 9.5957232 -5.7082510
vt 0.3568617 0.3702670
vn -0.0077377 -0.9037926 0.4279008
v -6.8272638 9.9055376 -5.0634441
vt 0.3448349 0.3849217
vn -0.0077377 -0.9037926 0.4279008
f 4339/4339/4339 4340/4340/4340 4341/4341/4341
v -8.9802561 8.3233175 -8.9802561
vt 0.2959033 0.2959033
vn 0.1380480 -0.9560621 0.2586275
v -5.7082510 9.5213327 -6.2980847
vt 0.3702670 0.3568617
vn 0.1380480 -0.9560621 0.2586275
v -6.2980847 9.5957232 -5.7082510
vt 0.3568617 0.3702670
vn 0.1380480 -0.9560621 0.2586275
f 4342/4342/4342 4343/4343/4343 4344/4344/4344
v -8.0567951 8.0800581 -9.8172331
vt 0.3168910 0.2768811
vn 0.4794126 -0.8767174 0.0391200
v -5.0634441 9.8503180 -6.8272638
vt 0.3849217 0.3448349
vn 0.4794126 -0.8767174 0.0391200
v -5.7082510 9.5213327 -6.2980847
vt 0.3702670 0.3568617
vn 0.4794126 -0.8767174 0.0391200
f 4345/4345/4345 4346/4346/4346 4347/4347/4347
v -7.0557418 8.3333597 -10.5596638
vt 0.3396422 0.2600076
vn 0.1779952 -0.9411018 0.2874806
v -4.3698735 9.8399315 -7.2906933
vt 0.4006847 0.3343024
vn 0.1779952 -0.9411018 0.2874806
v -5.0634441 9.8503180 -6.8272638
vt 0.3849217 0.3448349
vn 0.1779952 -0.9411018 0.2874806
f 4348/4348/4348 4349/4349/4349 4350/4350/4350
v -5.9867387 8.5113459 -11.2004004
vt 0.3639378 0.2454454
vn -0.1934435 -0.9017980 0.3864453
v -3.6342182 9.5136232 -7.6839089
vt 0.4174041 0.3253657
vn -0.1934435 -0.9017980 0.3864453
v -4.3698735 9.8399315 -7.2906933
vt 0.4006847 0.3343024
vn -0.1934435 -0.9017980 0.3864453
f 4351/4351/4351 4352/4352/4352 4353/4353/4353
v -4.8600798 8.2121792 -11.7332697
vt 0.3895436 0.2333348
vn 0.2151415 -0.9468406 0.2391800
v -2.8635638 9.6080952 -8.0031242
vt 0.4349190 0.3181108
vn 0.2151415 -0.9468406 0.2391800
v -3.6342182 9.5136232 -7.6839089
vt 0.4174041 0.3253657
vn 0.2151415 -0.9468406 0.2391800
f 4354/4354/4354 4355/4355/4355 4356/4356/4356
v -3.6866155 8.1112852 -12.1531420
vt 0.4162133 0.2237922
vn 0.4059396 -0.8824295 0.2377629
v -2.0653315 9.9100590 -8.2452660
vt 0.4530606 0.3126076
vn 0.4059396 -0.8824295 0.2377629
v -2.8635638 9.6080952 -8.0031242
vt 0.4349190 0.3181108
vn 0.4059396 -0.8824295 0.2377629
f 4357/4357/4357 4358/4358/4358 4359/4359/4359
v -2.4776471 8.4364500 -12.4559727
vt 0.4436898 0.2169097
vn -0.1288753 -0.9319949 0.3387872
v -1.2472091 9.7377748 -8.4080000
vt 0.4716543 0.3089091
vn -0.1288753 -0.9319949 0.3387872
v -2.0653315 9.9100590 -8.2452660
vt 0.4530606 0.3126076
vn -0.1288753 -0.9319949 0.3387872
f 4360/4360/4360 4361/4361/4361 4362/4362/4362
v -1.2448177 8.4535532 -12.6388464
vt 0.4717087 0.2127535
vn -0.2591504 -0.9242400 0.2803953
v -0.4170752 9.4802065 -8.4897614
vt 0.4905210 0.3070509
vn -0.2591504 -0.9242400 0.2803953
v -1.2472091 9.7377748 -8.4080000
vt 0.4716543 0.3089091
vn -0.2591504 -0.9242400 0.2803953
f 4363/4363/4363 4364/4364/4364 4365/4365/4365
v -0.0000000 8.1239805 -12.6999998
vt 0.5000000 0.2113636
vn 0.2606711 -0.9110939 0.3193094
v 0.4170752 9.7188635 -8.4897614
vt 0.5094790 0.3070509
vn 0.2606711 -0.9110939 0.3193094
v -0.4170752 9.4802065 -8.4897614
vt 0.4905210 0.3070509
vn 0.2606711 -0.9110939 0.3193094
f 4366/4366/4366 4367/4367/4367 4368/4368/4368
v 1.2448177 8.1918049 -12.6388464
vt 0.5282913 0.2127535
vn 0.1786869 -0.9112645 0.3710363
v 1.2472091 9.9149323 -8.4080000
vt 0.5283457 0.3089091
vn 0.1786869 -0.9112645 0.3710363
v 0.4170752 9.7188635 -8.4897614
vt 0.5094790 0.3070509
vn 0.1786869 -0.9112645 0.3710363
f 4369/4369/4369 4370/4370/4370 4371/4371/4371
v 2.4776471 8.5039005 -12.4559727
vt 0.5563102 0.2169097
vn -0.3623547 -0.9088407 0.2066585
v 2.0653315 9.6257505 -8.2452660
vt 0.5469394 0.3126076
vn -0.3623547 -0.9088407 0.2066585
v 1.2472091 9.9149323 -8.4080000
vt 0.5283457 0.3089091
vn -0.3623547 -0.9088407 0.2066585
f 4372/4372/4372 4373/4373/4373 4374/4374/4374
v 3.6866155 8.3556519 -12.1531420
vt 0.5837867 0.2237922
vn -0.2120924 -0.9518472 0.2213678
v 2.8635638 9.5042009 -8.0031242
vt 0.5650810 0.3181108
vn -0.2120924 -0.9518472 0.2213678
v 2.0653315 9.6257505 -8.2452660
vt 0.5469394 0.3126076
vn -0.2120924 -0.9518472 0.2213678
f 4375/4375/4375 4376/4376/4376 4377/4377/4377
v 4.8600798 8.0817595 -11.7332697
vt 0.6104564 0.2333348
vn 0.1859606 -0.8808115 0.4354190
v 3.6342182 9.8247051 -7.6839089
vt 0.5825959 0.3253657
vn 0.1859606 -0.8808115 0.4354190
v 2.8635638 9.5042009 -8.0031242
vt 0.5650810 0.3181108
vn 0.1859606 -0.8808115 0.4354190
f 4378/4378/4378 4379/4379/4379 4380/4380/4380
v 5.9867387 8.3005857 -11.2004004
vt 0.6360622 0.2454454
vn -0.1234749 -0.9379862 0.3239381
v 4.3698735 9.8636637 -7.2906933
vt 0.5993153 0.3343024
vn -0.1234749 -0.9379862 0.3239381
v 3.6342182 9.8247051 -7.6839089
vt 0.5825959 0.3253657
vn -0.1234749 -0.9379862 0.3239381
f 4381/4381/4381 4382/4382/4382 4383/4383/4383
v 7.0557418 8.5180902 -10.5596638
vt 0.6603578 0.2600076
vn -0.4365214 -0.8996186 0.0116440
v 5.0634441 9.5331211 -6.8272638
vt 0.6150783 0.3448349
vn -0.4365214 -0.8996186 0.0116440
v 4.3698735 9.8636637 -7.2906933
vt 0.5993153 0.3343024
vn -0.4365214 -0.8996186 0.0116440
f 4384/4384/4384 4385/4385/4385 4386/4386/4386
v 8.0567951 8.2432146 -9.8172331
vt 0.6831090 0.2768811
vn -0.1477771 -0.9533204 0.2633290
v 5.7082510 9.5793390 -6.2980847
vt 0.6297330 0.3568617
vn -0.1477771 -0.9533204 0.2633290
v 5.0634441 9.5331211 -6.8272638
vt 0.6150783 0.3448349
vn -0.1477771 -0.9533204 0.2633290
f 4387/4387/4387 4388/4388/4388 4389/4389/4389
v 8.9802561 8.0965433 -8.9802561
vt 0.7040967 0.2959033
vn -0.0049921 -0.8777218 0.4791447
v 6.2980847 9.8979721 -5.7082510
vt 0.6431383 0.3702670
vn -0.0049921 -0.8777218 0.4791447
v 5.7082510 9.5793390 -6.2980847
vt 0.6297330 0.3568617
vn -0.0049921 -0.8777218 0.4791447
f 4390/4390/4390 4391/4391/4391 4392/4392/4392
v 9.8172331 8.4092140 -8.0567951
vt 0.7231189 0.3168910
vn -0.3366515 -0.9373436 0.0897370
v 6.8272638 9.7696457 -5.0634441
vt 0.6551651 0.3849217
vn -0.3366515 -0.9373436 0.0897370
v 6.2980847 9.8979721 -5.7082510
vt 0.6431383 0.3702670
vn -0.3366515 -0.9373436 0.0897370
f 4393/4393/4393 4394/4394/4394 4395/4395/4395
v 10.5596638 8.4753132 -7.0557418
vt 0.7399924 0.3396422
vn -0.3825015 -0.9159267 -0.1215357
v 7.2906933 9.4840813 -4.3698735
vt 0.6656976 0.4006847
vn -0.3825015 -0.9159267 -0.1215357
v 6.8272638 9.7696457 -5.0634441
vt 0.6551651 0.3849217
vn -0.3825015 -0.9159267 -0.1215357
f 4396/4396/4396 4397/4397/4397 4398/4398/4398
v 11.2004004 8.1456099 -5.9867387
vt 0.7545546 0.3639378
vn -0.1728586 -0.9223432 0.3455473
v 7.6839089 9.6859941 -3.6342182
vt 0.6746343 0.4174041
vn -0.1728586 -0.9223432 0.3455473
v 7.2906933 9.4840813 -4.3698735
vt 0.6656976 0.4006847
vn -0.1728586 -0.9223432 0.3455473
f 4399/4399/4399 4400/4400/4400 4401/4401/4401
v 11.7332697 8.1644707 -4.8600798
vt 0.7666652 0.3895436
vn -0.2275662 -0.9017445 0.3675194
v 8.0031242 9.9195280 -2.8635638
vt 0.6818892 0.4349190
vn -0.2275662 -0.9017445 0.3675194
v 7.6839089 9.6859941 -3.6342182
vt 0.6746343 0.4174041
vn -0.2275662 -0.9017445 0.3675194
f 4402/4402/4402 4403/4403/4403 4404/4404/4404
v 12.1531420 8.4893150 -3.6866155
vt 0.7762078 0.4162133
vn -0.3537136 -0.9151844 -0.1931947
v 8.2452660 9.6574354 -2.0653315
vt 0.6873924 0.4530606
vn -0.3537136 -0.9151844 -0.1931947
v 8.0031242 9.9195280 -2.8635638
vt 0.6818892 0.4349190
vn -0.3537136 -0.9151844 -0.1931947
f 4405/4405/4405 4406/4406/4406 4407/4407/4407
v 12.4559727 8.3867445 -2.4776471
vt 0.7830903 0.4436898
vn -0.2982278 -0.9452576 -0.1324701
v 8.4080000 9.4914398 -1.2472091
vt 0.6910909 0.4716543
vn -0.2982278 -0.9452576 -0.1324701
v 8.2452660 9.6574354 -2.0653315
vt 0.6873924 0.4530606
vn -0.2982278 -0.9452576 -0.1324701
f 4408/4408/4408 4409/4409/4409 4410/4410/4410
v 12.6388464 8.0883322 -1.2448177
vt 0.7872465 0.4717087
vn -0.2944717 -0.8873274 0.3548752
v 8.4897614 9.7963076 -0.4170752
vt 0.6929491 0.4905210
vn -0.2944717 -0.8873274 0.3548752
v 8.4080000 9.4914398 -1.2472091
vt 0.6910909 0.4716543
vn -0.2944717 -0.8873274 0.3548752
f 4411/4411/4411 4412/4412/4412 4413/4413/4413
v 12.6999998 8.1138315 0.0000000
vt 0.7886364 0.5000000
vn -0.3645790 -0.9287982 -0.0664538
v 8.4897614 9.7366257 0.4170752
vt 0.6929491 0.5094790
vn -0.3645790 -0.9287982 -0.0664538
v 8.4897614 9.7963076 -0.4170752
vt 0.6929491 0.4905210
vn -0.3645790 -0.9287982 -0.0664538
f 4414/4414/4414 4415/4415/4415 4416/4416/4416
v 8.4897614 9.7366257 0.4170752
vt 0.6929491 0.5094790
vn -0.1301015 -0.9729573 0.1908608
v 8.4080000 9.9104023 1.2472091
vt 0.6910909 0.5283457
vn -0.1301015 -0.9729573 0.1908608
v 4.1797757 10.3118868 0.4116720
vt 0.5949949 0.5093562
vn -0.1301015 -0.9729573 0.1908608
f 4417/4417/4417 4418/4418/4418 4419/4419/4419
v 8.4080000 9.9104023 1.2472091
vt 0.6910909 0.5283457
vn -0.0730554 -0.9310983 -0.3573779
v 8.2452660 9.6091557 2.0653315
vt 0.6873924 0.5469394
vn -0.0730554 -0.9310983 -0.3573779
v 4.1192980 10.4111118 0.8193793
vt 0.5936204 0.5186223
vn -0.0730554 -0.9310983 -0.3573779
f 4420/4420/4420 4421/4421/4421 4422/4422/4422
v 8.2452660 9.6091557 2.0653315
vt 0.6873924 0.5469394
vn -0.2141330 -0.9599665 -0.1805863
v 8.0031242 9.5130072 2.8635638
vt 0.6818892 0.5650810
vn -0.2141330 -0.9599665 -0.1805863
v 4.0191493 10.7110186 1.2191956
vt 0.5913443 0.5277090
vn -0.2141330 -0.9599665 -0.1805863
f 4423/4423/4423 4424/4424/4424 4425/4425/4425
v 8.0031242 9.5130072 2.8635638
vt 0.6818892 0.5650810
vn -0.3062396 -0.9156181 0.2605011
v 7.6839089 9.8390303 3.6342182
vt 0.6746343 0.5825959
vn -0.3062396 -0.9156181 0.2605011
v 3.8802941 10.5345116 1.6072704
vt 0.5881885 0.5365289
vn -0.3062396 -0.9156181 0.2605011
f 4426/4426/4426 4427/4427/4427 4428/4428/4428
v 7.6839089 9.8390303 3.6342182
vt 0.6746343 0.5825959
vn -0.0957858 -0.9947940 -0.0347870
v 7.2906933 9.8511667 4.3698735
vt 0.6656976 0.5993153
vn -0.0957858 -0.9947940 -0.0347870
v 3.7040694 10.2800884 1.9798663
vt 0.5841834 0.5449970
vn -0.0957858 -0.9947940 -0.0347870
f 4429/4429/4429 4430/4430/4430 4431/4431/4431
v 7.2906933 9.8511667 4.3698735
vt 0.6656976 0.5993153
vn 0.0524191 -0.9152979 -0.3993520
v 6.8272638 9.5220156 5.0634441
vt 0.6551651 0.6150783
vn 0.0524191 -0.9152979 -0.3993520
v 3.4921725 10.5221577 2.3333950
vt 0.5793676 0.5530317
vn 0.0524191 -0.9152979 -0.3993520
f 4432/4432/4432 4433/4433/4433 4434/4434/4434
v 6.8272638 9.5220156 5.0634441
vt 0.6551651 0.6150783
vn -0.2535872 -0.9621651 -0.0996587
v 6.2980847 9.5946980 5.7082510
vt 0.6431383 0.6297330
vn -0.2535872 -0.9621651 -0.0996587
v 3.2466440 10.7142019 2.6644518
vt 0.5737874 0.5605557
vn -0.2535872 -0.9621651 -0.0996587
f 4435/4435/4435 4436/4436/4436 4437/4437/4437
v 6.2980847 9.5946980 5.7082510
vt 0.6431383 0.6297330
vn -0.3468213 -0.9272457 0.1411748
v 5.7082510 9.9051189 6.2980847
vt 0.6297330 0.6431383
vn -0.3468213 -0.9272457 0.1411748
v 2.9698484 10.4226446 2.9698484
vt 0.5674966 0.5674966
vn -0.3468213 -0.9272457 0.1411748
f 4438/4438/4438 4439/4439/4439 4440/4440/4440
v 5.7082510 9.9051189 6.2980847
vt 0.6297330 0.6431383
vn 0.0693765 -0.9778291 -0.1975784
v 5.0634441 9.7524452 6.8272638
vt 0.6150783 0.6551651
vn 0.0693765 -0.9778291 -0.1975784
v 2.6644518 10.3057318 3.2466440
vt 0.5605557 0.5737874
vn 0.0693765 -0.9778291 -0.1975784
f 4441/4441/4441 4442/4442/4442 4443/4443/4443
v 5.0634441 9.7524452 6.8272638
vt 0.6150783 0.6551651
vn 0.1293088 -0.9280370 -0.3493231
v 4.3698735 9.4813662 7.2906933
vt 0.5993153 0.6656976
vn 0.1293088 -0.9280370 -0.3493231
v 2.3333950 10.6274157 3.4921725
vt 0.5530317 0.5793676
vn 0.1293088 -0.9280370 -0.3493231
f 4444/4444/4444 4445/4445/4445 4446/4446/4446
v 4.3698735 9.4813662 7.2906933
vt 0.5993153 0.6656976
vn -0.3313375 -0.9393733 -0.0882797
v 3.6342182 9.7038946 7.6839089
vt 0.5825959 0.6746343
vn -0.3313375 -0.9393733 -0.0882797
v 1.9798663 10.6614351 3.7040694
vt 0.5449970 0.5841834
vn -0.3313375 -0.9393733 -0.0882797
f 4447/4447/4447 4448/4448/4448 4449/4449/4449
v 3.6342182 9.7038946 7.6839089
vt 0.5825959 0.6746343
vn -0.2724015 -0.9620897 -0.0134537
v 2.8635638 9.9176302 8.0031242
vt 0.5650810 0.6818892
vn -0.2724015 -0.9620897 -0.0134537
v 1.6072704 10.3309841 3.8802941
vt 0.5365289 0.5881885
vn -0.2724015 -0.9620897 -0.0134537
f 4450/4450/4450 4451/4451/4451 4452/4452/4452
v 2.8635638 9.9176302 8.0031242
vt 0.5650810 0.6818892
vn 0.2611257 -0.9404984 -0.2174306
v 2.0653315 9.6400242 8.2452660
vt 0.5469394 0.6873924
vn 0.2611257 -0.9404984 -0.2174306
v 1.2191956 10.3821192 4.0191493
vt 0.5277090 0.5913443
vn 0.2611257 -0.9404984 -0.2174306
f 4453/4453/4453 4454/4454/4454 4455/4455/4455
v 2.0653315 9.6400242 8.2452660
vt 0.5469394 0.6873924
vn 0.1104720 -0.9541101 -0.2783339
v 1.2472091 9.4978247 8.4080000
vt 0.5283457 0.6910909
vn 0.1104720 -0.9541101 -0.2783339
v 0.8193793 10.6993923 4.1192980
vt 0.5186223 0.5936204
vn 0.1104720 -0.9541101 -0.2783339
f 4456/4456/4456 4457/4457/4457 4458/4458/4458
v 1.2472091 9.4978247 8.4080000
vt 0.5283457 0.6910909
vn -0.3632236 -0.9178256 -0.1602021
v 0.4170752 9.8120737 8.4897614
vt 0.5094790 0.6929491
vn -0.3632236 -0.9178256 -0.1602021
v 0.4116720 10.5664997 4.1797757
vt 0.5093562 0.5949949
vn -0.3632236 -0.9178256 -0.1602021
f 4459/4459/4459 4460/4460/4460 4461/4461/4461
v 0.4170752 9.8120737 8.4897614
vt 0.5094790 0.6929491
vn -0.0728152 -0.9921216 -0.1019437
v -0.4170752 9.8732948 8.4897614
vt 0.4905210 0.6929491
vn -0.0728152 -0.9921216 -0.1019437
v 0.0000000 10.2834711 4.1999998
vt 0.5000000 0.5954545
vn -0.0728152 -0.9921216 -0.1019437
f 4462/4462/4462 4463/4463/4463 4464/4464/4464
v -0.4170752 9.8732948 8.4897614
vt 0.4905210 0.6929491
vn 0.3773474 -0.9168218 -0.1305631
v -1.2472091 9.5432701 8.4080000
vt 0.4716543 0.6910909
vn 0.3773474 -0.9168218 -0.1305631
v -0.4116720 10.4892969 4.1797757
vt 0.4906438 0.5949949
vn 0.3773474 -0.9168218 -0.1305631
f 4465/4465/4465 4466/4466/4466 4467/4467/4467
v -1.2472091 9.5432701 8.4080000
vt 0.4716543 0.6910909
vn 0.0240512 -0.9647296 -0.2621419
v -2.0653315 9.5670929 8.2452660
vt 0.4530606 0.6873924
vn 0.0240512 -0.9647296 -0.2621419
v -0.8193793 10.7192869 4.1192980
vt 0.4813777 0.5936204
vn 0.0240512 -0.9647296 -0.2621419
f 4468/4468/4468 4469/4469/4469 4470/4470/4470
v -2.0653315 9.5670929 8.2452660
vt 0.4530606 0.6873924
vn -0.2969610 -0.9208326 -0.2527478
v -2.8635638 9.8909788 8.0031242
vt 0.4349190 0.6818892
vn -0.2969610 -0.9208326 -0.2527478
v -1.2191956 10.4541950 4.0191493
vt 0.4722910 0.5913443
vn -0.2969610 -0.9208326 -0.2527478
f 4471/4471/4471 4472/4472/4472 4473/4473/4473
v -2.8635638 9.8909788 8.0031242
vt 0.4349190 0.6818892
vn 0.1572601 -0.9863829 -0.0481478
v -3.6342182 9.7836943 7.6839089
vt 0.4174041 0.6746343
vn 0.1572601 -0.9863829 -0.0481478
v -1.6072704 10.2925167 3.8802941
vt 0.4634711 0.5881885
vn 0.1572601 -0.9863829 -0.0481478
f 4474/4474/4474 4475/4475/4475 4476/4476/4476
v -3.6342182 9.7836943 7.6839089
vt 0.4174041 0.6746343
vn 0.3863754 -0.9219069 -0.0283141
v -4.3698735 9.4874544 7.2906933
vt 0.4006847 0.6656976
vn 0.3863754 -0.9219069 -0.0283141
v -1.9798663 10.5992718 3.7040694
vt 0.4550030 0.5841834
vn 0.3863754 -0.9219069 -0.0283141
f 4477/4477/4477 4478/4478/4478 4479/4479/4479
v -4.3698735 9.4874544 7.2906933
vt 0.4006847 0.6656976
vn -0.0381059 -0.9472286 -0.3182862
v -5.0634441 9.6710768 6.8272638
vt 0.3849217 0.6551651
vn -0.0381059 -0.9472286 -0.3182862
v -2.3333950 10.6819019 3.4921725
vt 0.4469683 0.5793676
vn -0.0381059 -0.9472286 -0.3182862
f 4480/4480/4480 4481/4481/4481 4482/4482/4482
v -5.0634441 9.6710768 6.8272638
vt 0.3849217 0.6551651
vn -0.1408349 -0.9508770 -0.2756783
v -5.7082510 9.9199991 6.2980847
vt 0.3702670 0.6431383
vn -0.1408349 -0.9508770 -0.2756783
v -2.6644518 10.3538542 3.2466440
vt 0.4394443 0.5737874
vn -0.1408349 -0.9508770 -0.2756783
f 4483/4483/4483 4484/4484/4484 4485/4485/4485
v -5.7082510 9.9199991 6.2980847
vt 0.3702670 0.6431383
vn 0.2875278 -0.9511973 0.1120337
v -6.2980847 9.6722326 5.7082510
vt 0.3568617 0.6297330
vn 0.2875278 -0.9511973 0.1120337
v -2.9698484 10.3557577 2.9698484
vt 0.4325034 0.5674966
vn 0.2875278 -0.9511973 0.1120337
f 4486/4486/4486 4487/4487/4487 4488/4488/4488
v -6.2980847 9.6722326 5.7082510
vt 0.3568617 0.6297330
vn 0.3215763 -0.9468510 0.0078607
v -6.8272638 9.4871559 5.0634441
vt 0.3448349 0.6150783
vn 0.3215763 -0.9468510 0.0078607
v -3.2466440 10.6833153 2.6644518
vt 0.4262126 0.5605557
vn 0.3215763 -0.9468510 0.0078607
f 4489/4489/4489 4490/4490/4490 4491/4491/4491
v -6.8272638 9.4871559 5.0634441
vt 0.3448349 0.6150783
vn -0.0094996 -0.9222320 -0.3865203
v -7.2906933 9.7826147 4.3698735
vt 0.3343024 0.5993153
vn -0.0094996 -0.9222320 -0.3865203
v -3.4921725 10.5970039 2.3333950
vt 0.4206324 0.5530317
vn -0.0094996 -0.9222320 -0.3865203
f 4492/4492/4492 4493/4493/4493 4494/4494/4494
v -7.2906933 9.7826147 4.3698735
vt 0.3343024 0.5993153
vn 0.0314545 -0.9861498 -0.1628476
v -7.6839089 9.8915548 3.6342182
vt 0.3253657 0.5825959
vn 0.0314545 -0.9861498 -0.1628476
v -3.7040694 10.2916880 1.9798663
vt 0.4158166 0.5449970
vn 0.0314545 -0.9861498 -0.1628476
f 4495/4495/4495 4496/4496/4496 4497/4497/4497
v -7.6839089 9.8915548 3.6342182
vt 0.3253657 0.5825959
vn 0.2808539 -0.9209082 0.2702763
v -8.0031242 9.5680237 2.8635638
vt 0.3181108 0.5650810
vn 0.2808539 -0.9209082 0.2702763
v -3.8802941 10.4566755 1.6072704
vt 0.4118115 0.5365289
vn 0.2808539 -0.9209082 0.2702763
f 4498/4498/4498 4499/4499/4499 4500/4500/4500
v -8.0031242 9.5680237 2.8635638
vt 0.3181108 0.5650810
vn 0.2591200 -0.9646665 -0.0477021
v -8.2452660 9.5424538 2.0653315
vt 0.3126076 0.5469394
vn 0.2591200 -0.9646665 -0.0477021
v -4.0191493 10.7194757 1.2191956
vt 0.4086557 0.5277090
vn 0.2591200 -0.9646665 -0.0477021
f 4501/4501/4501 4502/4502/4502 4503/4503/4503
v -8.2452660 9.5424538 2.0653315
vt 0.3126076 0.5469394
vn 0.0925604 -0.9168441 -0.3883676
v -8.4080000 9.8725748 1.2472091
vt 0.3089091 0.5283457
vn 0.0925604 -0.9168441 -0.3883676
v -4.1192980 10.4867678 0.8193793
vt 0.4063796 0.5186223
vn 0.0925604 -0.9168441 -0.3883676
f 4504/4504/4504 4505/4505/4505 4506/4506/4506
v -8.4080000 9.8725748 1.2472091
vt 0.3089091 0.5283457
vn 0.1084785 -0.9922601 0.0604359
v -8.4897614 9.8130751 0.4170752
vt 0.3070509 0.5094790
vn 0.1084785 -0.9922601 0.0604359
v -4.1797757 10.2839336 0.4116720
vt 0.4050051 0.5093562
vn 0.1084785 -0.9922601 0.0604359
f 4507/4507/4507 4508/4508/4508 4509/4509/4509
v -8.4897614 9.8130751 0.4170752
vt 0.3070509 0.5094790
vn 0.1953383 -0.9175730 0.3462695
v -8.4897614 9.4982872 -0.4170752
vt 0.3070509 0.4905210
vn 0.1953383 -0.9175730 0.3462695
v -4.1999998 10.5689106 0.0000000
vt 0.4045455 0.5000000
vn 0.1953383 -0.9175730 0.3462695
f 4510/4510/4510 4511/4511/4511 4512/4512/4512
v -8.4897614 9.4982872 -0.4170752
vt 0.3070509 0.4905210
vn 0.2659101 -0.9544300 -0.1354810
v -8.4080000 9.6389036 -1.2472091
vt 0.3089091 0.4716543
vn 0.2659101 -0.9544300 -0.1354810
v -4.1797757 10.6983089 -0.4116720
vt 0.4050051 0.4906438
vn 0.2659101 -0.9544300 -0.1354810
f 4513/4513/4513 4514/4514/4514 4515/4515/4515
v -8.4080000 9.6389036 -1.2472091
vt 0.3089091 0.4716543
vn 0.1906224 -0.9402241 -0.2822090
v -8.2452660 9.9174566 -2.0653315
vt 0.3126076 0.4530606
vn 0.1906224 -0.9402241 -0.2822090
v -4.1192980 10.3799877 -0.8193793
vt 0.4063796 0.4813777
vn 0.1906224 -0.9402241 -0.2822090
f 4516/4516/4516 4517/4517/4517 4518/4518/4518
v -8.2452660 9.9174566 -2.0653315
vt 0.3126076 0.4530606
vn 0.0407955 -0.9624264 0.2684612
v -8.0031242 9.7050600 -2.8635638
vt 0.3181108 0.4349190
vn 0.0407955 -0.9624264 0.2684612
v -4.0191493 10.3326168 -1.2191956
vt 0.4086557 0.4722910
vn 0.0407955 -0.9624264 0.2684612
f 4519/4519/4519 4520/4520/4520 4521/4521/4521
v -8.0031242 9.7050600 -2.8635638
vt 0.3181108 0.4349190
vn 0.1199641 -0.9389726 0.3223959
v -7.6839089 9.4812393 -3.6342182
vt 0.3253657 0.4174041
vn 0.1199641 -0.9389726 0.3223959
v -3.8802941 10.6631451 -1.6072704
vt 0.4118115 0.4634711
vn 0.1199641 -0.9389726 0.3223959
f 4522/4522/4522 4523/4523/4523 4524/4524/4524
v -7.6839089 9.4812393 -3.6342182
vt 0.3253657 0.4174041
vn 0.3342990 -0.9284133 -0.1621516
v -7.2906933 9.7513123 -4.3698735
vt 0.3343024 0.4006847
vn 0.3342990 -0.9284133 -0.1621516
v -3.7040694 10.6253424 -1.9798663
vt 0.4158166 0.4550030
vn 0.3342990 -0.9284133 -0.1621516
f 4525/4525/4525 4526/4526/4526 4527/4527/4527
v -7.2906933 9.7513123 -4.3698735
vt 0.3343024 0.4006847
vn 0.1906237 -0.9775291 -0.0899968
v -6.8272638 9.9055376 -5.0634441
vt 0.3448349 0.3849217
vn 0.1906237 -0.9775291 -0.0899968
v -3.4921725 10.3045559 -2.3333950
vt 0.4206324 0.4469683
vn 0.1906237 -0.9775291 -0.0899968
f 4528/4528/4528 4529/4529/4529 4530/4530/4530
v -6.8272638 9.9055376 -5.0634441
vt 0.3448349 0.3849217
vn -0.1058156 -0.9274129 0.3587594
v -6.2980847 9.5957232 -5.7082510
vt 0.3568617 0.3702670
vn -0.1058156 -0.9274129 0.3587594
v -3.2466440 10.4250212 -2.6644518
vt 0.4262126 0.4394443
vn -0.1058156 -0.9274129 0.3587594
f 4531/4531/4531 4532/4532/4532 4533/4533/4533
v -6.2980847 9.5957232 -5.7082510
vt 0.3568617 0.3702670
vn 0.1226807 -0.9619824 0.2440068
v -5.7082510 9.5213327 -6.2980847
vt 0.3702670 0.3568617
vn 0.1226807 -0.9619824 0.2440068
v -2.9698484 10.7147655 -2.9698484
vt 0.4325034 0.4325034
vn 0.1226807 -0.9619824 0.2440068
f 4534/4534/4534 4535/4535/4535 4536/4536/4536
v -5.7082510 9.5213327 -6.2980847
vt 0.3702670 0.3568617
vn 0.3919646 -0.9154192 -0.0914963
v -5.0634441 9.8503180 -6.8272638
vt 0.3849217 0.3448349
vn 0.3919646 -0.9154192 -0.0914963
v -2.6644518 10.5196362 -3.2466440
vt 0.4394443 0.4262126
vn 0.3919646 -0.9154192 -0.0914963
f 4537/4537/4537 4538/4538/4538 4539/4539/4539
v -5.0634441 9.8503180 -6.8272638
vt 0.3849217 0.3448349
vn 0.0457523 -0.9948205 0.0907692
v -4.3698735 9.8399315 -7.2906933
vt 0.4006847 0.3343024
vn 0.0457523 -0.9948205 0.0907692
v -2.3333950 10.2801743 -3.4921725
vt 0.4469683 0.4206324
vn 0.0457523 -0.9948205 0.0907692
f 4540/4540/4540 4541/4541/4541 4542/4542/4542
v -4.3698735 9.8399315 -7.2906933
vt 0.4006847 0.3343024
vn -0.2292894 -0.9154532 0.3307141
v -3.6342182 9.5136232 -7.6839089
vt 0.4174041 0.3253657
vn -0.2292894 -0.9154532 0.3307141
v -1.9798663 10.5370111 -3.7040694
vt 0.4550030 0.4158166
vn -0.2292894 -0.9154532 0.3307141
f 4543/4543/4543 4544/4544/4544 4545/4545/4545
v -3.6342182 9.5136232 -7.6839089
vt 0.4174041 0.3253657
vn 0.1989271 -0.9601979 0.1960819
v -2.8635638 9.6080952 -8.0031242
vt 0.4349190 0.3181108
vn 0.1989271 -0.9601979 0.1960819
v -1.6072704 10.7102880 -3.8802941
vt 0.4634711 0.4118115
vn 0.1989271 -0.9601979 0.1960819
f 4546/4546/4546 4547/4547/4547 4548/4548/4548
v -2.8635638 9.6080952 -8.0031242
vt 0.4349190 0.3181108
vn 0.3634023 -0.9308934 0.0370996
v -2.0653315 9.9100590 -8.2452660
vt 0.4530606 0.3126076
vn 0.3634023 -0.9308934 0.0370996
v -1.2191956 10.4088001 -4.0191493
vt 0.4722910 0.4086557
vn 0.3634023 -0.9308934 0.0370996
f 4549/4549/4549 4550/4550/4550 4551/4551/4551
v -2.0653315 9.9100590 -8.2452660
vt 0.4530606 0.3126076
vn -0.1754990 -0.9732767 0.1480972
v -1.2472091 9.7377748 -8.4080000
vt 0.4716543 0.3089091
vn -0.1754990 -0.9732767 0.1480972
v -0.8193793 10.3132133 -4.1192980
vt 0.4813777 0.4063796
vn -0.1754990 -0.9732767 0.1480972
f 4552/4552/4552 4553/4553/4553 4554/4554/4554
v -1.2472091 9.7377748 -8.4080000
vt 0.4716543 0.3089091
vn -0.2642498 -0.9312772 0.2507887
v -0.4170752 9.4802065 -8.4897614
vt 0.4905210 0.3070509
vn -0.2642498 -0.9312772 0.2507887
v -0.4116720 10.6393328 -4.1797757
vt 0.4906438 0.4050051
vn -0.2642498 -0.9312772 0.2507887
f 4555/4555/4555 4556/4556/4556 4557/4557/4557
v -0.4170752 9.4802065 -8.4897614
vt 0.4905210 0.3070509
vn 0.2677388 -0.9357967 0.2293479
v 0.4170752 9.7188635 -8.4897614
vt 0.5094790 0.3070509
vn 0.2677388 -0.9357967 0.2293479
v -0.0000000 10.6508827 -4.1999998
vt 0.5000000 0.4045455
vn 0.2677388 -0.9357967 0.2293479
f 4558/4558/4558 4559/4559/4559 4560/4560/4560
v 0.4170752 9.7188635 -8.4897614
vt 0.5094790 0.3070509
vn 0.2150769 -0.9671425 0.1355631
v 1.2472091 9.9149323 -8.4080000
vt 0.5283457 0.3089091
vn 0.2150769 -0.9671425 0.1355631
v 0.4116720 10.3217869 -4.1797757
vt 0.5093562 0.4050051
vn 0.2150769 -0.9671425 0.1355631
f 4561/4561/4561 4562/4562/4562 4563/4563/4563
v 1.2472091 9.9149323 -8.4080000
vt 0.5283457 0.3089091
vn -0.3448529 -0.9360143 0.0703828
v 2.0653315 9.6257505 -8.2452660
vt 0.5469394 0.3126076
vn -0.3448529 -0.9360143 0.0703828
v 0.8193793 10.3950415 -4.1192980
vt 0.5186223 0.4063796
vn -0.3448529 -0.9360143 0.0703828
f 4564/4564/4564 4565/4565/4565 4566/4566/4566
v 2.0653315 9.6257505 -8.2452660
vt 0.5469394 0.3126076
vn -0.2072896 -0.9569964 0.2029503
v 2.8635638 9.5042009 -8.0031242
vt 0.5650810 0.3181108
vn -0.2072896 -0.9569964 0.2029503
v 1.2191956 10.7052603 -4.0191493
vt 0.5277090 0.4086557
vn -0.2072896 -0.9569964 0.2029503
f 4567/4567/4567 4568/4568/4568 4569/4569/4569
v 2.8635638 9.5042009 -8.0031242
vt 0.5650810 0.3181108
vn 0.2527764 -0.9165272 0.3099711
v 3.6342182 9.8247051 -7.6839089
vt 0.5825959 0.3253657
vn 0.2527764 -0.9165272 0.3099711
v 1.6072704 10.5520658 -3.8802941
vt 0.5365289 0.4118115
vn 0.2527764 -0.9165272 0.3099711
f 4570/4570/4570 4571/4571/4571 4572/4572/4572
v 3.6342182 9.8247051 -7.6839089
vt 0.5825959 0.3253657
vn -0.0068044 -0.9937758 0.1111903
v 4.3698735 9.8636637 -7.2906933
vt 0.5993153 0.3343024
vn -0.0068044 -0.9937758 0.1111903
v 1.9798663 10.2813234 -3.7040694
vt 0.5449970 0.4158166
vn -0.0068044 -0.9937758 0.1111903
f 4573/4573/4573 4574/4574/4574 4575/4575/4575
v 4.3698735 9.8636637 -7.2906933
vt 0.5993153 0.3343024
vn -0.3973249 -0.9158074 -0.0585644
v 5.0634441 9.5331211 -6.8272638
vt 0.6150783 0.3448349
vn -0.3973249 -0.9158074 -0.0585644
v 2.3333950 10.5042849 -3.4921725
vt 0.5530317 0.4206324
vn -0.3973249 -0.9158074 -0.0585644
f 4576/4576/4576 4577/4577/4577 4578/4578/4578
v 5.0634441 9.5331211 -6.8272638
vt 0.6150783 0.3448349
vn -0.1242584 -0.9638754 0.2355931
v 5.7082510 9.5793390 -6.2980847
vt 0.6297330 0.3568617
vn -0.1242584 -0.9638754 0.2355931
v 2.6644518 10.7175732 -3.2466440
vt 0.5605557 0.4262126
vn -0.1242584 -0.9638754 0.2355931
f 4579/4579/4579 4580/4580/4580 4581/4581/4581
v 5.7082510 9.5793390 -6.2980847
vt 0.6297330 0.3568617
vn 0.1427270 -0.9234686 0.3561385
v 6.2980847 9.8979721 -5.7082510
vt 0.6431383 0.3702670
vn 0.1427270 -0.9234686 0.3561385
v 2.9698484 10.4396486 -2.9698484
vt 0.5674966 0.4325034
vn 0.1427270 -0.9234686 0.3561385
f 4582/4582/4582 4583/4583/4583 4584/4584/4584
v 6.2980847 9.8979721 -5.7082510
vt 0.6431383 0.3702670
vn -0.1781156 -0.9827683 -0.0494102
v 6.8272638 9.7696457 -5.0634441
vt 0.6551651 0.3849217
vn -0.1781156 -0.9827683 -0.0494102
v 3.2466440 10.2979794 -2.6644518
vt 0.5737874 0.4394443
vn -0.1781156 -0.9827683 -0.0494102
f 4585/4585/4585 4586/4586/4586 4587/4587/4587
v 6.8272638 9.7696457 -5.0634441
vt 0.6551651 0.3849217
vn -0.3524408 -0.9245083 -0.1451550
v 7.2906933 9.4840813 -4.3698735
vt 0.6656976 0.4006847
vn -0.3524408 -0.9245083 -0.1451550
v 3.4921725 10.6124096 -2.3333950
vt 0.5793676 0.4469683
vn -0.3524408 -0.9245083 -0.1451550
f 4588/4588/4588 4589/4589/4589 4590/4590/4590
v 7.2906933 9.4840813 -4.3698735
vt 0.6656976 0.4006847
vn -0.1034059 -0.9436815 0.3142807
v 7.6839089 9.6859941 -3.6342182
vt 0.6746343 0.4174041
vn -0.1034059 -0.9436815 0.3142807
v 3.7040694 10.6730537 -1.9798663
vt 0.5841834 0.4550030
vn -0.1034059 -0.9436815 0.3142807
f 4591/4591/4591 4592/4592/4592 4593/4593/4593
v 7.6839089 9.6859941 -3.6342182
vt 0.6746343 0.4174041
vn -0.0088055 -0.9559684 0.2933375
v 8.0031242 9.9195280 -2.8635638
vt 0.6818892 0.4349190
vn -0.0088055 -0.9559684 0.2933375
v 3.8802941 10.3429956 -1.6072704
vt 0.5881885 0.4634711
vn -0.0088055 -0.9559684 0.2933375
f 4594/4594/4594 4595/4595/4595 4596/4596/4596
v 8.0031242 9.9195280 -2.8635638
vt 0.6818892 0.4349190
vn -0.2084981 -0.9462063 -0.2474312
v 8.2452660 9.6574354 -2.0653315
vt 0.6873924 0.4530606
vn -0.2084981 -0.9462063 -0.2474312
v 4.0191493 10.3674040 -1.2191956
vt 0.5913443 0.4722910
vn -0.2084981 -0.9462063 -0.2474312
f 4597/4597/4597 4598/4598/4598 4599/4599/4599
v 8.2452660 9.6574354 -2.0653315
vt 0.6873924 0.4530606
vn -0.2795228 -0.9502842 -0.1372107
v 8.4080000 9.4914398 -1.2472091
vt 0.6910909 0.4716543
vn -0.2795228 -0.9502842 -0.1372107
v 4.1192980 10.6911726 -0.8193793
vt 0.5936204 0.4813777
vn -0.2795228 -0.9502842 -0.1372107
f 4600/4600/4600 4601/4601/4601 4602/4602/4602
v 8.4080000 9.4914398 -1.2472091
vt 0.6910909 0.4716543
vn -0.1675479 -0.9199750 0.3543641
v 8.4897614 9.7963076 -0.4170752
vt 0.6929491 0.4905210
vn -0.1675479 -0.9199750 0.3543641
v 4.1797757 10.5833330 -0.4116720
vt 0.5949949 0.4906438
vn -0.1675479 -0.9199750 0.3543641
f 4603/4603/4603 4604/4604/4604 4605/4605/4605
v 8.4897614 9.7963076 -0.4170752
vt 0.6929491 0.4905210
vn -0.1984715 -0.9776076 -0.0699460
v 8.4897614 9.7366257 0.4170752
vt 0.6929491 0.5094790
vn -0.1984715 -0.9776076 -0.0699460
v 4.1999998 10.6373634 0.0000000
vt 0.5954545 0.5000000
vn -0.1984715 -0.9776076 -0.0699460
f 4606/4606/4606 4607/4607/4607 4608/4608/4608
